patient_id,left or right breast,image view,abnormality type,pathology,image file path,case_type,split,target_label,pathology_class
P_00001,LEFT,CC,mass,MALIGNANT,Mass-Training_P_00001_LEFT_CC/1.3.6.1.4.1.9590.100.1.2.422112722213189649807611434612228974994/1.3.6.1.4.1.9590.100.1.2.342386194811267636608694132590482924515/000000.dcm,mass,train,1,MALIGNANT
P_00001,LEFT,MLO,mass,MALIGNANT,Mass-Training_P_00001_LEFT_MLO/1.3.6.1.4.1.9590.100.1.2.319478999311971442426185353560182990988/1.3.6.1.4.1.9590.100.1.2.359308329312397897125630708681441180834/000000.dcm,mass,train,1,MALIGNANT
P_00004,LEFT,CC,mass,BENIGN,Mass-Training_P_00004_LEFT_CC/1.3.6.1.4.1.9590.100.1.2.347107867812656628709864319310977895697/1.3.6.1.4.1.9590.100.1.2.89180046211022531834352631483669346540/000000.dcm,mass,train,0,BENIGN
P_00004,LEFT,MLO,mass,BENIGN,Mass-Training_P_00004_LEFT_MLO/1.3.6.1.4.1.9590.100.1.2.272600286511817402806912403581910920939/1.3.6.1.4.1.9590.100.1.2.295360926313492745441868049270168300162/000000.dcm,mass,train,0,BENIGN
P_00004,RIGHT,MLO,mass,BENIGN,Mass-Training_P_00004_RIGHT_MLO/1.3.6.1.4.1.9590.100.1.2.174047308712169195014610267031196524486/1.3.6.1.4.1.9590.100.1.2.410524754913057908920631336070876889890/000000.dcm,mass,train,0,BENIGN
P_00009,RIGHT,CC,mass,MALIGNANT,Mass-Training_P_00009_RIGHT_CC/1.3.6.1.4.1.9590.100.1.2.348094436212980762312744999743818171955/1.3.6.1.4.1.9590.100.1.2.392091931911637760938815694332198115839/000000.dcm,mass,train,1,MALIGNANT
P_00009,RIGHT,MLO,mass,MALIGNANT,Mass-Training_P_00009_RIGHT_MLO/1.3.6.1.4.1.9590.100.1.2.255880668112335952601613726063195485525/1.3.6.1.4.1.9590.100.1.2.18553022011298363903753970133853455201/000000.dcm,mass,train,1,MALIGNANT
P_00015,LEFT,MLO,mass,MALIGNANT,Mass-Training_P_00015_LEFT_MLO/1.3.6.1.4.1.9590.100.1.2.401772036413964151122239013710383266724/1.3.6.1.4.1.9590.100.1.2.399831242111800621220027542190666363688/000000.dcm,mass,train,1,MALIGNANT
P_00018,RIGHT,CC,mass,BENIGN,Mass-Training_P_00018_RIGHT_CC/1.3.6.1.4.1.9590.100.1.2.95984463413128864010730858240882618937/1.3.6.1.4.1.9590.100.1.2.353764633213863442442494539840710764601/000000.dcm,mass,train,0,BENIGN
P_00018,RIGHT,MLO,mass,BENIGN,Mass-Training_P_00018_RIGHT_MLO/1.3.6.1.4.1.9590.100.1.2.185380682810337528808354106072261609956/1.3.6.1.4.1.9590.100.1.2.301773695910378556700140939623830965391/000000.dcm,mass,train,0,BENIGN
P_00021,LEFT,CC,mass,BENIGN,Mass-Training_P_00021_LEFT_CC/1.3.6.1.4.1.9590.100.1.2.28401082313831724636545548104024008921/1.3.6.1.4.1.9590.100.1.2.145557498613842583714429986600518227573/000000.dcm,mass,train,0,BENIGN
P_00021,LEFT,MLO,mass,BENIGN,Mass-Training_P_00021_LEFT_MLO/1.3.6.1.4.1.9590.100.1.2.175775778412639397630711440683592723498/1.3.6.1.4.1.9590.100.1.2.369287458813355648611939058220166307923/000000.dcm,mass,train,0,BENIGN
P_00021,RIGHT,CC,mass,BENIGN,Mass-Training_P_00021_RIGHT_CC/1.3.6.1.4.1.9590.100.1.2.114376984313241513706470829062391344750/1.3.6.1.4.1.9590.100.1.2.238517328812179290330581800221092807231/000000.dcm,mass,train,0,BENIGN
P_00021,RIGHT,MLO,mass,BENIGN,Mass-Training_P_00021_RIGHT_MLO/1.3.6.1.4.1.9590.100.1.2.247192178412263055725573019241412748943/1.3.6.1.4.1.9590.100.1.2.84350006812506903321489911520378117746/000000.dcm,mass,train,0,BENIGN
P_00023,RIGHT,CC,mass,MALIGNANT,Mass-Training_P_00023_RIGHT_CC/1.3.6.1.4.1.9590.100.1.2.383240688411966989623682541100021419545/1.3.6.1.4.1.9590.100.1.2.123968816011512951434814084172747879091/000000.dcm,mass,train,1,MALIGNANT
P_00023,RIGHT,MLO,mass,MALIGNANT,Mass-Training_P_00023_RIGHT_MLO/1.3.6.1.4.1.9590.100.1.2.253835565811989178716635253031407528127/1.3.6.1.4.1.9590.100.1.2.417639228911807576813743896492930957214/000000.dcm,mass,train,1,MALIGNANT
P_00026,LEFT,CC,mass,BENIGN,Mass-Training_P_00026_LEFT_CC/1.3.6.1.4.1.9590.100.1.2.212307922712861102735895215443855797290/1.3.6.1.4.1.9590.100.1.2.309084608411015532140916069362205656297/000000.dcm,mass,train,0,BENIGN
P_00026,LEFT,MLO,mass,BENIGN,Mass-Training_P_00026_LEFT_MLO/1.3.6.1.4.1.9590.100.1.2.424095517511151239437277979244276078886/1.3.6.1.4.1.9590.100.1.2.108774078613788646228188307731057957441/000000.dcm,mass,train,0,BENIGN
P_00027,RIGHT,CC,mass,BENIGN,Mass-Training_P_00027_RIGHT_CC/1.3.6.1.4.1.9590.100.1.2.398259406213015625341502947160023759553/1.3.6.1.4.1.9590.100.1.2.110121844111380389421997802543666595081/000000.dcm,mass,train,0,BENIGN
P_00027,RIGHT,MLO,mass,BENIGN,Mass-Training_P_00027_RIGHT_MLO/1.3.6.1.4.1.9590.100.1.2.296355720010444458240688206571254562597/1.3.6.1.4.1.9590.100.1.2.22246302512974851218714489803754405447/000000.dcm,mass,train,0,BENIGN
P_00034,RIGHT,CC,mass,MALIGNANT,Mass-Training_P_00034_RIGHT_CC/1.3.6.1.4.1.9590.100.1.2.209340321012438329726967707290139732405/1.3.6.1.4.1.9590.100.1.2.222964872412147464212566329811281296906/000000.dcm,mass,train,1,MALIGNANT
P_00034,RIGHT,MLO,mass,MALIGNANT,Mass-Training_P_00034_RIGHT_MLO/1.3.6.1.4.1.9590.100.1.2.371560733812438197903016431563920061638/1.3.6.1.4.1.9590.100.1.2.369255064712196304011941917441138397637/000000.dcm,mass,train,1,MALIGNANT
P_00039,RIGHT,CC,mass,MALIGNANT,Mass-Training_P_00039_RIGHT_CC/1.3.6.1.4.1.9590.100.1.2.207543222610302170221448482624244889888/1.3.6.1.4.1.9590.100.1.2.19837517612718253003962722834096769392/000000.dcm,mass,train,1,MALIGNANT
P_00039,RIGHT,MLO,mass,MALIGNANT,Mass-Training_P_00039_RIGHT_MLO/1.3.6.1.4.1.9590.100.1.2.355151815812079432001389047390422934862/1.3.6.1.4.1.9590.100.1.2.71857658212153789806692143780711049660/000000.dcm,mass,train,1,MALIGNANT
P_00041,LEFT,CC,mass,BENIGN_WITHOUT_CALLBACK,Mass-Training_P_00041_LEFT_CC/1.3.6.1.4.1.9590.100.1.2.310509292211907024228798844362626397976/1.3.6.1.4.1.9590.100.1.2.345718135710333764616119469392727175992/000000.dcm,mass,train,0,BENIGN
P_00041,LEFT,MLO,mass,BENIGN_WITHOUT_CALLBACK,Mass-Training_P_00041_LEFT_MLO/1.3.6.1.4.1.9590.100.1.2.295754293612033016024021766492711886875/1.3.6.1.4.1.9590.100.1.2.225312674712404832441253979110135741852/000000.dcm,mass,train,0,BENIGN
P_00044,RIGHT,CC,mass,BENIGN,Mass-Training_P_00044_RIGHT_CC/1.3.6.1.4.1.9590.100.1.2.177916736710819203641726729123499779148/1.3.6.1.4.1.9590.100.1.2.101999469712679926627011488331183444331/000000.dcm,mass,train,0,BENIGN
P_00044,RIGHT,CC,mass,BENIGN,Mass-Training_P_00044_RIGHT_CC/1.3.6.1.4.1.9590.100.1.2.177916736710819203641726729123499779148/1.3.6.1.4.1.9590.100.1.2.101999469712679926627011488331183444331/000000.dcm,mass,train,0,BENIGN
P_00044,RIGHT,CC,mass,BENIGN,Mass-Training_P_00044_RIGHT_CC/1.3.6.1.4.1.9590.100.1.2.177916736710819203641726729123499779148/1.3.6.1.4.1.9590.100.1.2.101999469712679926627011488331183444331/000000.dcm,mass,train,0,BENIGN
P_00044,RIGHT,CC,mass,BENIGN,Mass-Training_P_00044_RIGHT_CC/1.3.6.1.4.1.9590.100.1.2.177916736710819203641726729123499779148/1.3.6.1.4.1.9590.100.1.2.101999469712679926627011488331183444331/000000.dcm,mass,train,0,BENIGN
P_00044,RIGHT,MLO,mass,BENIGN,Mass-Training_P_00044_RIGHT_MLO/1.3.6.1.4.1.9590.100.1.2.274192875013809146620053408232266702892/1.3.6.1.4.1.9590.100.1.2.126931471711950064228802134232479763588/000000.dcm,mass,train,0,BENIGN
P_00044,RIGHT,MLO,mass,BENIGN,Mass-Training_P_00044_RIGHT_MLO/1.3.6.1.4.1.9590.100.1.2.274192875013809146620053408232266702892/1.3.6.1.4.1.9590.100.1.2.126931471711950064228802134232479763588/000000.dcm,mass,train,0,BENIGN
P_00045,LEFT,CC,mass,MALIGNANT,Mass-Training_P_00045_LEFT_CC/1.3.6.1.4.1.9590.100.1.2.321246494411068039516840826013619823834/1.3.6.1.4.1.9590.100.1.2.42762912711049730303427014573334305742/000000.dcm,mass,train,1,MALIGNANT
P_00045,LEFT,MLO,mass,MALIGNANT,Mass-Training_P_00045_LEFT_MLO/1.3.6.1.4.1.9590.100.1.2.137525764012966107504287371992570353399/1.3.6.1.4.1.9590.100.1.2.94401286311079940637575354234176510341/000000.dcm,mass,train,1,MALIGNANT
P_00046,RIGHT,MLO,mass,MALIGNANT,Mass-Training_P_00046_RIGHT_MLO/1.3.6.1.4.1.9590.100.1.2.115265164011229802412221495132178688724/1.3.6.1.4.1.9590.100.1.2.171816063911475350035467296003818227479/000000.dcm,mass,train,1,MALIGNANT
P_00051,LEFT,CC,mass,MALIGNANT,Mass-Training_P_00051_LEFT_CC/1.3.6.1.4.1.9590.100.1.2.299274068813474189135145752361480593090/1.3.6.1.4.1.9590.100.1.2.24049862710563375227171012253250062296/000000.dcm,mass,train,1,MALIGNANT
P_00051,LEFT,MLO,mass,MALIGNANT,Mass-Training_P_00051_LEFT_MLO/1.3.6.1.4.1.9590.100.1.2.85022970713740038318533858560288835388/1.3.6.1.4.1.9590.100.1.2.126303723213704792631423033741356404692/000000.dcm,mass,train,1,MALIGNANT
P_00054,RIGHT,MLO,mass,BENIGN_WITHOUT_CALLBACK,Mass-Training_P_00054_RIGHT_MLO/1.3.6.1.4.1.9590.100.1.2.282675382511156551206326340301993702184/1.3.6.1.4.1.9590.100.1.2.71142001913594554509299523963960662855/000000.dcm,mass,train,0,BENIGN
P_00055,LEFT,CC,mass,BENIGN,Mass-Training_P_00055_LEFT_CC/1.3.6.1.4.1.9590.100.1.2.385459992111929166623633412341055927880/1.3.6.1.4.1.9590.100.1.2.392843982712744859935562444050144815856/000000.dcm,mass,train,0,BENIGN
P_00057,RIGHT,CC,mass,MALIGNANT,Mass-Training_P_00057_RIGHT_CC/1.3.6.1.4.1.9590.100.1.2.302034738911816817918941200814265898685/1.3.6.1.4.1.9590.100.1.2.224382551013539826002081665883063274367/000000.dcm,mass,train,1,MALIGNANT
P_00057,RIGHT,MLO,mass,MALIGNANT,Mass-Training_P_00057_RIGHT_MLO/1.3.6.1.4.1.9590.100.1.2.270499175412797598714540225913086116745/1.3.6.1.4.1.9590.100.1.2.312778704210164438821730925283101542220/000000.dcm,mass,train,1,MALIGNANT
P_00058,RIGHT,CC,mass,MALIGNANT,Mass-Training_P_00058_RIGHT_CC/1.3.6.1.4.1.9590.100.1.2.363238277612644992408163396062314764915/1.3.6.1.4.1.9590.100.1.2.423589932611394098813047451172529019148/000000.dcm,mass,train,1,MALIGNANT
P_00059,LEFT,CC,mass,MALIGNANT,Mass-Training_P_00059_LEFT_CC/1.3.6.1.4.1.9590.100.1.2.244333476513014374236524940141235965702/1.3.6.1.4.1.9590.100.1.2.62520602613602980418030688082379323379/000000.dcm,mass,train,1,MALIGNANT
P_00059,LEFT,MLO,mass,MALIGNANT,Mass-Training_P_00059_LEFT_MLO/1.3.6.1.4.1.9590.100.1.2.319348319511040142417557303050939695280/1.3.6.1.4.1.9590.100.1.2.43941248811932060425959307772414033323/000000.dcm,mass,train,1,MALIGNANT
P_00061,RIGHT,CC,mass,BENIGN,Mass-Training_P_00061_RIGHT_CC/1.3.6.1.4.1.9590.100.1.2.421450080711806752003237564681951756874/1.3.6.1.4.1.9590.100.1.2.148086015311392424203944628703986309919/000000.dcm,mass,train,0,BENIGN
P_00061,RIGHT,MLO,mass,BENIGN,Mass-Training_P_00061_RIGHT_MLO/1.3.6.1.4.1.9590.100.1.2.57292051112181690733542378793079914653/1.3.6.1.4.1.9590.100.1.2.51941006212124694604546402963586764653/000000.dcm,mass,train,0,BENIGN
P_00064,RIGHT,MLO,mass,BENIGN_WITHOUT_CALLBACK,Mass-Training_P_00064_RIGHT_MLO/1.3.6.1.4.1.9590.100.1.2.224882768813365711015272936223318089837/1.3.6.1.4.1.9590.100.1.2.222490301911728266815742260480398367605/000000.dcm,mass,train,0,BENIGN
P_00065,LEFT,CC,mass,BENIGN,Mass-Training_P_00065_LEFT_CC/1.3.6.1.4.1.9590.100.1.2.382401081413353949132934135242319307979/1.3.6.1.4.1.9590.100.1.2.426908919112508199513948266470990243457/000000.dcm,mass,train,0,BENIGN
P_00065,LEFT,MLO,mass,BENIGN,Mass-Training_P_00065_LEFT_MLO/1.3.6.1.4.1.9590.100.1.2.429306932512469105441479658784039969793/1.3.6.1.4.1.9590.100.1.2.245693496012713226434568669521804873679/000000.dcm,mass,train,0,BENIGN
P_00068,RIGHT,CC,mass,MALIGNANT,Mass-Training_P_00068_RIGHT_CC/1.3.6.1.4.1.9590.100.1.2.183350636911233048921650269670586610759/1.3.6.1.4.1.9590.100.1.2.428163832610892161130597449180121416361/000000.dcm,mass,train,1,MALIGNANT
P_00068,RIGHT,MLO,mass,MALIGNANT,Mass-Training_P_00068_RIGHT_MLO/1.3.6.1.4.1.9590.100.1.2.191242319710875057441301346623150404042/1.3.6.1.4.1.9590.100.1.2.124763553711502840222713752821937905604/000000.dcm,mass,train,1,MALIGNANT
P_00074,LEFT,MLO,mass,MALIGNANT,Mass-Training_P_00074_LEFT_MLO/1.3.6.1.4.1.9590.100.1.2.321524535612575061128170223470119363767/1.3.6.1.4.1.9590.100.1.2.99849561512168290821756942242329439660/000000.dcm,mass,train,1,MALIGNANT
P_00074,RIGHT,CC,mass,MALIGNANT,Mass-Training_P_00074_RIGHT_CC/1.3.6.1.4.1.9590.100.1.2.346633048012014373038061426120133907326/1.3.6.1.4.1.9590.100.1.2.380688420811164855711720421660362201473/000000.dcm,mass,train,1,MALIGNANT
P_00074,RIGHT,MLO,mass,MALIGNANT,Mass-Training_P_00074_RIGHT_MLO/1.3.6.1.4.1.9590.100.1.2.63776442513768205628428381831193118065/1.3.6.1.4.1.9590.100.1.2.270247332712204572705533887232680546749/000000.dcm,mass,train,1,MALIGNANT
P_00076,LEFT,CC,mass,BENIGN,Mass-Training_P_00076_LEFT_CC/1.3.6.1.4.1.9590.100.1.2.305939130011980224733352449512282049543/1.3.6.1.4.1.9590.100.1.2.208879543011335395238635741982121125116/000000.dcm,mass,train,0,BENIGN
P_00076,LEFT,MLO,mass,BENIGN,Mass-Training_P_00076_LEFT_MLO/1.3.6.1.4.1.9590.100.1.2.287678326911614859218120247282515545436/1.3.6.1.4.1.9590.100.1.2.2448529311758051613285357123953923871/000000.dcm,mass,train,0,BENIGN
P_00079,RIGHT,CC,mass,MALIGNANT,Mass-Training_P_00079_RIGHT_CC/1.3.6.1.4.1.9590.100.1.2.397228651811872505609856252713579309562/1.3.6.1.4.1.9590.100.1.2.52906053712866447802133269923371757737/000000.dcm,mass,train,1,MALIGNANT
P_00079,RIGHT,MLO,mass,MALIGNANT,Mass-Training_P_00079_RIGHT_MLO/1.3.6.1.4.1.9590.100.1.2.54663409711547592920508041220601078405/1.3.6.1.4.1.9590.100.1.2.106920945012310500814153560730340285091/000000.dcm,mass,train,1,MALIGNANT
P_00080,RIGHT,CC,mass,MALIGNANT,Mass-Training_P_00080_RIGHT_CC/1.3.6.1.4.1.9590.100.1.2.287832216011938602904296767003033402531/1.3.6.1.4.1.9590.100.1.2.424882811712752156925272152341077230426/000000.dcm,mass,train,1,MALIGNANT
P_00080,RIGHT,MLO,mass,MALIGNANT,Mass-Training_P_00080_RIGHT_MLO/1.3.6.1.4.1.9590.100.1.2.414003023712537688636139616602212742808/1.3.6.1.4.1.9590.100.1.2.290229220113810647235081932003928413427/000000.dcm,mass,train,1,MALIGNANT
P_00081,RIGHT,CC,mass,BENIGN,Mass-Training_P_00081_RIGHT_CC/1.3.6.1.4.1.9590.100.1.2.87229974910858071535474981432389660587/1.3.6.1.4.1.9590.100.1.2.70439657210611085411146057522676433720/000000.dcm,mass,train,0,BENIGN
P_00081,RIGHT,MLO,mass,BENIGN,Mass-Training_P_00081_RIGHT_MLO/1.3.6.1.4.1.9590.100.1.2.187216185111150007427465791061969230994/1.3.6.1.4.1.9590.100.1.2.76958903112621704936459227274115747517/000000.dcm,mass,train,0,BENIGN
P_00086,RIGHT,CC,mass,MALIGNANT,Mass-Training_P_00086_RIGHT_CC/1.3.6.1.4.1.9590.100.1.2.394169176210088699719991663561761551666/1.3.6.1.4.1.9590.100.1.2.156622924410420181519254667710041906178/000000.dcm,mass,train,1,MALIGNANT
P_00086,RIGHT,MLO,mass,MALIGNANT,Mass-Training_P_00086_RIGHT_MLO/1.3.6.1.4.1.9590.100.1.2.84996472011953863334663420420476494365/1.3.6.1.4.1.9590.100.1.2.149183380211624614428278537532778083640/000000.dcm,mass,train,1,MALIGNANT
P_00090,LEFT,CC,mass,BENIGN,Mass-Training_P_00090_LEFT_CC/1.3.6.1.4.1.9590.100.1.2.364933437510394445742044445912909517431/1.3.6.1.4.1.9590.100.1.2.83772224311442125742849225592295739438/000000.dcm,mass,train,0,BENIGN
P_00090,LEFT,MLO,mass,BENIGN,Mass-Training_P_00090_LEFT_MLO/1.3.6.1.4.1.9590.100.1.2.109180815811510409636836458623114432458/1.3.6.1.4.1.9590.100.1.2.150047816910398807624984413733128681561/000000.dcm,mass,train,0,BENIGN
P_00092,LEFT,CC,mass,MALIGNANT,Mass-Training_P_00092_LEFT_CC/1.3.6.1.4.1.9590.100.1.2.29791748412171316131468479210378053080/1.3.6.1.4.1.9590.100.1.2.395119796911717183208718117572298386861/000000.dcm,mass,train,1,MALIGNANT
P_00092,LEFT,MLO,mass,MALIGNANT,Mass-Training_P_00092_LEFT_MLO/1.3.6.1.4.1.9590.100.1.2.365496934911305121141740714570689144447/1.3.6.1.4.1.9590.100.1.2.330825165611895385300304977110070004321/000000.dcm,mass,train,1,MALIGNANT
P_00092,LEFT,MLO,mass,MALIGNANT,Mass-Training_P_00092_LEFT_MLO/1.3.6.1.4.1.9590.100.1.2.365496934911305121141740714570689144447/1.3.6.1.4.1.9590.100.1.2.330825165611895385300304977110070004321/000000.dcm,mass,train,1,MALIGNANT
P_00092,RIGHT,CC,mass,MALIGNANT,Mass-Training_P_00092_RIGHT_CC/1.3.6.1.4.1.9590.100.1.2.293327840712148054923575015720107099385/1.3.6.1.4.1.9590.100.1.2.293629768213098982240090876542239338862/000000.dcm,mass,train,1,MALIGNANT
P_00092,RIGHT,MLO,mass,MALIGNANT,Mass-Training_P_00092_RIGHT_MLO/1.3.6.1.4.1.9590.100.1.2.352886567211858596111158670592869085160/1.3.6.1.4.1.9590.100.1.2.204932936112007111301870388513884327444/000000.dcm,mass,train,1,MALIGNANT
P_00092,RIGHT,MLO,mass,MALIGNANT,Mass-Training_P_00092_RIGHT_MLO/1.3.6.1.4.1.9590.100.1.2.352886567211858596111158670592869085160/1.3.6.1.4.1.9590.100.1.2.204932936112007111301870388513884327444/000000.dcm,mass,train,1,MALIGNANT
P_00094,RIGHT,CC,mass,BENIGN,Mass-Training_P_00094_RIGHT_CC/1.3.6.1.4.1.9590.100.1.2.335928158612192107412063983611322713217/1.3.6.1.4.1.9590.100.1.2.375224835512033376313982800814186047606/000000.dcm,mass,train,0,BENIGN
P_00094,RIGHT,MLO,mass,BENIGN,Mass-Training_P_00094_RIGHT_MLO/1.3.6.1.4.1.9590.100.1.2.385280700110719511402985982973644713368/1.3.6.1.4.1.9590.100.1.2.374025484613289747003633301880664191502/000000.dcm,mass,train,0,BENIGN
P_00095,LEFT,CC,mass,MALIGNANT,Mass-Training_P_00095_LEFT_CC/1.3.6.1.4.1.9590.100.1.2.296275946210158998404242274922683463808/1.3.6.1.4.1.9590.100.1.2.397977891813455499623578940723346023154/000000.dcm,mass,train,1,MALIGNANT
P_00095,LEFT,MLO,mass,MALIGNANT,Mass-Training_P_00095_LEFT_MLO/1.3.6.1.4.1.9590.100.1.2.294966032313904622931595432122963619962/1.3.6.1.4.1.9590.100.1.2.75074886911317428336210351841116845645/000000.dcm,mass,train,1,MALIGNANT
P_00096,RIGHT,CC,mass,BENIGN,Mass-Training_P_00096_RIGHT_CC/1.3.6.1.4.1.9590.100.1.2.153719844811096435311406719221178513293/1.3.6.1.4.1.9590.100.1.2.417089406912388930328037705201262088179/000000.dcm,mass,train,0,BENIGN
P_00096,RIGHT,MLO,mass,BENIGN,Mass-Training_P_00096_RIGHT_MLO/1.3.6.1.4.1.9590.100.1.2.322681776211792240313279868473878910994/1.3.6.1.4.1.9590.100.1.2.34059138011334091729776129790894631289/000000.dcm,mass,train,0,BENIGN
P_00106,LEFT,CC,mass,BENIGN_WITHOUT_CALLBACK,Mass-Training_P_00106_LEFT_CC/1.3.6.1.4.1.9590.100.1.2.426045206612778994622815819963103982324/1.3.6.1.4.1.9590.100.1.2.180117656012441206012066533421449364027/000000.dcm,mass,train,0,BENIGN
P_00106,LEFT,CC,mass,BENIGN_WITHOUT_CALLBACK,Mass-Training_P_00106_LEFT_CC/1.3.6.1.4.1.9590.100.1.2.426045206612778994622815819963103982324/1.3.6.1.4.1.9590.100.1.2.180117656012441206012066533421449364027/000000.dcm,mass,train,0,BENIGN
P_00106,LEFT,CC,mass,BENIGN_WITHOUT_CALLBACK,Mass-Training_P_00106_LEFT_CC/1.3.6.1.4.1.9590.100.1.2.426045206612778994622815819963103982324/1.3.6.1.4.1.9590.100.1.2.180117656012441206012066533421449364027/000000.dcm,mass,train,0,BENIGN
P_00106,LEFT,MLO,mass,BENIGN_WITHOUT_CALLBACK,Mass-Training_P_00106_LEFT_MLO/1.3.6.1.4.1.9590.100.1.2.250786792311134715224557226711072600571/1.3.6.1.4.1.9590.100.1.2.383084015312187246035597241651391161847/000000.dcm,mass,train,0,BENIGN
P_00106,LEFT,MLO,mass,BENIGN_WITHOUT_CALLBACK,Mass-Training_P_00106_LEFT_MLO/1.3.6.1.4.1.9590.100.1.2.250786792311134715224557226711072600571/1.3.6.1.4.1.9590.100.1.2.383084015312187246035597241651391161847/000000.dcm,mass,train,0,BENIGN
P_00106,LEFT,MLO,mass,BENIGN_WITHOUT_CALLBACK,Mass-Training_P_00106_LEFT_MLO/1.3.6.1.4.1.9590.100.1.2.250786792311134715224557226711072600571/1.3.6.1.4.1.9590.100.1.2.383084015312187246035597241651391161847/000000.dcm,mass,train,0,BENIGN
P_00106,LEFT,MLO,mass,BENIGN_WITHOUT_CALLBACK,Mass-Training_P_00106_LEFT_MLO/1.3.6.1.4.1.9590.100.1.2.250786792311134715224557226711072600571/1.3.6.1.4.1.9590.100.1.2.383084015312187246035597241651391161847/000000.dcm,mass,train,0,BENIGN
P_00106,LEFT,MLO,mass,BENIGN_WITHOUT_CALLBACK,Mass-Training_P_00106_LEFT_MLO/1.3.6.1.4.1.9590.100.1.2.250786792311134715224557226711072600571/1.3.6.1.4.1.9590.100.1.2.383084015312187246035597241651391161847/000000.dcm,mass,train,0,BENIGN
P_00106,RIGHT,CC,mass,BENIGN_WITHOUT_CALLBACK,Mass-Training_P_00106_RIGHT_CC/1.3.6.1.4.1.9590.100.1.2.236047613111132373718004279370316141536/1.3.6.1.4.1.9590.100.1.2.419410657312812960613390693250292392446/000000.dcm,mass,train,0,BENIGN
P_00106,RIGHT,CC,mass,BENIGN_WITHOUT_CALLBACK,Mass-Training_P_00106_RIGHT_CC/1.3.6.1.4.1.9590.100.1.2.236047613111132373718004279370316141536/1.3.6.1.4.1.9590.100.1.2.419410657312812960613390693250292392446/000000.dcm,mass,train,0,BENIGN
P_00106,RIGHT,CC,mass,BENIGN_WITHOUT_CALLBACK,Mass-Training_P_00106_RIGHT_CC/1.3.6.1.4.1.9590.100.1.2.236047613111132373718004279370316141536/1.3.6.1.4.1.9590.100.1.2.419410657312812960613390693250292392446/000000.dcm,mass,train,0,BENIGN
P_00106,RIGHT,MLO,mass,BENIGN_WITHOUT_CALLBACK,Mass-Training_P_00106_RIGHT_MLO/1.3.6.1.4.1.9590.100.1.2.322966358810778548708892762993762418005/1.3.6.1.4.1.9590.100.1.2.10098093912338239901459163343317187533/000000.dcm,mass,train,0,BENIGN
P_00106,RIGHT,MLO,mass,BENIGN_WITHOUT_CALLBACK,Mass-Training_P_00106_RIGHT_MLO/1.3.6.1.4.1.9590.100.1.2.322966358810778548708892762993762418005/1.3.6.1.4.1.9590.100.1.2.10098093912338239901459163343317187533/000000.dcm,mass,train,0,BENIGN
P_00106,RIGHT,MLO,mass,BENIGN_WITHOUT_CALLBACK,Mass-Training_P_00106_RIGHT_MLO/1.3.6.1.4.1.9590.100.1.2.322966358810778548708892762993762418005/1.3.6.1.4.1.9590.100.1.2.10098093912338239901459163343317187533/000000.dcm,mass,train,0,BENIGN
P_00107,RIGHT,MLO,mass,BENIGN_WITHOUT_CALLBACK,Mass-Training_P_00107_RIGHT_MLO/1.3.6.1.4.1.9590.100.1.2.242410782311561910832870276222722704283/1.3.6.1.4.1.9590.100.1.2.19751888112560792610074441432332202668/000000.dcm,mass,train,0,BENIGN
P_00108,LEFT,CC,mass,BENIGN,Mass-Training_P_00108_LEFT_CC/1.3.6.1.4.1.9590.100.1.2.358036923612054472031280958862644968277/1.3.6.1.4.1.9590.100.1.2.20630952912877569514919614793206323155/000000.dcm,mass,train,0,BENIGN
P_00108,LEFT,MLO,mass,BENIGN,Mass-Training_P_00108_LEFT_MLO/1.3.6.1.4.1.9590.100.1.2.78680568811944089405692586241171553783/1.3.6.1.4.1.9590.100.1.2.126154531211010377022690167651705249481/000000.dcm,mass,train,0,BENIGN
P_00109,LEFT,CC,mass,BENIGN,Mass-Training_P_00109_LEFT_CC/1.3.6.1.4.1.9590.100.1.2.95342889311417947640132190020007841810/1.3.6.1.4.1.9590.100.1.2.170037968011249223529181108823956048305/000000.dcm,mass,train,0,BENIGN
P_00110,LEFT,CC,mass,MALIGNANT,Mass-Training_P_00110_LEFT_CC/1.3.6.1.4.1.9590.100.1.2.42621625911122658217195055570382164502/1.3.6.1.4.1.9590.100.1.2.291790757212675342611858069914078236037/000000.dcm,mass,train,1,MALIGNANT
P_00110,LEFT,MLO,mass,MALIGNANT,Mass-Training_P_00110_LEFT_MLO/1.3.6.1.4.1.9590.100.1.2.47001568512747869605182575793142114685/1.3.6.1.4.1.9590.100.1.2.280825898411750356829843839152975856247/000000.dcm,mass,train,1,MALIGNANT
P_00110,RIGHT,CC,mass,MALIGNANT,Mass-Training_P_00110_RIGHT_CC/1.3.6.1.4.1.9590.100.1.2.185266796812277153020478340462707798772/1.3.6.1.4.1.9590.100.1.2.318795357011333161907603475760244333735/000000.dcm,mass,train,1,MALIGNANT
P_00117,LEFT,MLO,mass,BENIGN,Mass-Training_P_00117_LEFT_MLO/1.3.6.1.4.1.9590.100.1.2.26524097011213779102617196821743160845/1.3.6.1.4.1.9590.100.1.2.282641258311596660228204542760068355720/000000.dcm,mass,train,0,BENIGN
P_00119,LEFT,CC,mass,BENIGN,Mass-Training_P_00119_LEFT_CC/1.3.6.1.4.1.9590.100.1.2.84373335711265981107072429013852700683/1.3.6.1.4.1.9590.100.1.2.162472214911834322918274730690308343211/000000.dcm,mass,train,0,BENIGN
P_00119,LEFT,MLO,mass,BENIGN,Mass-Training_P_00119_LEFT_MLO/1.3.6.1.4.1.9590.100.1.2.30504514511852775512570576910317108404/1.3.6.1.4.1.9590.100.1.2.170111429811771449622378492430819679130/000000.dcm,mass,train,0,BENIGN
P_00120,LEFT,CC,mass,BENIGN,Mass-Training_P_00120_LEFT_CC/1.3.6.1.4.1.9590.100.1.2.394913019612359833430911610221650604470/1.3.6.1.4.1.9590.100.1.2.23478273011012398821262698602156931512/000000.dcm,mass,train,0,BENIGN
P_00120,LEFT,MLO,mass,BENIGN,Mass-Training_P_00120_LEFT_MLO/1.3.6.1.4.1.9590.100.1.2.184778625211858710825872078080323501795/1.3.6.1.4.1.9590.100.1.2.70012532911736490135306300510795887564/000000.dcm,mass,train,0,BENIGN
P_00122,RIGHT,MLO,mass,BENIGN_WITHOUT_CALLBACK,Mass-Training_P_00122_RIGHT_MLO/1.3.6.1.4.1.9590.100.1.2.23102643111095874815641619593788162692/1.3.6.1.4.1.9590.100.1.2.362722981912364196037055929741492450134/000000.dcm,mass,train,0,BENIGN
P_00128,LEFT,CC,mass,MALIGNANT,Mass-Training_P_00128_LEFT_CC/1.3.6.1.4.1.9590.100.1.2.236255504711983139029827969633730051330/1.3.6.1.4.1.9590.100.1.2.277118485712837089912775450911866183239/000000.dcm,mass,train,1,MALIGNANT
P_00133,LEFT,CC,mass,MALIGNANT,Mass-Training_P_00133_LEFT_CC/1.3.6.1.4.1.9590.100.1.2.84276837810582303013177619822906083748/1.3.6.1.4.1.9590.100.1.2.265137984313406655725419002090356526005/000000.dcm,mass,train,1,MALIGNANT
P_00133,LEFT,MLO,mass,MALIGNANT,Mass-Training_P_00133_LEFT_MLO/1.3.6.1.4.1.9590.100.1.2.373838233811843295909087976113347550682/1.3.6.1.4.1.9590.100.1.2.235945521811290740616561100123700737471/000000.dcm,mass,train,1,MALIGNANT
P_00134,LEFT,CC,mass,MALIGNANT,Mass-Training_P_00134_LEFT_CC/1.3.6.1.4.1.9590.100.1.2.144443485411482950132661848601587611663/1.3.6.1.4.1.9590.100.1.2.295397487412067903910787953980192002590/000000.dcm,mass,train,1,MALIGNANT
P_00134,LEFT,MLO,mass,MALIGNANT,Mass-Training_P_00134_LEFT_MLO/1.3.6.1.4.1.9590.100.1.2.234049664813292496614584158011724449925/1.3.6.1.4.1.9590.100.1.2.289743929613127103521749541211475878547/000000.dcm,mass,train,1,MALIGNANT
P_00137,LEFT,CC,mass,BENIGN,Mass-Training_P_00137_LEFT_CC/1.3.6.1.4.1.9590.100.1.2.58399005513714703908223683961828996507/1.3.6.1.4.1.9590.100.1.2.291492835513257212815754341470883582190/000000.dcm,mass,train,0,BENIGN
P_00137,LEFT,MLO,mass,BENIGN,Mass-Training_P_00137_LEFT_MLO/1.3.6.1.4.1.9590.100.1.2.245959692011280230704435920774070167458/1.3.6.1.4.1.9590.100.1.2.223355501110410477409262071651794035858/000000.dcm,mass,train,0,BENIGN
P_00146,RIGHT,CC,mass,MALIGNANT,Mass-Training_P_00146_RIGHT_CC/1.3.6.1.4.1.9590.100.1.2.39333255511923715429976803171598161365/1.3.6.1.4.1.9590.100.1.2.221813109312502505440274540962266107790/000000.dcm,mass,train,1,MALIGNANT
P_00146,RIGHT,MLO,mass,MALIGNANT,Mass-Training_P_00146_RIGHT_MLO/1.3.6.1.4.1.9590.100.1.2.102009993011645921035139680333935890212/1.3.6.1.4.1.9590.100.1.2.138854373111438727811729486684128233341/000000.dcm,mass,train,1,MALIGNANT
P_00148,RIGHT,CC,mass,MALIGNANT,Mass-Training_P_00148_RIGHT_CC/1.3.6.1.4.1.9590.100.1.2.182260888511098053137818758700915932202/1.3.6.1.4.1.9590.100.1.2.397573561111296192309543223482986197152/000000.dcm,mass,train,1,MALIGNANT
P_00148,RIGHT,MLO,mass,MALIGNANT,Mass-Training_P_00148_RIGHT_MLO/1.3.6.1.4.1.9590.100.1.2.315941529012218332617921632032296630057/1.3.6.1.4.1.9590.100.1.2.218912511112733612941904682861747892974/000000.dcm,mass,train,1,MALIGNANT
P_00149,LEFT,CC,mass,MALIGNANT,Mass-Training_P_00149_LEFT_CC/1.3.6.1.4.1.9590.100.1.2.236012582411672128004632667372249941615/1.3.6.1.4.1.9590.100.1.2.63200910512557522821086711330263634348/000000.dcm,mass,train,1,MALIGNANT
P_00149,LEFT,MLO,mass,MALIGNANT,Mass-Training_P_00149_LEFT_MLO/1.3.6.1.4.1.9590.100.1.2.190660686611663255315580607251746347959/1.3.6.1.4.1.9590.100.1.2.78109951511092761713429881620095372440/000000.dcm,mass,train,1,MALIGNANT
P_00160,LEFT,CC,mass,MALIGNANT,Mass-Training_P_00160_LEFT_CC/1.3.6.1.4.1.9590.100.1.2.258547282711687516628026571643041139938/1.3.6.1.4.1.9590.100.1.2.192830829713156688526768249872322016275/000000.dcm,mass,train,1,MALIGNANT
P_00160,LEFT,MLO,mass,MALIGNANT,Mass-Training_P_00160_LEFT_MLO/1.3.6.1.4.1.9590.100.1.2.356276030911121827918342002063263151066/1.3.6.1.4.1.9590.100.1.2.305474508013164328209392882041994773722/000000.dcm,mass,train,1,MALIGNANT
P_00160,RIGHT,CC,mass,BENIGN,Mass-Training_P_00160_RIGHT_CC/1.3.6.1.4.1.9590.100.1.2.423310260411595488234064057640708637649/1.3.6.1.4.1.9590.100.1.2.103311533911270368932591251510654259446/000000.dcm,mass,train,0,BENIGN
P_00160,RIGHT,MLO,mass,BENIGN,Mass-Training_P_00160_RIGHT_MLO/1.3.6.1.4.1.9590.100.1.2.315025815312003164908299178623944688446/1.3.6.1.4.1.9590.100.1.2.340775804311000418009238130120693249391/000000.dcm,mass,train,0,BENIGN
P_00166,RIGHT,CC,mass,BENIGN,Mass-Training_P_00166_RIGHT_CC/1.3.6.1.4.1.9590.100.1.2.283640436511329135007373582492392987252/1.3.6.1.4.1.9590.100.1.2.177573652111123485338375044102724613610/000000.dcm,mass,train,0,BENIGN
P_00166,RIGHT,MLO,mass,BENIGN,Mass-Training_P_00166_RIGHT_MLO/1.3.6.1.4.1.9590.100.1.2.327069350013411506403592318834120598294/1.3.6.1.4.1.9590.100.1.2.156019038911184838717696252502356740588/000000.dcm,mass,train,0,BENIGN
P_00169,RIGHT,MLO,mass,BENIGN_WITHOUT_CALLBACK,Mass-Training_P_00169_RIGHT_MLO/1.3.6.1.4.1.9590.100.1.2.203650327112920108717144800433891376685/1.3.6.1.4.1.9590.100.1.2.205668534212671321410973920420058471838/000000.dcm,mass,train,0,BENIGN
P_00172,LEFT,CC,mass,MALIGNANT,Mass-Training_P_00172_LEFT_CC/1.3.6.1.4.1.9590.100.1.2.293909870413266667413557129510054219856/1.3.6.1.4.1.9590.100.1.2.36835724411324568535216797843641270234/000000.dcm,mass,train,1,MALIGNANT
P_00172,LEFT,MLO,mass,MALIGNANT,Mass-Training_P_00172_LEFT_MLO/1.3.6.1.4.1.9590.100.1.2.151378828313384469139561645404078184870/1.3.6.1.4.1.9590.100.1.2.387619206511012578240443721540293303242/000000.dcm,mass,train,1,MALIGNANT
P_00174,RIGHT,CC,mass,MALIGNANT,Mass-Training_P_00174_RIGHT_CC/1.3.6.1.4.1.9590.100.1.2.41471268211833606930594172463623806104/1.3.6.1.4.1.9590.100.1.2.343844464011434743603346651344062225716/000000.dcm,mass,train,1,MALIGNANT
P_00174,RIGHT,MLO,mass,MALIGNANT,Mass-Training_P_00174_RIGHT_MLO/1.3.6.1.4.1.9590.100.1.2.315566131110644745318586617962285754440/1.3.6.1.4.1.9590.100.1.2.44065475811569696824006401280610368950/000000.dcm,mass,train,1,MALIGNANT
P_00175,RIGHT,CC,mass,MALIGNANT,Mass-Training_P_00175_RIGHT_CC/1.3.6.1.4.1.9590.100.1.2.209797481211842880915170098231545766095/1.3.6.1.4.1.9590.100.1.2.93103775912979378931517559581790090126/000000.dcm,mass,train,1,MALIGNANT
P_00175,RIGHT,MLO,mass,MALIGNANT,Mass-Training_P_00175_RIGHT_MLO/1.3.6.1.4.1.9590.100.1.2.368306436111464389534100957750671742564/1.3.6.1.4.1.9590.100.1.2.252111322010927493022197164842528938327/000000.dcm,mass,train,1,MALIGNANT
P_00187,LEFT,CC,mass,BENIGN,Mass-Training_P_00187_LEFT_CC/1.3.6.1.4.1.9590.100.1.2.123761474712947251509146292712978304257/1.3.6.1.4.1.9590.100.1.2.101838604411514372224355857201121413540/000000.dcm,mass,train,0,BENIGN
P_00187,LEFT,MLO,mass,BENIGN,Mass-Training_P_00187_LEFT_MLO/1.3.6.1.4.1.9590.100.1.2.282079641712305353015343530352605684298/1.3.6.1.4.1.9590.100.1.2.160090908610489507721266482061808282031/000000.dcm,mass,train,0,BENIGN
P_00190,LEFT,MLO,mass,MALIGNANT,Mass-Training_P_00190_LEFT_MLO/1.3.6.1.4.1.9590.100.1.2.230473664412437932214685154692399633299/1.3.6.1.4.1.9590.100.1.2.44010144711160704136767640560687663719/000000.dcm,mass,train,1,MALIGNANT
P_00199,LEFT,CC,mass,MALIGNANT,Mass-Training_P_00199_LEFT_CC/1.3.6.1.4.1.9590.100.1.2.175675097312304831626363964632008753329/1.3.6.1.4.1.9590.100.1.2.55224244610875599704160652042845114695/000000.dcm,mass,train,1,MALIGNANT
P_00199,LEFT,MLO,mass,MALIGNANT,Mass-Training_P_00199_LEFT_MLO/1.3.6.1.4.1.9590.100.1.2.161447484311672712438542885193083775061/1.3.6.1.4.1.9590.100.1.2.236343279511292525310799085030972923528/000000.dcm,mass,train,1,MALIGNANT
P_00205,RIGHT,CC,mass,BENIGN,Mass-Training_P_00205_RIGHT_CC/1.3.6.1.4.1.9590.100.1.2.290773800111701267735527847921237306911/1.3.6.1.4.1.9590.100.1.2.209511740813088290515918209802134579622/000000.dcm,mass,train,0,BENIGN
P_00205,RIGHT,MLO,mass,BENIGN,Mass-Training_P_00205_RIGHT_MLO/1.3.6.1.4.1.9590.100.1.2.423057743211949267015276796553398776953/1.3.6.1.4.1.9590.100.1.2.47853905212613770720342330132409520084/000000.dcm,mass,train,0,BENIGN
P_00206,RIGHT,MLO,mass,BENIGN,Mass-Training_P_00206_RIGHT_MLO/1.3.6.1.4.1.9590.100.1.2.292142869812660565215256856640254140097/1.3.6.1.4.1.9590.100.1.2.267291556412160363528156376372440492414/000000.dcm,mass,train,0,BENIGN
P_00207,LEFT,CC,mass,MALIGNANT,Mass-Training_P_00207_LEFT_CC/1.3.6.1.4.1.9590.100.1.2.404245205212382101242480802902495194476/1.3.6.1.4.1.9590.100.1.2.252718871411822036139213438773416034416/000000.dcm,mass,train,1,MALIGNANT
P_00207,LEFT,CC,mass,MALIGNANT,Mass-Training_P_00207_LEFT_CC/1.3.6.1.4.1.9590.100.1.2.404245205212382101242480802902495194476/1.3.6.1.4.1.9590.100.1.2.252718871411822036139213438773416034416/000000.dcm,mass,train,1,MALIGNANT
P_00207,LEFT,CC,mass,MALIGNANT,Mass-Training_P_00207_LEFT_CC/1.3.6.1.4.1.9590.100.1.2.404245205212382101242480802902495194476/1.3.6.1.4.1.9590.100.1.2.252718871411822036139213438773416034416/000000.dcm,mass,train,1,MALIGNANT
P_00207,LEFT,MLO,mass,MALIGNANT,Mass-Training_P_00207_LEFT_MLO/1.3.6.1.4.1.9590.100.1.2.97285891612336213232896060691497487787/1.3.6.1.4.1.9590.100.1.2.220564602411627135838034738500414889195/000000.dcm,mass,train,1,MALIGNANT
P_00207,LEFT,MLO,mass,MALIGNANT,Mass-Training_P_00207_LEFT_MLO/1.3.6.1.4.1.9590.100.1.2.97285891612336213232896060691497487787/1.3.6.1.4.1.9590.100.1.2.220564602411627135838034738500414889195/000000.dcm,mass,train,1,MALIGNANT
P_00207,LEFT,MLO,mass,MALIGNANT,Mass-Training_P_00207_LEFT_MLO/1.3.6.1.4.1.9590.100.1.2.97285891612336213232896060691497487787/1.3.6.1.4.1.9590.100.1.2.220564602411627135838034738500414889195/000000.dcm,mass,train,1,MALIGNANT
P_00208,RIGHT,MLO,mass,BENIGN,Mass-Training_P_00208_RIGHT_MLO/1.3.6.1.4.1.9590.100.1.2.272433046812605080811657148531406939317/1.3.6.1.4.1.9590.100.1.2.199915979811812039330947490851374585232/000000.dcm,mass,train,0,BENIGN
P_00215,RIGHT,CC,mass,BENIGN,Mass-Training_P_00215_RIGHT_CC/1.3.6.1.4.1.9590.100.1.2.391365169612969852804644655851954918569/1.3.6.1.4.1.9590.100.1.2.260478307112973795112526616720510480744/000000.dcm,mass,train,0,BENIGN
P_00217,LEFT,CC,mass,MALIGNANT,Mass-Training_P_00217_LEFT_CC/1.3.6.1.4.1.9590.100.1.2.233025098212804690534194743360645921897/1.3.6.1.4.1.9590.100.1.2.140355223312210284529426886852269070526/000000.dcm,mass,train,1,MALIGNANT
P_00218,LEFT,CC,mass,MALIGNANT,Mass-Training_P_00218_LEFT_CC/1.3.6.1.4.1.9590.100.1.2.16519947011434247040345704304095027758/1.3.6.1.4.1.9590.100.1.2.33507760912554145902744111920344485171/000000.dcm,mass,train,1,MALIGNANT
P_00218,LEFT,MLO,mass,MALIGNANT,Mass-Training_P_00218_LEFT_MLO/1.3.6.1.4.1.9590.100.1.2.100373282910127456303527051940756299445/1.3.6.1.4.1.9590.100.1.2.429052236311017048205300842573530320220/000000.dcm,mass,train,1,MALIGNANT
P_00219,RIGHT,CC,mass,BENIGN,Mass-Training_P_00219_RIGHT_CC/1.3.6.1.4.1.9590.100.1.2.224798334410682727420760792471092319846/1.3.6.1.4.1.9590.100.1.2.343465466910990232509592224530189411085/000000.dcm,mass,train,0,BENIGN
P_00221,RIGHT,MLO,mass,BENIGN,Mass-Training_P_00221_RIGHT_MLO/1.3.6.1.4.1.9590.100.1.2.315226300311096338900457079232073420128/1.3.6.1.4.1.9590.100.1.2.57409664311439109642852588912629488901/000000.dcm,mass,train,0,BENIGN
P_00224,LEFT,CC,mass,BENIGN,Mass-Training_P_00224_LEFT_CC/1.3.6.1.4.1.9590.100.1.2.391665526512955147016173129310554929754/1.3.6.1.4.1.9590.100.1.2.48063916711108973130943786250237727487/000000.dcm,mass,train,0,BENIGN
P_00224,LEFT,MLO,mass,BENIGN,Mass-Training_P_00224_LEFT_MLO/1.3.6.1.4.1.9590.100.1.2.170983510513291304519837838253728744250/1.3.6.1.4.1.9590.100.1.2.338204715012702385235770277632135927010/000000.dcm,mass,train,0,BENIGN
P_00224,RIGHT,CC,mass,BENIGN,Mass-Training_P_00224_RIGHT_CC/1.3.6.1.4.1.9590.100.1.2.198601051012562934302698907491166043031/1.3.6.1.4.1.9590.100.1.2.60987364412769303818568808224013997809/000000.dcm,mass,train,0,BENIGN
P_00224,RIGHT,MLO,mass,BENIGN,Mass-Training_P_00224_RIGHT_MLO/1.3.6.1.4.1.9590.100.1.2.257195834711946729607612566072068247608/1.3.6.1.4.1.9590.100.1.2.339944297411222939641244294932067046149/000000.dcm,mass,train,0,BENIGN
P_00225,RIGHT,CC,mass,BENIGN,Mass-Training_P_00225_RIGHT_CC/1.3.6.1.4.1.9590.100.1.2.427366407213315617701109075631047533081/1.3.6.1.4.1.9590.100.1.2.206346444711235191207008280630631108526/000000.dcm,mass,train,0,BENIGN
P_00225,RIGHT,MLO,mass,BENIGN,Mass-Training_P_00225_RIGHT_MLO/1.3.6.1.4.1.9590.100.1.2.2401097413408698329837113910493295838/1.3.6.1.4.1.9590.100.1.2.300171913612200222633052591633019678659/000000.dcm,mass,train,0,BENIGN
P_00226,LEFT,CC,mass,MALIGNANT,Mass-Training_P_00226_LEFT_CC/1.3.6.1.4.1.9590.100.1.2.96381402811251573828994231411954719815/1.3.6.1.4.1.9590.100.1.2.49781736812625749004670107140133025153/000000.dcm,mass,train,1,MALIGNANT
P_00226,LEFT,MLO,mass,MALIGNANT,Mass-Training_P_00226_LEFT_MLO/1.3.6.1.4.1.9590.100.1.2.395890685312983066527345333102905972224/1.3.6.1.4.1.9590.100.1.2.179710869911343838925930594650196320920/000000.dcm,mass,train,1,MALIGNANT
P_00229,LEFT,CC,mass,BENIGN_WITHOUT_CALLBACK,Mass-Training_P_00229_LEFT_CC/1.3.6.1.4.1.9590.100.1.2.299368273211298659736050658890520813530/1.3.6.1.4.1.9590.100.1.2.368473184412427127235630703653846669408/000000.dcm,mass,train,0,BENIGN
P_00229,LEFT,MLO,mass,BENIGN_WITHOUT_CALLBACK,Mass-Training_P_00229_LEFT_MLO/1.3.6.1.4.1.9590.100.1.2.368231257011229925541616987401199610176/1.3.6.1.4.1.9590.100.1.2.144738786712234738216585484031993689423/000000.dcm,mass,train,0,BENIGN
P_00231,LEFT,CC,mass,BENIGN,Mass-Training_P_00231_LEFT_CC/1.3.6.1.4.1.9590.100.1.2.113915428212603253400075204414023472506/1.3.6.1.4.1.9590.100.1.2.8345832613913482803966749762437997260/000000.dcm,mass,train,0,BENIGN
P_00231,LEFT,MLO,mass,BENIGN,Mass-Training_P_00231_LEFT_MLO/1.3.6.1.4.1.9590.100.1.2.363962268711039807511705345543017029582/1.3.6.1.4.1.9590.100.1.2.162994187511422919429911942920097733044/000000.dcm,mass,train,0,BENIGN
P_00234,LEFT,CC,mass,BENIGN,Mass-Training_P_00234_LEFT_CC/1.3.6.1.4.1.9590.100.1.2.89395837912035717628951653740251886408/1.3.6.1.4.1.9590.100.1.2.4258120910410897428422437754132883711/000000.dcm,mass,train,0,BENIGN
P_00235,RIGHT,CC,mass,MALIGNANT,Mass-Training_P_00235_RIGHT_CC/1.3.6.1.4.1.9590.100.1.2.108021202813084196138037907540273326412/1.3.6.1.4.1.9590.100.1.2.377149226011692185542762303162055367340/000000.dcm,mass,train,1,MALIGNANT
P_00235,RIGHT,MLO,mass,MALIGNANT,Mass-Training_P_00235_RIGHT_MLO/1.3.6.1.4.1.9590.100.1.2.326282485913549981238061927980223636432/1.3.6.1.4.1.9590.100.1.2.159994867112545025233656546933641550125/000000.dcm,mass,train,1,MALIGNANT
P_00236,RIGHT,MLO,mass,MALIGNANT,Mass-Training_P_00236_RIGHT_MLO/1.3.6.1.4.1.9590.100.1.2.215097455611834969219514797410471353065/1.3.6.1.4.1.9590.100.1.2.171017963210748865720322070120422084932/000000.dcm,mass,train,1,MALIGNANT
P_00239,RIGHT,CC,mass,BENIGN,Mass-Training_P_00239_RIGHT_CC/1.3.6.1.4.1.9590.100.1.2.29397512412537381409479796512103212197/1.3.6.1.4.1.9590.100.1.2.330501209713384637930290014053129368756/000000.dcm,mass,train,0,BENIGN
P_00239,RIGHT,MLO,mass,BENIGN,Mass-Training_P_00239_RIGHT_MLO/1.3.6.1.4.1.9590.100.1.2.9337539812629459306382545023583004107/1.3.6.1.4.1.9590.100.1.2.342772282212562596533424078440586634294/000000.dcm,mass,train,0,BENIGN
P_00240,RIGHT,CC,mass,MALIGNANT,Mass-Training_P_00240_RIGHT_CC/1.3.6.1.4.1.9590.100.1.2.280171428013870445016721767953519248575/1.3.6.1.4.1.9590.100.1.2.30946803412446097718909326270548961243/000000.dcm,mass,train,1,MALIGNANT
P_00240,RIGHT,MLO,mass,MALIGNANT,Mass-Training_P_00240_RIGHT_MLO/1.3.6.1.4.1.9590.100.1.2.338181152912197727726217793894164718163/1.3.6.1.4.1.9590.100.1.2.412557731711484790541710247932923951861/000000.dcm,mass,train,1,MALIGNANT
P_00241,RIGHT,CC,mass,MALIGNANT,Mass-Training_P_00241_RIGHT_CC/1.3.6.1.4.1.9590.100.1.2.191438240012965150537820379491304537353/1.3.6.1.4.1.9590.100.1.2.256330807412877366440153727190246662818/000000.dcm,mass,train,1,MALIGNANT
P_00241,RIGHT,MLO,mass,MALIGNANT,Mass-Training_P_00241_RIGHT_MLO/1.3.6.1.4.1.9590.100.1.2.238111012112796709516434353924189649350/1.3.6.1.4.1.9590.100.1.2.142885277611638033110611880230769163368/000000.dcm,mass,train,1,MALIGNANT
P_00242,RIGHT,CC,mass,BENIGN,Mass-Training_P_00242_RIGHT_CC/1.3.6.1.4.1.9590.100.1.2.70587631912557468126804358973215794154/1.3.6.1.4.1.9590.100.1.2.330740809913644315209371578112284206839/000000.dcm,mass,train,0,BENIGN
P_00242,RIGHT,MLO,mass,BENIGN,Mass-Training_P_00242_RIGHT_MLO/1.3.6.1.4.1.9590.100.1.2.363674882612401471205383809350487348859/1.3.6.1.4.1.9590.100.1.2.130662056911472962429912408801388448346/000000.dcm,mass,train,0,BENIGN
P_00247,RIGHT,CC,mass,BENIGN,Mass-Training_P_00247_RIGHT_CC/1.3.6.1.4.1.9590.100.1.2.294742605512018817204940883232732686652/1.3.6.1.4.1.9590.100.1.2.31350754610323269129601260960408318756/000000.dcm,mass,train,0,BENIGN
P_00247,RIGHT,MLO,mass,BENIGN,Mass-Training_P_00247_RIGHT_MLO/1.3.6.1.4.1.9590.100.1.2.300815932412614376103948123461311817042/1.3.6.1.4.1.9590.100.1.2.17532957112907477623089494040936020054/000000.dcm,mass,train,0,BENIGN
P_00248,LEFT,MLO,mass,MALIGNANT,Mass-Training_P_00248_LEFT_MLO/1.3.6.1.4.1.9590.100.1.2.21384438812486234020678076664235541045/1.3.6.1.4.1.9590.100.1.2.318026917311670026440249335270791185579/000000.dcm,mass,train,1,MALIGNANT
P_00254,LEFT,CC,mass,MALIGNANT,Mass-Training_P_00254_LEFT_CC/1.3.6.1.4.1.9590.100.1.2.304230351713299433338915562343659398617/1.3.6.1.4.1.9590.100.1.2.322581976313493693000967310302793899097/000000.dcm,mass,train,1,MALIGNANT
P_00254,LEFT,MLO,mass,MALIGNANT,Mass-Training_P_00254_LEFT_MLO/1.3.6.1.4.1.9590.100.1.2.177417358913899808407670137772842807341/1.3.6.1.4.1.9590.100.1.2.200753917713679520535019007044031244915/000000.dcm,mass,train,1,MALIGNANT
P_00259,RIGHT,CC,mass,MALIGNANT,Mass-Training_P_00259_RIGHT_CC/1.3.6.1.4.1.9590.100.1.2.339798813212077226631653989410449387824/1.3.6.1.4.1.9590.100.1.2.98671316311727287728593409473002771971/000000.dcm,mass,train,1,MALIGNANT
P_00259,RIGHT,MLO,mass,MALIGNANT,Mass-Training_P_00259_RIGHT_MLO/1.3.6.1.4.1.9590.100.1.2.172077251111829320224994400042975972110/1.3.6.1.4.1.9590.100.1.2.122981719610620049441742166123385329893/000000.dcm,mass,train,1,MALIGNANT
P_00264,LEFT,CC,mass,MALIGNANT,Mass-Training_P_00264_LEFT_CC/1.3.6.1.4.1.9590.100.1.2.58360072013209834217202599793109411129/1.3.6.1.4.1.9590.100.1.2.387625671611844817822678534601928099272/000000.dcm,mass,train,1,MALIGNANT
P_00264,LEFT,MLO,mass,MALIGNANT,Mass-Training_P_00264_LEFT_MLO/1.3.6.1.4.1.9590.100.1.2.360010784611897814630079809401538930592/1.3.6.1.4.1.9590.100.1.2.41395477713147966735437077832682828713/000000.dcm,mass,train,1,MALIGNANT
P_00265,RIGHT,CC,mass,MALIGNANT,Mass-Training_P_00265_RIGHT_CC/1.3.6.1.4.1.9590.100.1.2.93446266611808148425913309470515920410/1.3.6.1.4.1.9590.100.1.2.230847457811985905132857803630553450916/000000.dcm,mass,train,1,MALIGNANT
P_00265,RIGHT,MLO,mass,MALIGNANT,Mass-Training_P_00265_RIGHT_MLO/1.3.6.1.4.1.9590.100.1.2.265175506111261496514290188101701456262/1.3.6.1.4.1.9590.100.1.2.72031052711411811221749052683014455686/000000.dcm,mass,train,1,MALIGNANT
P_00273,LEFT,CC,mass,BENIGN,Mass-Training_P_00273_LEFT_CC/1.3.6.1.4.1.9590.100.1.2.242449690612742934410967801943186398859/1.3.6.1.4.1.9590.100.1.2.107959550611257621041974460543274070722/000000.dcm,mass,train,0,BENIGN
P_00279,LEFT,CC,mass,BENIGN,Mass-Training_P_00279_LEFT_CC/1.3.6.1.4.1.9590.100.1.2.131599809812641131301049916603655310219/1.3.6.1.4.1.9590.100.1.2.211143567313980572705666984101238760207/000000.dcm,mass,train,0,BENIGN
P_00281,LEFT,MLO,mass,BENIGN,Mass-Training_P_00281_LEFT_MLO/1.3.6.1.4.1.9590.100.1.2.306790226913702749912884476160067896857/1.3.6.1.4.1.9590.100.1.2.100682860911308271813943300011840547108/000000.dcm,mass,train,0,BENIGN
P_00283,RIGHT,CC,mass,MALIGNANT,Mass-Training_P_00283_RIGHT_CC/1.3.6.1.4.1.9590.100.1.2.162200722011729536114495108143434716328/1.3.6.1.4.1.9590.100.1.2.287304805711524041431170965933047146206/000000.dcm,mass,train,1,MALIGNANT
P_00283,RIGHT,MLO,mass,MALIGNANT,Mass-Training_P_00283_RIGHT_MLO/1.3.6.1.4.1.9590.100.1.2.333483032711633263833222434800970185576/1.3.6.1.4.1.9590.100.1.2.1876105710318941827196962570611074499/000000.dcm,mass,train,1,MALIGNANT
P_00287,RIGHT,CC,mass,MALIGNANT,Mass-Training_P_00287_RIGHT_CC/1.3.6.1.4.1.9590.100.1.2.399347810810085326701024718693766488525/1.3.6.1.4.1.9590.100.1.2.365371676412588907115235634354043674317/000000.dcm,mass,train,1,MALIGNANT
P_00287,RIGHT,MLO,mass,MALIGNANT,Mass-Training_P_00287_RIGHT_MLO/1.3.6.1.4.1.9590.100.1.2.240961853011675577505942821432139254534/1.3.6.1.4.1.9590.100.1.2.285317105313152046222309992052850234643/000000.dcm,mass,train,1,MALIGNANT
P_00289,LEFT,CC,mass,BENIGN,Mass-Training_P_00289_LEFT_CC/1.3.6.1.4.1.9590.100.1.2.258664129913938239429179454981158957925/1.3.6.1.4.1.9590.100.1.2.213518949511422551138431651170878058094/000000.dcm,mass,train,0,BENIGN
P_00289,LEFT,MLO,mass,BENIGN,Mass-Training_P_00289_LEFT_MLO/1.3.6.1.4.1.9590.100.1.2.379092295813950329722367333203935179698/1.3.6.1.4.1.9590.100.1.2.412841229711732634433998050910688769355/000000.dcm,mass,train,0,BENIGN
P_00294,LEFT,CC,mass,BENIGN,Mass-Training_P_00294_LEFT_CC/1.3.6.1.4.1.9590.100.1.2.316165365713169012206770313243494466873/1.3.6.1.4.1.9590.100.1.2.235998682411302642221092187361510184158/000000.dcm,mass,train,0,BENIGN
P_00294,LEFT,MLO,mass,BENIGN,Mass-Training_P_00294_LEFT_MLO/1.3.6.1.4.1.9590.100.1.2.53121832412532732420372451161713592718/1.3.6.1.4.1.9590.100.1.2.126672589212773088839193432761207411911/000000.dcm,mass,train,0,BENIGN
P_00298,LEFT,CC,mass,BENIGN,Mass-Training_P_00298_LEFT_CC/1.3.6.1.4.1.9590.100.1.2.107304069512528869129426080190373122693/1.3.6.1.4.1.9590.100.1.2.168629972812154167104500496831339903445/000000.dcm,mass,train,0,BENIGN
P_00298,LEFT,MLO,mass,BENIGN,Mass-Training_P_00298_LEFT_MLO/1.3.6.1.4.1.9590.100.1.2.207612582213476016713171478080686927692/1.3.6.1.4.1.9590.100.1.2.17600012911541716125911937563157149323/000000.dcm,mass,train,0,BENIGN
P_00303,LEFT,CC,mass,BENIGN,Mass-Training_P_00303_LEFT_CC/1.3.6.1.4.1.9590.100.1.2.70345427213719089719428246301606945974/1.3.6.1.4.1.9590.100.1.2.27664704112161009124633468232515447862/000000.dcm,mass,train,0,BENIGN
P_00303,LEFT,MLO,mass,BENIGN,Mass-Training_P_00303_LEFT_MLO/1.3.6.1.4.1.9590.100.1.2.280518724011556652936660443153708417876/1.3.6.1.4.1.9590.100.1.2.93262706812708085503412661002234752608/000000.dcm,mass,train,0,BENIGN
P_00303,RIGHT,CC,mass,BENIGN,Mass-Training_P_00303_RIGHT_CC/1.3.6.1.4.1.9590.100.1.2.293562745413141278428919983642733169056/1.3.6.1.4.1.9590.100.1.2.218620318613956716810749252141856797976/000000.dcm,mass,train,0,BENIGN
P_00303,RIGHT,MLO,mass,BENIGN,Mass-Training_P_00303_RIGHT_MLO/1.3.6.1.4.1.9590.100.1.2.272024976212855464812633230212801794069/1.3.6.1.4.1.9590.100.1.2.293359047911187270714650133994167840030/000000.dcm,mass,train,0,BENIGN
P_00304,LEFT,MLO,mass,BENIGN,Mass-Training_P_00304_LEFT_MLO/1.3.6.1.4.1.9590.100.1.2.24728020112931136607325564400476947994/1.3.6.1.4.1.9590.100.1.2.368677889211938858542071548600720272101/000000.dcm,mass,train,0,BENIGN
P_00309,LEFT,CC,mass,BENIGN,Mass-Training_P_00309_LEFT_CC/1.3.6.1.4.1.9590.100.1.2.307113677312660993540523583031073766889/1.3.6.1.4.1.9590.100.1.2.144960087511073919317005203531105331307/000000.dcm,mass,train,0,BENIGN
P_00309,LEFT,CC,mass,BENIGN,Mass-Training_P_00309_LEFT_CC/1.3.6.1.4.1.9590.100.1.2.307113677312660993540523583031073766889/1.3.6.1.4.1.9590.100.1.2.144960087511073919317005203531105331307/000000.dcm,mass,train,0,BENIGN
P_00309,LEFT,MLO,mass,BENIGN,Mass-Training_P_00309_LEFT_MLO/1.3.6.1.4.1.9590.100.1.2.372214552710884727607068271483686109438/1.3.6.1.4.1.9590.100.1.2.281978325612538236138684876031344761429/000000.dcm,mass,train,0,BENIGN
P_00309,LEFT,MLO,mass,BENIGN,Mass-Training_P_00309_LEFT_MLO/1.3.6.1.4.1.9590.100.1.2.372214552710884727607068271483686109438/1.3.6.1.4.1.9590.100.1.2.281978325612538236138684876031344761429/000000.dcm,mass,train,0,BENIGN
P_00313,RIGHT,CC,mass,MALIGNANT,Mass-Training_P_00313_RIGHT_CC/1.3.6.1.4.1.9590.100.1.2.382151580012212861821327125933968121250/1.3.6.1.4.1.9590.100.1.2.333065888012984608812932148652203645602/000000.dcm,mass,train,1,MALIGNANT
P_00313,RIGHT,MLO,mass,MALIGNANT,Mass-Training_P_00313_RIGHT_MLO/1.3.6.1.4.1.9590.100.1.2.109517385312812362838773395792609300256/1.3.6.1.4.1.9590.100.1.2.290334146310105051414449527132649523011/000000.dcm,mass,train,1,MALIGNANT
P_00314,RIGHT,CC,mass,MALIGNANT,Mass-Training_P_00314_RIGHT_CC/1.3.6.1.4.1.9590.100.1.2.215014803512335036524852799060057151893/1.3.6.1.4.1.9590.100.1.2.198806094011873394005769283843984674114/000000.dcm,mass,train,1,MALIGNANT
P_00314,RIGHT,MLO,mass,MALIGNANT,Mass-Training_P_00314_RIGHT_MLO/1.3.6.1.4.1.9590.100.1.2.229326360313300035814587281263376276001/1.3.6.1.4.1.9590.100.1.2.162585879813814097935228732511788537826/000000.dcm,mass,train,1,MALIGNANT
P_00317,RIGHT,MLO,mass,MALIGNANT,Mass-Training_P_00317_RIGHT_MLO/1.3.6.1.4.1.9590.100.1.2.402397961412638914637244916770358411325/1.3.6.1.4.1.9590.100.1.2.310220346011079442513712769740954804111/000000.dcm,mass,train,1,MALIGNANT
P_00319,LEFT,CC,mass,MALIGNANT,Mass-Training_P_00319_LEFT_CC/1.3.6.1.4.1.9590.100.1.2.209632843411472243118340281891119423302/1.3.6.1.4.1.9590.100.1.2.385048669110065366518659298952946874460/000000.dcm,mass,train,1,MALIGNANT
P_00319,LEFT,MLO,mass,MALIGNANT,Mass-Training_P_00319_LEFT_MLO/1.3.6.1.4.1.9590.100.1.2.113297810612641094237476028642107280929/1.3.6.1.4.1.9590.100.1.2.28046978313456547334947447404264538941/000000.dcm,mass,train,1,MALIGNANT
P_00320,LEFT,CC,mass,BENIGN,Mass-Training_P_00320_LEFT_CC/1.3.6.1.4.1.9590.100.1.2.81293000811208407340279202891909745994/1.3.6.1.4.1.9590.100.1.2.104119411412935707132033373840932496396/000000.dcm,mass,train,0,BENIGN
P_00320,LEFT,MLO,mass,BENIGN,Mass-Training_P_00320_LEFT_MLO/1.3.6.1.4.1.9590.100.1.2.283208941112543232508621380083219245801/1.3.6.1.4.1.9590.100.1.2.59183152312644983041392313992624938632/000000.dcm,mass,train,0,BENIGN
P_00328,LEFT,MLO,mass,BENIGN_WITHOUT_CALLBACK,Mass-Training_P_00328_LEFT_MLO/1.3.6.1.4.1.9590.100.1.2.400093067211018820405478040370680739090/1.3.6.1.4.1.9590.100.1.2.365206534912452997214897378893666156790/000000.dcm,mass,train,0,BENIGN
P_00328,RIGHT,CC,mass,MALIGNANT,Mass-Training_P_00328_RIGHT_CC/1.3.6.1.4.1.9590.100.1.2.139499901412685527807613605633654492939/1.3.6.1.4.1.9590.100.1.2.228092873212870547017384383211202398357/000000.dcm,mass,train,1,MALIGNANT
P_00328,RIGHT,CC,mass,MALIGNANT,Mass-Training_P_00328_RIGHT_CC/1.3.6.1.4.1.9590.100.1.2.139499901412685527807613605633654492939/1.3.6.1.4.1.9590.100.1.2.228092873212870547017384383211202398357/000000.dcm,mass,train,1,MALIGNANT
P_00328,RIGHT,MLO,mass,MALIGNANT,Mass-Training_P_00328_RIGHT_MLO/1.3.6.1.4.1.9590.100.1.2.134963624412537006013898369750633781199/1.3.6.1.4.1.9590.100.1.2.5375905712574640734093978892038034997/000000.dcm,mass,train,1,MALIGNANT
P_00328,RIGHT,MLO,mass,MALIGNANT,Mass-Training_P_00328_RIGHT_MLO/1.3.6.1.4.1.9590.100.1.2.134963624412537006013898369750633781199/1.3.6.1.4.1.9590.100.1.2.5375905712574640734093978892038034997/000000.dcm,mass,train,1,MALIGNANT
P_00330,LEFT,CC,mass,BENIGN,Mass-Training_P_00330_LEFT_CC/1.3.6.1.4.1.9590.100.1.2.280858989411620264900825130670161730205/1.3.6.1.4.1.9590.100.1.2.74088365112551230507136001593462769806/000000.dcm,mass,train,0,BENIGN
P_00330,LEFT,MLO,mass,BENIGN,Mass-Training_P_00330_LEFT_MLO/1.3.6.1.4.1.9590.100.1.2.38470868713692322028695556342652718431/1.3.6.1.4.1.9590.100.1.2.354291287510277509211797459463240251346/000000.dcm,mass,train,0,BENIGN
P_00332,LEFT,CC,mass,BENIGN,Mass-Training_P_00332_LEFT_CC/1.3.6.1.4.1.9590.100.1.2.377226232312121729826764967840053589045/1.3.6.1.4.1.9590.100.1.2.418457498011014875313768610940282872675/000000.dcm,mass,train,0,BENIGN
P_00332,LEFT,MLO,mass,BENIGN,Mass-Training_P_00332_LEFT_MLO/1.3.6.1.4.1.9590.100.1.2.284894177012739433526087676763634568425/1.3.6.1.4.1.9590.100.1.2.209028941712493109723840065742063283976/000000.dcm,mass,train,0,BENIGN
P_00332,RIGHT,CC,mass,BENIGN,Mass-Training_P_00332_RIGHT_CC/1.3.6.1.4.1.9590.100.1.2.301281973710855822036202520890792601889/1.3.6.1.4.1.9590.100.1.2.276781632711164698606928383192931648072/000000.dcm,mass,train,0,BENIGN
P_00332,RIGHT,MLO,mass,BENIGN,Mass-Training_P_00332_RIGHT_MLO/1.3.6.1.4.1.9590.100.1.2.65107776312138636525328080811673108354/1.3.6.1.4.1.9590.100.1.2.351992760012053402305878306993041365874/000000.dcm,mass,train,0,BENIGN
P_00333,RIGHT,CC,mass,BENIGN,Mass-Training_P_00333_RIGHT_CC/1.3.6.1.4.1.9590.100.1.2.1953614812679415525780113174241515934/1.3.6.1.4.1.9590.100.1.2.186802047911068486232027803311080950742/000000.dcm,mass,train,0,BENIGN
P_00333,RIGHT,MLO,mass,BENIGN,Mass-Training_P_00333_RIGHT_MLO/1.3.6.1.4.1.9590.100.1.2.404229406313169688538822829192847964824/1.3.6.1.4.1.9590.100.1.2.189675058012591271842516184791920684602/000000.dcm,mass,train,0,BENIGN
P_00334,LEFT,MLO,mass,BENIGN,Mass-Training_P_00334_LEFT_MLO/1.3.6.1.4.1.9590.100.1.2.311107357613342865010934429750174892884/1.3.6.1.4.1.9590.100.1.2.343240554110139708810240861602398769341/000000.dcm,mass,train,0,BENIGN
P_00335,LEFT,MLO,mass,MALIGNANT,Mass-Training_P_00335_LEFT_MLO/1.3.6.1.4.1.9590.100.1.2.250246380012673480100647187563564472433/1.3.6.1.4.1.9590.100.1.2.144135582511225260304642832923710501704/000000.dcm,mass,train,1,MALIGNANT
P_00342,RIGHT,CC,mass,BENIGN_WITHOUT_CALLBACK,Mass-Training_P_00342_RIGHT_CC/1.3.6.1.4.1.9590.100.1.2.73943697011578104041398573190283288828/1.3.6.1.4.1.9590.100.1.2.4071275011184216523502721732765963066/000000.dcm,mass,train,0,BENIGN
P_00342,RIGHT,MLO,mass,BENIGN_WITHOUT_CALLBACK,Mass-Training_P_00342_RIGHT_MLO/1.3.6.1.4.1.9590.100.1.2.242210841411782205422514871201687957077/1.3.6.1.4.1.9590.100.1.2.170204618311705960537961724650736097259/000000.dcm,mass,train,0,BENIGN
P_00342,RIGHT,MLO,mass,BENIGN_WITHOUT_CALLBACK,Mass-Training_P_00342_RIGHT_MLO/1.3.6.1.4.1.9590.100.1.2.242210841411782205422514871201687957077/1.3.6.1.4.1.9590.100.1.2.170204618311705960537961724650736097259/000000.dcm,mass,train,0,BENIGN
P_00342,RIGHT,MLO,mass,BENIGN_WITHOUT_CALLBACK,Mass-Training_P_00342_RIGHT_MLO/1.3.6.1.4.1.9590.100.1.2.242210841411782205422514871201687957077/1.3.6.1.4.1.9590.100.1.2.170204618311705960537961724650736097259/000000.dcm,mass,train,0,BENIGN
P_00348,LEFT,CC,mass,BENIGN,Mass-Training_P_00348_LEFT_CC/1.3.6.1.4.1.9590.100.1.2.4201568812930521939190967111986213342/1.3.6.1.4.1.9590.100.1.2.199540652611776353821798207172123079154/000000.dcm,mass,train,0,BENIGN
P_00348,LEFT,MLO,mass,BENIGN,Mass-Training_P_00348_LEFT_MLO/1.3.6.1.4.1.9590.100.1.2.356683319811730657109978400551069657324/1.3.6.1.4.1.9590.100.1.2.129176419311733274935464126784195349376/000000.dcm,mass,train,0,BENIGN
P_00351,LEFT,CC,mass,BENIGN,Mass-Training_P_00351_LEFT_CC/1.3.6.1.4.1.9590.100.1.2.390724704811138199912217839863119332743/1.3.6.1.4.1.9590.100.1.2.417608135813097018923712441772099200133/000000.dcm,mass,train,0,BENIGN
P_00351,LEFT,MLO,mass,BENIGN,Mass-Training_P_00351_LEFT_MLO/1.3.6.1.4.1.9590.100.1.2.5102338012642675701954331280829918898/1.3.6.1.4.1.9590.100.1.2.141064051411895216939539027504255624084/000000.dcm,mass,train,0,BENIGN
P_00354,LEFT,CC,mass,MALIGNANT,Mass-Training_P_00354_LEFT_CC/1.3.6.1.4.1.9590.100.1.2.193352127112436491420177929451789935595/1.3.6.1.4.1.9590.100.1.2.168263165711078144037408664653348842349/000000.dcm,mass,train,1,MALIGNANT
P_00354,LEFT,MLO,mass,MALIGNANT,Mass-Training_P_00354_LEFT_MLO/1.3.6.1.4.1.9590.100.1.2.63246359512523055902146431200638425605/1.3.6.1.4.1.9590.100.1.2.424375028213529712235170387420953707530/000000.dcm,mass,train,1,MALIGNANT
P_00356,LEFT,CC,mass,MALIGNANT,Mass-Training_P_00356_LEFT_CC/1.3.6.1.4.1.9590.100.1.2.170939222111336498623312705481463864098/1.3.6.1.4.1.9590.100.1.2.172787227312499793236059621232382095130/000000.dcm,mass,train,1,MALIGNANT
P_00361,RIGHT,MLO,mass,MALIGNANT,Mass-Training_P_00361_RIGHT_MLO/1.3.6.1.4.1.9590.100.1.2.295638503211313605208465015521861719261/1.3.6.1.4.1.9590.100.1.2.250541129012697000139067193781811131927/000000.dcm,mass,train,1,MALIGNANT
P_00363,LEFT,CC,mass,MALIGNANT,Mass-Training_P_00363_LEFT_CC/1.3.6.1.4.1.9590.100.1.2.184085676813900267703852668551430581104/1.3.6.1.4.1.9590.100.1.2.179458899812520629223660238622755428813/000000.dcm,mass,train,1,MALIGNANT
P_00363,LEFT,MLO,mass,MALIGNANT,Mass-Training_P_00363_LEFT_MLO/1.3.6.1.4.1.9590.100.1.2.92618661711482555439145527170809632544/1.3.6.1.4.1.9590.100.1.2.127414375612335850402983190211128956561/000000.dcm,mass,train,1,MALIGNANT
P_00366,RIGHT,CC,mass,BENIGN,Mass-Training_P_00366_RIGHT_CC/1.3.6.1.4.1.9590.100.1.2.620460311384497814792022243903554235/1.3.6.1.4.1.9590.100.1.2.231328534412572441327087717352514897001/000000.dcm,mass,train,0,BENIGN
P_00366,RIGHT,MLO,mass,BENIGN,Mass-Training_P_00366_RIGHT_MLO/1.3.6.1.4.1.9590.100.1.2.400543753410423183642016795102050175083/1.3.6.1.4.1.9590.100.1.2.245002691212776218107391387354275491674/000000.dcm,mass,train,0,BENIGN
P_00370,RIGHT,CC,mass,MALIGNANT,Mass-Training_P_00370_RIGHT_CC/1.3.6.1.4.1.9590.100.1.2.99751293112502914935479105842179319880/1.3.6.1.4.1.9590.100.1.2.26785943013851897504417315121757689195/000000.dcm,mass,train,1,MALIGNANT
P_00370,RIGHT,MLO,mass,MALIGNANT,Mass-Training_P_00370_RIGHT_MLO/1.3.6.1.4.1.9590.100.1.2.261154159810734304922012671242500162039/1.3.6.1.4.1.9590.100.1.2.370999277211359885401017875750544572719/000000.dcm,mass,train,1,MALIGNANT
P_00376,RIGHT,CC,mass,BENIGN_WITHOUT_CALLBACK,Mass-Training_P_00376_RIGHT_CC/1.3.6.1.4.1.9590.100.1.2.232105693913214960332158649713003044213/1.3.6.1.4.1.9590.100.1.2.233911555812115637135380650580631967915/000000.dcm,mass,train,0,BENIGN
P_00376,RIGHT,MLO,mass,BENIGN_WITHOUT_CALLBACK,Mass-Training_P_00376_RIGHT_MLO/1.3.6.1.4.1.9590.100.1.2.98260264411064804226886345424017948329/1.3.6.1.4.1.9590.100.1.2.260395375912689985505181352172038713429/000000.dcm,mass,train,0,BENIGN
P_00376,RIGHT,MLO,mass,BENIGN_WITHOUT_CALLBACK,Mass-Training_P_00376_RIGHT_MLO/1.3.6.1.4.1.9590.100.1.2.98260264411064804226886345424017948329/1.3.6.1.4.1.9590.100.1.2.260395375912689985505181352172038713429/000000.dcm,mass,train,0,BENIGN
P_00376,RIGHT,MLO,mass,BENIGN_WITHOUT_CALLBACK,Mass-Training_P_00376_RIGHT_MLO/1.3.6.1.4.1.9590.100.1.2.98260264411064804226886345424017948329/1.3.6.1.4.1.9590.100.1.2.260395375912689985505181352172038713429/000000.dcm,mass,train,0,BENIGN
P_00376,RIGHT,MLO,mass,BENIGN_WITHOUT_CALLBACK,Mass-Training_P_00376_RIGHT_MLO/1.3.6.1.4.1.9590.100.1.2.98260264411064804226886345424017948329/1.3.6.1.4.1.9590.100.1.2.260395375912689985505181352172038713429/000000.dcm,mass,train,0,BENIGN
P_00383,LEFT,MLO,mass,MALIGNANT,Mass-Training_P_00383_LEFT_MLO/1.3.6.1.4.1.9590.100.1.2.395486264611120232738399712512853395975/1.3.6.1.4.1.9590.100.1.2.55968524711909111320750324813970130575/000000.dcm,mass,train,1,MALIGNANT
P_00384,RIGHT,CC,mass,BENIGN,Mass-Training_P_00384_RIGHT_CC/1.3.6.1.4.1.9590.100.1.2.247323640512084044906220817071185842493/1.3.6.1.4.1.9590.100.1.2.202553131511451858229945913810637396413/000000.dcm,mass,train,0,BENIGN
P_00384,RIGHT,MLO,mass,BENIGN,Mass-Training_P_00384_RIGHT_MLO/1.3.6.1.4.1.9590.100.1.2.116926212712193334920018456740073402609/1.3.6.1.4.1.9590.100.1.2.143371196212541378011909328781069855971/000000.dcm,mass,train,0,BENIGN
P_00385,RIGHT,CC,mass,BENIGN_WITHOUT_CALLBACK,Mass-Training_P_00385_RIGHT_CC/1.3.6.1.4.1.9590.100.1.2.12507295911538543913539621372132491080/1.3.6.1.4.1.9590.100.1.2.245550762511135550738178630953626561752/000000.dcm,mass,train,0,BENIGN
P_00385,RIGHT,MLO,mass,BENIGN_WITHOUT_CALLBACK,Mass-Training_P_00385_RIGHT_MLO/1.3.6.1.4.1.9590.100.1.2.226230642312442243130072756702332749732/1.3.6.1.4.1.9590.100.1.2.282187186212471477920122594912799518222/000000.dcm,mass,train,0,BENIGN
P_00386,LEFT,CC,mass,MALIGNANT,Mass-Training_P_00386_LEFT_CC/1.3.6.1.4.1.9590.100.1.2.203745332612486873126044832253906810466/1.3.6.1.4.1.9590.100.1.2.357895865312935232740791412752491722139/000000.dcm,mass,train,1,MALIGNANT
P_00386,LEFT,MLO,mass,MALIGNANT,Mass-Training_P_00386_LEFT_MLO/1.3.6.1.4.1.9590.100.1.2.280953644212544632900395536690534762774/1.3.6.1.4.1.9590.100.1.2.51790071813914520302781173050912065274/000000.dcm,mass,train,1,MALIGNANT
P_00389,LEFT,MLO,mass,BENIGN,Mass-Training_P_00389_LEFT_MLO/1.3.6.1.4.1.9590.100.1.2.130516067412557517409678426921055306769/1.3.6.1.4.1.9590.100.1.2.55778548111209969424695307662410813691/000000.dcm,mass,train,0,BENIGN
P_00396,LEFT,CC,mass,MALIGNANT,Mass-Training_P_00396_LEFT_CC/1.3.6.1.4.1.9590.100.1.2.139737817413573460617004896332893320720/1.3.6.1.4.1.9590.100.1.2.99384845412796395014256477491120965729/000000.dcm,mass,train,1,MALIGNANT
P_00396,LEFT,MLO,mass,MALIGNANT,Mass-Training_P_00396_LEFT_MLO/1.3.6.1.4.1.9590.100.1.2.407601918910689727918938628372313301218/1.3.6.1.4.1.9590.100.1.2.138846257411488774441129237782868069097/000000.dcm,mass,train,1,MALIGNANT
P_00399,RIGHT,CC,mass,MALIGNANT,Mass-Training_P_00399_RIGHT_CC/1.3.6.1.4.1.9590.100.1.2.334648726211236598842555029920165482913/1.3.6.1.4.1.9590.100.1.2.84122280212649020533362604933513296684/000000.dcm,mass,train,1,MALIGNANT
P_00399,RIGHT,MLO,mass,MALIGNANT,Mass-Training_P_00399_RIGHT_MLO/1.3.6.1.4.1.9590.100.1.2.329260113710552044102005103543291332475/1.3.6.1.4.1.9590.100.1.2.239548739510237429113050679573385847658/000000.dcm,mass,train,1,MALIGNANT
P_00401,LEFT,CC,mass,BENIGN,Mass-Training_P_00401_LEFT_CC/1.3.6.1.4.1.9590.100.1.2.197853292811477059800417463321951576936/1.3.6.1.4.1.9590.100.1.2.215226313412573905023338082960607706763/000000.dcm,mass,train,0,BENIGN
P_00401,LEFT,MLO,mass,BENIGN,Mass-Training_P_00401_LEFT_MLO/1.3.6.1.4.1.9590.100.1.2.212227071411874305812725756301569606300/1.3.6.1.4.1.9590.100.1.2.296558944912772058418981961040600019022/000000.dcm,mass,train,0,BENIGN
P_00406,RIGHT,CC,mass,MALIGNANT,Mass-Training_P_00406_RIGHT_CC/1.3.6.1.4.1.9590.100.1.2.364058908012546936423906505112270975712/1.3.6.1.4.1.9590.100.1.2.426578226012353341625938149703656638104/000000.dcm,mass,train,1,MALIGNANT
P_00406,RIGHT,MLO,mass,MALIGNANT,Mass-Training_P_00406_RIGHT_MLO/1.3.6.1.4.1.9590.100.1.2.124872769910821257107935991222969831914/1.3.6.1.4.1.9590.100.1.2.103494873713070714519724174710474902216/000000.dcm,mass,train,1,MALIGNANT
P_00408,RIGHT,CC,mass,MALIGNANT,Mass-Training_P_00408_RIGHT_CC/1.3.6.1.4.1.9590.100.1.2.275002417111879090842317603152890208853/1.3.6.1.4.1.9590.100.1.2.398858551812156698220010707420848276001/000000.dcm,mass,train,1,MALIGNANT
P_00408,RIGHT,MLO,mass,MALIGNANT,Mass-Training_P_00408_RIGHT_MLO/1.3.6.1.4.1.9590.100.1.2.186750779810635888028068261470965213151/1.3.6.1.4.1.9590.100.1.2.163779167012604986616722705001823633288/000000.dcm,mass,train,1,MALIGNANT
P_00411,RIGHT,CC,mass,BENIGN,Mass-Training_P_00411_RIGHT_CC/1.3.6.1.4.1.9590.100.1.2.215382355611190781042924678780032735980/1.3.6.1.4.1.9590.100.1.2.121186059612438420227614821281510350601/000000.dcm,mass,train,0,BENIGN
P_00411,RIGHT,MLO,mass,BENIGN,Mass-Training_P_00411_RIGHT_MLO/1.3.6.1.4.1.9590.100.1.2.204600060312525320120336882361093181144/1.3.6.1.4.1.9590.100.1.2.398753834012362028440498190652411025281/000000.dcm,mass,train,0,BENIGN
P_00412,RIGHT,CC,mass,BENIGN,Mass-Training_P_00412_RIGHT_CC/1.3.6.1.4.1.9590.100.1.2.44993336213091128425937770282564286823/1.3.6.1.4.1.9590.100.1.2.98014403712287585625770364683727259546/000000.dcm,mass,train,0,BENIGN
P_00412,RIGHT,MLO,mass,BENIGN,Mass-Training_P_00412_RIGHT_MLO/1.3.6.1.4.1.9590.100.1.2.392185388813415692908801112843988844849/1.3.6.1.4.1.9590.100.1.2.376918381812465861922345488763551558666/000000.dcm,mass,train,0,BENIGN
P_00413,LEFT,CC,mass,MALIGNANT,Mass-Training_P_00413_LEFT_CC/1.3.6.1.4.1.9590.100.1.2.304771004613479203537615364390655428840/1.3.6.1.4.1.9590.100.1.2.118892935111145616133263597182397482823/000000.dcm,mass,train,1,MALIGNANT
P_00413,LEFT,MLO,mass,MALIGNANT,Mass-Training_P_00413_LEFT_MLO/1.3.6.1.4.1.9590.100.1.2.392442439512280146508052763053255989242/1.3.6.1.4.1.9590.100.1.2.90778433812357959042532489360994707924/000000.dcm,mass,train,1,MALIGNANT
P_00414,LEFT,CC,mass,MALIGNANT,Mass-Training_P_00414_LEFT_CC/1.3.6.1.4.1.9590.100.1.2.347933220013250403335120267922193775155/1.3.6.1.4.1.9590.100.1.2.351318274912677102505949449482183813292/000000.dcm,mass,train,1,MALIGNANT
P_00414,LEFT,MLO,mass,MALIGNANT,Mass-Training_P_00414_LEFT_MLO/1.3.6.1.4.1.9590.100.1.2.244206904911411329706524332831864089998/1.3.6.1.4.1.9590.100.1.2.10317846812362504718225532432231442871/000000.dcm,mass,train,1,MALIGNANT
P_00415,RIGHT,CC,mass,MALIGNANT,Mass-Training_P_00415_RIGHT_CC/1.3.6.1.4.1.9590.100.1.2.402384016212164252827542903142605618854/1.3.6.1.4.1.9590.100.1.2.400932724010615651437830867700414025448/000000.dcm,mass,train,1,MALIGNANT
P_00415,RIGHT,MLO,mass,MALIGNANT,Mass-Training_P_00415_RIGHT_MLO/1.3.6.1.4.1.9590.100.1.2.362957701911915886828726588233028755556/1.3.6.1.4.1.9590.100.1.2.366116135913081041342774347930367938902/000000.dcm,mass,train,1,MALIGNANT
P_00417,RIGHT,CC,mass,BENIGN,Mass-Training_P_00417_RIGHT_CC/1.3.6.1.4.1.9590.100.1.2.384666204812527994309070319601333050475/1.3.6.1.4.1.9590.100.1.2.110137861311656868218615358930246510477/000000.dcm,mass,train,0,BENIGN
P_00417,RIGHT,MLO,mass,BENIGN,Mass-Training_P_00417_RIGHT_MLO/1.3.6.1.4.1.9590.100.1.2.67059412711192994508030194172928411168/1.3.6.1.4.1.9590.100.1.2.219986664510765910400707998013789457913/000000.dcm,mass,train,0,BENIGN
P_00419,LEFT,CC,mass,BENIGN,Mass-Training_P_00419_LEFT_CC/1.3.6.1.4.1.9590.100.1.2.185385464112640817231484525363691131563/1.3.6.1.4.1.9590.100.1.2.175043772610570804328930190413021504082/000000.dcm,mass,train,0,BENIGN
P_00419,LEFT,CC,mass,MALIGNANT,Mass-Training_P_00419_LEFT_CC/1.3.6.1.4.1.9590.100.1.2.185385464112640817231484525363691131563/1.3.6.1.4.1.9590.100.1.2.175043772610570804328930190413021504082/000000.dcm,mass,train,1,MALIGNANT
P_00419,LEFT,MLO,mass,MALIGNANT,Mass-Training_P_00419_LEFT_MLO/1.3.6.1.4.1.9590.100.1.2.35251714711534395303147864661551477629/1.3.6.1.4.1.9590.100.1.2.72724605212412925123701405661626433580/000000.dcm,mass,train,1,MALIGNANT
P_00419,LEFT,MLO,mass,BENIGN,Mass-Training_P_00419_LEFT_MLO/1.3.6.1.4.1.9590.100.1.2.35251714711534395303147864661551477629/1.3.6.1.4.1.9590.100.1.2.72724605212412925123701405661626433580/000000.dcm,mass,train,0,BENIGN
P_00419,RIGHT,CC,mass,BENIGN,Mass-Training_P_00419_RIGHT_CC/1.3.6.1.4.1.9590.100.1.2.363007464411430603223472592783326330689/1.3.6.1.4.1.9590.100.1.2.243518844011228052739967093022317182429/000000.dcm,mass,train,0,BENIGN
P_00419,RIGHT,MLO,mass,BENIGN,Mass-Training_P_00419_RIGHT_MLO/1.3.6.1.4.1.9590.100.1.2.337837846611469949723715664690295374271/1.3.6.1.4.1.9590.100.1.2.63984074411094294028093746000894797256/000000.dcm,mass,train,0,BENIGN
P_00420,RIGHT,CC,mass,MALIGNANT,Mass-Training_P_00420_RIGHT_CC/1.3.6.1.4.1.9590.100.1.2.390243788913548059100619252723724644458/1.3.6.1.4.1.9590.100.1.2.19730326712587641042131094143642946060/000000.dcm,mass,train,1,MALIGNANT
P_00420,RIGHT,CC,mass,MALIGNANT,Mass-Training_P_00420_RIGHT_CC/1.3.6.1.4.1.9590.100.1.2.390243788913548059100619252723724644458/1.3.6.1.4.1.9590.100.1.2.19730326712587641042131094143642946060/000000.dcm,mass,train,1,MALIGNANT
P_00420,RIGHT,MLO,mass,MALIGNANT,Mass-Training_P_00420_RIGHT_MLO/1.3.6.1.4.1.9590.100.1.2.424140115111797627839783999110135513082/1.3.6.1.4.1.9590.100.1.2.381976643013069766914531749641434314807/000000.dcm,mass,train,1,MALIGNANT
P_00420,RIGHT,MLO,mass,MALIGNANT,Mass-Training_P_00420_RIGHT_MLO/1.3.6.1.4.1.9590.100.1.2.424140115111797627839783999110135513082/1.3.6.1.4.1.9590.100.1.2.381976643013069766914531749641434314807/000000.dcm,mass,train,1,MALIGNANT
P_00421,LEFT,CC,mass,BENIGN,Mass-Training_P_00421_LEFT_CC/1.3.6.1.4.1.9590.100.1.2.266298506913069448229073012553682130153/1.3.6.1.4.1.9590.100.1.2.398436206112075190335811098902545958874/000000.dcm,mass,train,0,BENIGN
P_00421,LEFT,MLO,mass,BENIGN,Mass-Training_P_00421_LEFT_MLO/1.3.6.1.4.1.9590.100.1.2.72964125812186847521419647080232526126/1.3.6.1.4.1.9590.100.1.2.403824995113685855926042098451429311853/000000.dcm,mass,train,0,BENIGN
P_00423,RIGHT,CC,mass,MALIGNANT,Mass-Training_P_00423_RIGHT_CC/1.3.6.1.4.1.9590.100.1.2.177668399911329589136460729701682147778/1.3.6.1.4.1.9590.100.1.2.73714346712740818321514602263961334100/000000.dcm,mass,train,1,MALIGNANT
P_00426,RIGHT,CC,mass,BENIGN,Mass-Training_P_00426_RIGHT_CC/1.3.6.1.4.1.9590.100.1.2.43224476312650913411480590150853078887/1.3.6.1.4.1.9590.100.1.2.278751293312112492613108122923242306167/000000.dcm,mass,train,0,BENIGN
P_00426,RIGHT,MLO,mass,BENIGN,Mass-Training_P_00426_RIGHT_MLO/1.3.6.1.4.1.9590.100.1.2.46513295611813697019090070120999256259/1.3.6.1.4.1.9590.100.1.2.26770521411620079009394768741064441231/000000.dcm,mass,train,0,BENIGN
P_00427,RIGHT,MLO,mass,BENIGN,Mass-Training_P_00427_RIGHT_MLO/1.3.6.1.4.1.9590.100.1.2.340446797013371509319645610401702655075/1.3.6.1.4.1.9590.100.1.2.78060109511881183214215719874238829012/000000.dcm,mass,train,0,BENIGN
P_00428,LEFT,CC,mass,BENIGN,Mass-Training_P_00428_LEFT_CC/1.3.6.1.4.1.9590.100.1.2.193203277311238631227367146822633045951/1.3.6.1.4.1.9590.100.1.2.246591470012088856007701482732199881761/000000.dcm,mass,train,0,BENIGN
P_00430,LEFT,CC,mass,BENIGN,Mass-Training_P_00430_LEFT_CC/1.3.6.1.4.1.9590.100.1.2.66337734512480688002412865354173596377/1.3.6.1.4.1.9590.100.1.2.381552435213022182420381569321704069961/000000.dcm,mass,train,0,BENIGN
P_00430,LEFT,MLO,mass,BENIGN,Mass-Training_P_00430_LEFT_MLO/1.3.6.1.4.1.9590.100.1.2.364105523611189767721559865981361688485/1.3.6.1.4.1.9590.100.1.2.167983370912333385540136411240358652434/000000.dcm,mass,train,0,BENIGN
P_00431,RIGHT,CC,mass,BENIGN,Mass-Training_P_00431_RIGHT_CC/1.3.6.1.4.1.9590.100.1.2.280171727512830331438418021312663024693/1.3.6.1.4.1.9590.100.1.2.425182509912779827704955040293854758529/000000.dcm,mass,train,0,BENIGN
P_00431,RIGHT,MLO,mass,BENIGN,Mass-Training_P_00431_RIGHT_MLO/1.3.6.1.4.1.9590.100.1.2.205151279713393134238372758233526634188/1.3.6.1.4.1.9590.100.1.2.124590109813952150636321061402587017340/000000.dcm,mass,train,0,BENIGN
P_00432,LEFT,CC,mass,MALIGNANT,Mass-Training_P_00432_LEFT_CC/1.3.6.1.4.1.9590.100.1.2.210580965513748521441080654553788734642/1.3.6.1.4.1.9590.100.1.2.389817989411024663139102163343345717561/000000.dcm,mass,train,1,MALIGNANT
P_00432,LEFT,CC,mass,MALIGNANT,Mass-Training_P_00432_LEFT_CC/1.3.6.1.4.1.9590.100.1.2.210580965513748521441080654553788734642/1.3.6.1.4.1.9590.100.1.2.389817989411024663139102163343345717561/000000.dcm,mass,train,1,MALIGNANT
P_00432,LEFT,MLO,mass,MALIGNANT,Mass-Training_P_00432_LEFT_MLO/1.3.6.1.4.1.9590.100.1.2.167858285213287860326364558271454833534/1.3.6.1.4.1.9590.100.1.2.108388395511926748633729161121235629315/000000.dcm,mass,train,1,MALIGNANT
P_00432,LEFT,MLO,mass,MALIGNANT,Mass-Training_P_00432_LEFT_MLO/1.3.6.1.4.1.9590.100.1.2.167858285213287860326364558271454833534/1.3.6.1.4.1.9590.100.1.2.108388395511926748633729161121235629315/000000.dcm,mass,train,1,MALIGNANT
P_00435,RIGHT,MLO,mass,MALIGNANT,Mass-Training_P_00435_RIGHT_MLO/1.3.6.1.4.1.9590.100.1.2.156363460113130851021628566210489055313/1.3.6.1.4.1.9590.100.1.2.33525463311604309520509720512605682139/000000.dcm,mass,train,1,MALIGNANT
P_00436,LEFT,CC,mass,BENIGN,Mass-Training_P_00436_LEFT_CC/1.3.6.1.4.1.9590.100.1.2.39223799011643015003755642153505429490/1.3.6.1.4.1.9590.100.1.2.392713810013832904138964135680759194917/000000.dcm,mass,train,0,BENIGN
P_00436,LEFT,MLO,mass,BENIGN,Mass-Training_P_00436_LEFT_MLO/1.3.6.1.4.1.9590.100.1.2.361187278312293903117177609100642034117/1.3.6.1.4.1.9590.100.1.2.411331615012087254927690983874138256843/000000.dcm,mass,train,0,BENIGN
P_00437,LEFT,CC,mass,BENIGN,Mass-Training_P_00437_LEFT_CC/1.3.6.1.4.1.9590.100.1.2.368066563711191674636154761393958152212/1.3.6.1.4.1.9590.100.1.2.304554673611780248912552398121973624483/000000.dcm,mass,train,0,BENIGN
P_00437,LEFT,MLO,mass,BENIGN,Mass-Training_P_00437_LEFT_MLO/1.3.6.1.4.1.9590.100.1.2.146491055911657972806940827363650335171/1.3.6.1.4.1.9590.100.1.2.217960090412145197127377721882421658586/000000.dcm,mass,train,0,BENIGN
P_00439,RIGHT,CC,mass,MALIGNANT,Mass-Training_P_00439_RIGHT_CC/1.3.6.1.4.1.9590.100.1.2.271702245511021804337585228123141517979/1.3.6.1.4.1.9590.100.1.2.359651751012073327113353570971821678923/000000.dcm,mass,train,1,MALIGNANT
P_00439,RIGHT,MLO,mass,MALIGNANT,Mass-Training_P_00439_RIGHT_MLO/1.3.6.1.4.1.9590.100.1.2.2607049911612584438352718542090027770/1.3.6.1.4.1.9590.100.1.2.223200299211434089119224646431205382397/000000.dcm,mass,train,1,MALIGNANT
P_00440,RIGHT,MLO,mass,MALIGNANT,Mass-Training_P_00440_RIGHT_MLO/1.3.6.1.4.1.9590.100.1.2.55012842710335816232943325513141192678/1.3.6.1.4.1.9590.100.1.2.192996741813138389617212425101716524518/000000.dcm,mass,train,1,MALIGNANT
P_00441,RIGHT,MLO,mass,BENIGN,Mass-Training_P_00441_RIGHT_MLO/1.3.6.1.4.1.9590.100.1.2.98166008113080392009746853381999538324/1.3.6.1.4.1.9590.100.1.2.425362600412777362523296697782054659961/000000.dcm,mass,train,0,BENIGN
P_00442,RIGHT,CC,mass,BENIGN,Mass-Training_P_00442_RIGHT_CC/1.3.6.1.4.1.9590.100.1.2.283657265413112346539997095922447646184/1.3.6.1.4.1.9590.100.1.2.401023586412655416321348819711950708264/000000.dcm,mass,train,0,BENIGN
P_00442,RIGHT,MLO,mass,BENIGN,Mass-Training_P_00442_RIGHT_MLO/1.3.6.1.4.1.9590.100.1.2.156156668311234487400742859863660127104/1.3.6.1.4.1.9590.100.1.2.3943379511070400605058474241082098892/000000.dcm,mass,train,0,BENIGN
P_00444,LEFT,CC,mass,MALIGNANT,Mass-Training_P_00444_LEFT_CC/1.3.6.1.4.1.9590.100.1.2.114911698811657276313631750631837055440/1.3.6.1.4.1.9590.100.1.2.96119558211202328929132875902651692103/000000.dcm,mass,train,1,MALIGNANT
P_00444,LEFT,MLO,mass,MALIGNANT,Mass-Training_P_00444_LEFT_MLO/1.3.6.1.4.1.9590.100.1.2.14151496812410733419672083661274978430/1.3.6.1.4.1.9590.100.1.2.56526196612878022942647118353975254976/000000.dcm,mass,train,1,MALIGNANT
P_00450,LEFT,CC,mass,MALIGNANT,Mass-Training_P_00450_LEFT_CC/1.3.6.1.4.1.9590.100.1.2.389743007611171021031515631811881386745/1.3.6.1.4.1.9590.100.1.2.272394953112232453521094915882547194874/000000.dcm,mass,train,1,MALIGNANT
P_00450,LEFT,MLO,mass,MALIGNANT,Mass-Training_P_00450_LEFT_MLO/1.3.6.1.4.1.9590.100.1.2.313654801411281224500049662850786125292/1.3.6.1.4.1.9590.100.1.2.119329332411807101909567041850958066649/000000.dcm,mass,train,1,MALIGNANT
P_00451,LEFT,CC,mass,BENIGN,Mass-Training_P_00451_LEFT_CC/1.3.6.1.4.1.9590.100.1.2.192219063111406516242564277100282265628/1.3.6.1.4.1.9590.100.1.2.51680477013386093424976498511921408428/000000.dcm,mass,train,0,BENIGN
P_00451,LEFT,MLO,mass,BENIGN,Mass-Training_P_00451_LEFT_MLO/1.3.6.1.4.1.9590.100.1.2.318578950011137548140544539234273122545/1.3.6.1.4.1.9590.100.1.2.353281365811097567213184531400611557306/000000.dcm,mass,train,0,BENIGN
P_00453,LEFT,CC,mass,BENIGN,Mass-Training_P_00453_LEFT_CC/1.3.6.1.4.1.9590.100.1.2.85292191212261013515625870360930094416/1.3.6.1.4.1.9590.100.1.2.177584666613791699837559620423659980951/000000.dcm,mass,train,0,BENIGN
P_00453,LEFT,MLO,mass,BENIGN,Mass-Training_P_00453_LEFT_MLO/1.3.6.1.4.1.9590.100.1.2.71647437912805514718632257850007354538/1.3.6.1.4.1.9590.100.1.2.209980959012423225216733444381694261455/000000.dcm,mass,train,0,BENIGN
P_00454,RIGHT,CC,mass,BENIGN,Mass-Training_P_00454_RIGHT_CC/1.3.6.1.4.1.9590.100.1.2.96428990012812170004712917863647960018/1.3.6.1.4.1.9590.100.1.2.308877441113730856414305104920677800792/000000.dcm,mass,train,0,BENIGN
P_00454,RIGHT,MLO,mass,BENIGN,Mass-Training_P_00454_RIGHT_MLO/1.3.6.1.4.1.9590.100.1.2.26451312111132747526995593153052500558/1.3.6.1.4.1.9590.100.1.2.1577620112139866202300071823095889999/000000.dcm,mass,train,0,BENIGN
P_00462,LEFT,CC,mass,BENIGN,Mass-Training_P_00462_LEFT_CC/1.3.6.1.4.1.9590.100.1.2.184790638613945528503526990470904913455/1.3.6.1.4.1.9590.100.1.2.74118182511203115438320774433815814204/000000.dcm,mass,train,0,BENIGN
P_00462,LEFT,MLO,mass,BENIGN,Mass-Training_P_00462_LEFT_MLO/1.3.6.1.4.1.9590.100.1.2.134120264112604561110924609883079262649/1.3.6.1.4.1.9590.100.1.2.163526046612646394332754420923501830677/000000.dcm,mass,train,0,BENIGN
P_00465,LEFT,CC,mass,MALIGNANT,Mass-Training_P_00465_LEFT_CC/1.3.6.1.4.1.9590.100.1.2.285356048810156989620724041011564936830/1.3.6.1.4.1.9590.100.1.2.340266841313977995203946546213529529422/000000.dcm,mass,train,1,MALIGNANT
P_00465,LEFT,MLO,mass,MALIGNANT,Mass-Training_P_00465_LEFT_MLO/1.3.6.1.4.1.9590.100.1.2.211895234511536997642495786853546169937/1.3.6.1.4.1.9590.100.1.2.148223245211203717627758299190732995046/000000.dcm,mass,train,1,MALIGNANT
P_00468,LEFT,CC,mass,BENIGN,Mass-Training_P_00468_LEFT_CC/1.3.6.1.4.1.9590.100.1.2.136831557311082682615982132783886440974/1.3.6.1.4.1.9590.100.1.2.220316302711097599628755669793690089945/000000.dcm,mass,train,0,BENIGN
P_00468,LEFT,MLO,mass,BENIGN,Mass-Training_P_00468_LEFT_MLO/1.3.6.1.4.1.9590.100.1.2.55368367712842806904659969320773242877/1.3.6.1.4.1.9590.100.1.2.146297207812381871014727591804106869851/000000.dcm,mass,train,0,BENIGN
P_00471,RIGHT,CC,mass,MALIGNANT,Mass-Training_P_00471_RIGHT_CC/1.3.6.1.4.1.9590.100.1.2.320213642311868865704147994981877651678/1.3.6.1.4.1.9590.100.1.2.152233603112126251623360168063905498710/000000.dcm,mass,train,1,MALIGNANT
P_00471,RIGHT,MLO,mass,MALIGNANT,Mass-Training_P_00471_RIGHT_MLO/1.3.6.1.4.1.9590.100.1.2.254816718012804597926245554354145062612/1.3.6.1.4.1.9590.100.1.2.172386840512013560230074211023706864061/000000.dcm,mass,train,1,MALIGNANT
P_00475,LEFT,MLO,mass,BENIGN,Mass-Training_P_00475_LEFT_MLO/1.3.6.1.4.1.9590.100.1.2.375828371411194750506120290801578788591/1.3.6.1.4.1.9590.100.1.2.231831818811415582731258200921511188276/000000.dcm,mass,train,0,BENIGN
P_00475,RIGHT,MLO,mass,BENIGN,Mass-Training_P_00475_RIGHT_MLO/1.3.6.1.4.1.9590.100.1.2.63470637513033863011906331293071883398/1.3.6.1.4.1.9590.100.1.2.176964796612485740037787572680731561117/000000.dcm,mass,train,0,BENIGN
P_00484,RIGHT,CC,mass,MALIGNANT,Mass-Training_P_00484_RIGHT_CC/1.3.6.1.4.1.9590.100.1.2.123070567412070089641842784091930989635/1.3.6.1.4.1.9590.100.1.2.54547139512930604222803797881848684519/000000.dcm,mass,train,1,MALIGNANT
P_00487,RIGHT,CC,mass,BENIGN,Mass-Training_P_00487_RIGHT_CC/1.3.6.1.4.1.9590.100.1.2.222369783313579843903222721342278355017/1.3.6.1.4.1.9590.100.1.2.29311160712389259405206009670437493400/000000.dcm,mass,train,0,BENIGN
P_00487,RIGHT,MLO,mass,BENIGN,Mass-Training_P_00487_RIGHT_MLO/1.3.6.1.4.1.9590.100.1.2.260009497113208793942835314372589154890/1.3.6.1.4.1.9590.100.1.2.109231371313746091407897394002747255810/000000.dcm,mass,train,0,BENIGN
P_00488,LEFT,CC,mass,BENIGN,Mass-Training_P_00488_LEFT_CC/1.3.6.1.4.1.9590.100.1.2.351074782010359914631700466080133190843/1.3.6.1.4.1.9590.100.1.2.409681833711869108018655978263637772686/000000.dcm,mass,train,0,BENIGN
P_00488,LEFT,MLO,mass,BENIGN,Mass-Training_P_00488_LEFT_MLO/1.3.6.1.4.1.9590.100.1.2.256507263512666830007458715351265586444/1.3.6.1.4.1.9590.100.1.2.106104394513551099319923972222407143074/000000.dcm,mass,train,0,BENIGN
P_00492,RIGHT,MLO,mass,BENIGN,Mass-Training_P_00492_RIGHT_MLO/1.3.6.1.4.1.9590.100.1.2.40619413110173546927195595662102780831/1.3.6.1.4.1.9590.100.1.2.269564891313536052004463789432019496516/000000.dcm,mass,train,0,BENIGN
P_00495,RIGHT,CC,mass,BENIGN,Mass-Training_P_00495_RIGHT_CC/1.3.6.1.4.1.9590.100.1.2.325284458010319192033239730473954726771/1.3.6.1.4.1.9590.100.1.2.129056235811455757734568618691225256464/000000.dcm,mass,train,0,BENIGN
P_00495,RIGHT,MLO,mass,BENIGN,Mass-Training_P_00495_RIGHT_MLO/1.3.6.1.4.1.9590.100.1.2.51013782111421555433011857253090088739/1.3.6.1.4.1.9590.100.1.2.18338188212611728036979022624126121359/000000.dcm,mass,train,0,BENIGN
P_00496,LEFT,CC,mass,BENIGN,Mass-Training_P_00496_LEFT_CC/1.3.6.1.4.1.9590.100.1.2.310743540710617069329137947112362124442/1.3.6.1.4.1.9590.100.1.2.250275422011623389225389659003310583360/000000.dcm,mass,train,0,BENIGN
P_00496,LEFT,MLO,mass,BENIGN,Mass-Training_P_00496_LEFT_MLO/1.3.6.1.4.1.9590.100.1.2.148713173211500298440379411570874393978/1.3.6.1.4.1.9590.100.1.2.390843496812621682700566813810960393425/000000.dcm,mass,train,0,BENIGN
P_00499,RIGHT,CC,mass,BENIGN,Mass-Training_P_00499_RIGHT_CC/1.3.6.1.4.1.9590.100.1.2.323425312111980124513482548893510629566/1.3.6.1.4.1.9590.100.1.2.160385739213504234134637403241707987939/000000.dcm,mass,train,0,BENIGN
P_00499,RIGHT,MLO,mass,BENIGN,Mass-Training_P_00499_RIGHT_MLO/1.3.6.1.4.1.9590.100.1.2.175428622510612842917193238390471266896/1.3.6.1.4.1.9590.100.1.2.151746203711583824325790496232356555781/000000.dcm,mass,train,0,BENIGN
P_00504,RIGHT,MLO,mass,MALIGNANT,Mass-Training_P_00504_RIGHT_MLO/1.3.6.1.4.1.9590.100.1.2.223747510212795977503933828070438293714/1.3.6.1.4.1.9590.100.1.2.423826099811738434838887578882093148420/000000.dcm,mass,train,1,MALIGNANT
P_00506,LEFT,MLO,mass,BENIGN_WITHOUT_CALLBACK,Mass-Training_P_00506_LEFT_MLO/1.3.6.1.4.1.9590.100.1.2.376717198312027508833081921411605503910/1.3.6.1.4.1.9590.100.1.2.317213562911173877740615561593769151663/000000.dcm,mass,train,0,BENIGN
P_00509,RIGHT,CC,mass,BENIGN,Mass-Training_P_00509_RIGHT_CC/1.3.6.1.4.1.9590.100.1.2.185852784012833234027401240552079959076/1.3.6.1.4.1.9590.100.1.2.162974450411577171841066779050797101406/000000.dcm,mass,train,0,BENIGN
P_00509,RIGHT,MLO,mass,BENIGN,Mass-Training_P_00509_RIGHT_MLO/1.3.6.1.4.1.9590.100.1.2.337597536411254555013769629484169880105/1.3.6.1.4.1.9590.100.1.2.259041355510373410809308494113160902084/000000.dcm,mass,train,0,BENIGN
P_00512,RIGHT,CC,mass,BENIGN,Mass-Training_P_00512_RIGHT_CC/1.3.6.1.4.1.9590.100.1.2.119664921210895202519564248531634432002/1.3.6.1.4.1.9590.100.1.2.102616147513045377112164328153581806961/000000.dcm,mass,train,0,BENIGN
P_00512,RIGHT,MLO,mass,BENIGN,Mass-Training_P_00512_RIGHT_MLO/1.3.6.1.4.1.9590.100.1.2.360270653812624640719229341610322505198/1.3.6.1.4.1.9590.100.1.2.113932543212851140820313827121763493722/000000.dcm,mass,train,0,BENIGN
P_00515,LEFT,CC,mass,BENIGN,Mass-Training_P_00515_LEFT_CC/1.3.6.1.4.1.9590.100.1.2.252440689313820503342138310882658312905/1.3.6.1.4.1.9590.100.1.2.340665936411356812507638995460448410961/000000.dcm,mass,train,0,BENIGN
P_00515,LEFT,MLO,mass,BENIGN,Mass-Training_P_00515_LEFT_MLO/1.3.6.1.4.1.9590.100.1.2.125904990912397393220358368070187110678/1.3.6.1.4.1.9590.100.1.2.17656049411860406917528541481620403085/000000.dcm,mass,train,0,BENIGN
P_00515,RIGHT,CC,mass,BENIGN,Mass-Training_P_00515_RIGHT_CC/1.3.6.1.4.1.9590.100.1.2.365654238613341433331520373000802848774/1.3.6.1.4.1.9590.100.1.2.197409487811240317103254043050060119820/000000.dcm,mass,train,0,BENIGN
P_00517,LEFT,CC,mass,BENIGN_WITHOUT_CALLBACK,Mass-Training_P_00517_LEFT_CC/1.3.6.1.4.1.9590.100.1.2.242968770910406415123308107861560957317/1.3.6.1.4.1.9590.100.1.2.397716189412021206209859104030103071713/000000.dcm,mass,train,0,BENIGN
P_00517,LEFT,MLO,mass,BENIGN_WITHOUT_CALLBACK,Mass-Training_P_00517_LEFT_MLO/1.3.6.1.4.1.9590.100.1.2.232432814411181634341973841232095485946/1.3.6.1.4.1.9590.100.1.2.321655278812000292600386510613246068421/000000.dcm,mass,train,0,BENIGN
P_00518,LEFT,CC,mass,BENIGN,Mass-Training_P_00518_LEFT_CC/1.3.6.1.4.1.9590.100.1.2.366715590812742950406602282793677889917/1.3.6.1.4.1.9590.100.1.2.149092480112927640720463574192836898439/000000.dcm,mass,train,0,BENIGN
P_00518,LEFT,MLO,mass,BENIGN,Mass-Training_P_00518_LEFT_MLO/1.3.6.1.4.1.9590.100.1.2.150164254812762468327540683650572756063/1.3.6.1.4.1.9590.100.1.2.36842644312642216221184262591254081222/000000.dcm,mass,train,0,BENIGN
P_00519,RIGHT,CC,mass,MALIGNANT,Mass-Training_P_00519_RIGHT_CC/1.3.6.1.4.1.9590.100.1.2.22058834113404809614099455141880074952/1.3.6.1.4.1.9590.100.1.2.114526432511060891526000029850478838479/000000.dcm,mass,train,1,MALIGNANT
P_00519,RIGHT,MLO,mass,MALIGNANT,Mass-Training_P_00519_RIGHT_MLO/1.3.6.1.4.1.9590.100.1.2.145895268612359665302801998242574726334/1.3.6.1.4.1.9590.100.1.2.209537318712189970238147959111109384951/000000.dcm,mass,train,1,MALIGNANT
P_00522,RIGHT,MLO,mass,BENIGN,Mass-Training_P_00522_RIGHT_MLO/1.3.6.1.4.1.9590.100.1.2.102715344010286498011874561412218330665/1.3.6.1.4.1.9590.100.1.2.410803283411662897622552380793164070495/000000.dcm,mass,train,0,BENIGN
P_00526,RIGHT,CC,mass,MALIGNANT,Mass-Training_P_00526_RIGHT_CC/1.3.6.1.4.1.9590.100.1.2.142008745811379081211447932770237378883/1.3.6.1.4.1.9590.100.1.2.42355355612386170134319725220840882507/000000.dcm,mass,train,1,MALIGNANT
P_00526,RIGHT,MLO,mass,MALIGNANT,Mass-Training_P_00526_RIGHT_MLO/1.3.6.1.4.1.9590.100.1.2.239290272312367725832396015833363149315/1.3.6.1.4.1.9590.100.1.2.192273959312375546711609345363700619580/000000.dcm,mass,train,1,MALIGNANT
P_00528,LEFT,MLO,mass,BENIGN,Mass-Training_P_00528_LEFT_MLO/1.3.6.1.4.1.9590.100.1.2.221957859613390164440056659810909626295/1.3.6.1.4.1.9590.100.1.2.300923782910197218504751812062199906674/000000.dcm,mass,train,0,BENIGN
P_00528,LEFT,MLO,mass,BENIGN,Mass-Training_P_00528_LEFT_MLO/1.3.6.1.4.1.9590.100.1.2.221957859613390164440056659810909626295/1.3.6.1.4.1.9590.100.1.2.300923782910197218504751812062199906674/000000.dcm,mass,train,0,BENIGN
P_00528,RIGHT,CC,mass,BENIGN,Mass-Training_P_00528_RIGHT_CC/1.3.6.1.4.1.9590.100.1.2.37225027711182763637715265294075330455/1.3.6.1.4.1.9590.100.1.2.69102481911614345738992761764104656383/000000.dcm,mass,train,0,BENIGN
P_00528,RIGHT,MLO,mass,BENIGN,Mass-Training_P_00528_RIGHT_MLO/1.3.6.1.4.1.9590.100.1.2.229343138412162374605462734702400566681/1.3.6.1.4.1.9590.100.1.2.178503310611271115133377563121709464580/000000.dcm,mass,train,0,BENIGN
P_00532,LEFT,CC,mass,BENIGN,Mass-Training_P_00532_LEFT_CC/1.3.6.1.4.1.9590.100.1.2.188278269611417380510512439651503537782/1.3.6.1.4.1.9590.100.1.2.269210048412690034713740176811690000781/000000.dcm,mass,train,0,BENIGN
P_00534,LEFT,CC,mass,BENIGN,Mass-Training_P_00534_LEFT_CC/1.3.6.1.4.1.9590.100.1.2.379749130611150820323195401290668822766/1.3.6.1.4.1.9590.100.1.2.130196082511831830220681317290691112823/000000.dcm,mass,train,0,BENIGN
P_00534,LEFT,MLO,mass,BENIGN,Mass-Training_P_00534_LEFT_MLO/1.3.6.1.4.1.9590.100.1.2.197339002213758928108557556811331975907/1.3.6.1.4.1.9590.100.1.2.180586484312248683438867173360574225301/000000.dcm,mass,train,0,BENIGN
P_00535,LEFT,CC,mass,BENIGN,Mass-Training_P_00535_LEFT_CC/1.3.6.1.4.1.9590.100.1.2.425545805510014408339069912323153757248/1.3.6.1.4.1.9590.100.1.2.6326146212137720929099055383856573953/000000.dcm,mass,train,0,BENIGN
P_00539,RIGHT,CC,mass,MALIGNANT,Mass-Training_P_00539_RIGHT_CC/1.3.6.1.4.1.9590.100.1.2.161333902310362508408642057312321296658/1.3.6.1.4.1.9590.100.1.2.90291682411836172013412949860473884915/000000.dcm,mass,train,1,MALIGNANT
P_00539,RIGHT,MLO,mass,MALIGNANT,Mass-Training_P_00539_RIGHT_MLO/1.3.6.1.4.1.9590.100.1.2.173539165911711181731932279570693096894/1.3.6.1.4.1.9590.100.1.2.204160554212569649201688795141206203135/000000.dcm,mass,train,1,MALIGNANT
P_00540,LEFT,CC,mass,MALIGNANT,Mass-Training_P_00540_LEFT_CC/1.3.6.1.4.1.9590.100.1.2.141828857611032677225539667364074054668/1.3.6.1.4.1.9590.100.1.2.336291577012427810542728610771005346221/000000.dcm,mass,train,1,MALIGNANT
P_00540,LEFT,MLO,mass,MALIGNANT,Mass-Training_P_00540_LEFT_MLO/1.3.6.1.4.1.9590.100.1.2.150781744912055017434120446850712661054/1.3.6.1.4.1.9590.100.1.2.258122848711932114229110145764023097059/000000.dcm,mass,train,1,MALIGNANT
P_00543,RIGHT,CC,mass,MALIGNANT,Mass-Training_P_00543_RIGHT_CC/1.3.6.1.4.1.9590.100.1.2.343454714212479210125169135872507321376/1.3.6.1.4.1.9590.100.1.2.144279124510995290217037531302453065227/000000.dcm,mass,train,1,MALIGNANT
P_00543,RIGHT,MLO,mass,MALIGNANT,Mass-Training_P_00543_RIGHT_MLO/1.3.6.1.4.1.9590.100.1.2.339624770412303093811460506891079598122/1.3.6.1.4.1.9590.100.1.2.127668027712467769026688641491424558320/000000.dcm,mass,train,1,MALIGNANT
P_00545,LEFT,MLO,mass,MALIGNANT,Mass-Training_P_00545_LEFT_MLO/1.3.6.1.4.1.9590.100.1.2.62601281511634429403968808300582652111/1.3.6.1.4.1.9590.100.1.2.142058700613010348526232451892410644043/000000.dcm,mass,train,1,MALIGNANT
P_00549,LEFT,CC,mass,BENIGN,Mass-Training_P_00549_LEFT_CC/1.3.6.1.4.1.9590.100.1.2.296415801312067285422951026093389315623/1.3.6.1.4.1.9590.100.1.2.342600026512933645822016521512175311837/000000.dcm,mass,train,0,BENIGN
P_00549,LEFT,MLO,mass,BENIGN,Mass-Training_P_00549_LEFT_MLO/1.3.6.1.4.1.9590.100.1.2.353598331611852712237704040060128181056/1.3.6.1.4.1.9590.100.1.2.302420650411888077614874910023771774936/000000.dcm,mass,train,0,BENIGN
P_00550,RIGHT,MLO,mass,BENIGN,Mass-Training_P_00550_RIGHT_MLO/1.3.6.1.4.1.9590.100.1.2.259225295212068272609271896914131341868/1.3.6.1.4.1.9590.100.1.2.134119355212401933140024244610241315514/000000.dcm,mass,train,0,BENIGN
P_00553,LEFT,CC,mass,MALIGNANT,Mass-Training_P_00553_LEFT_CC/1.3.6.1.4.1.9590.100.1.2.47087225612683055902159917433991408717/1.3.6.1.4.1.9590.100.1.2.257109459711930095307785066690545050995/000000.dcm,mass,train,1,MALIGNANT
P_00553,LEFT,MLO,mass,MALIGNANT,Mass-Training_P_00553_LEFT_MLO/1.3.6.1.4.1.9590.100.1.2.240238747010649579720738016390498218070/1.3.6.1.4.1.9590.100.1.2.210231618913087592731205561683852807183/000000.dcm,mass,train,1,MALIGNANT
P_00554,LEFT,CC,mass,MALIGNANT,Mass-Training_P_00554_LEFT_CC/1.3.6.1.4.1.9590.100.1.2.290841471911127999537464559920773578199/1.3.6.1.4.1.9590.100.1.2.113794857611310734222099938972653890313/000000.dcm,mass,train,1,MALIGNANT
P_00554,LEFT,MLO,mass,MALIGNANT,Mass-Training_P_00554_LEFT_MLO/1.3.6.1.4.1.9590.100.1.2.20497310612849495510624608242140397031/1.3.6.1.4.1.9590.100.1.2.394648311912566071238280930881976855164/000000.dcm,mass,train,1,MALIGNANT
P_00559,LEFT,CC,mass,BENIGN,Mass-Training_P_00559_LEFT_CC/1.3.6.1.4.1.9590.100.1.2.353031677011386433015031361420688912020/1.3.6.1.4.1.9590.100.1.2.35227256511002591233301746064002485438/000000.dcm,mass,train,0,BENIGN
P_00559,LEFT,MLO,mass,BENIGN,Mass-Training_P_00559_LEFT_MLO/1.3.6.1.4.1.9590.100.1.2.305390612512379413830683291140162772847/1.3.6.1.4.1.9590.100.1.2.110572618812216386014719195033589167312/000000.dcm,mass,train,0,BENIGN
P_00560,RIGHT,MLO,mass,BENIGN_WITHOUT_CALLBACK,Mass-Training_P_00560_RIGHT_MLO/1.3.6.1.4.1.9590.100.1.2.186066334811918797225438890690406833194/1.3.6.1.4.1.9590.100.1.2.53726691512340029908387322080785275422/000000.dcm,mass,train,0,BENIGN
P_00564,RIGHT,CC,mass,MALIGNANT,Mass-Training_P_00564_RIGHT_CC/1.3.6.1.4.1.9590.100.1.2.255910058911247973007340824420238054744/1.3.6.1.4.1.9590.100.1.2.47799982311011314500438990482232588932/000000.dcm,mass,train,1,MALIGNANT
P_00566,RIGHT,CC,mass,MALIGNANT,Mass-Training_P_00566_RIGHT_CC/1.3.6.1.4.1.9590.100.1.2.118702733810502388403519292383738504480/1.3.6.1.4.1.9590.100.1.2.117454129112394095421646199292904617412/000000.dcm,mass,train,1,MALIGNANT
P_00566,RIGHT,MLO,mass,MALIGNANT,Mass-Training_P_00566_RIGHT_MLO/1.3.6.1.4.1.9590.100.1.2.23707933612107941139371851702118808324/1.3.6.1.4.1.9590.100.1.2.358756856812756598804885462243832024866/000000.dcm,mass,train,1,MALIGNANT
P_00568,LEFT,CC,mass,MALIGNANT,Mass-Training_P_00568_LEFT_CC/1.3.6.1.4.1.9590.100.1.2.59752764912386518235668995990509502853/1.3.6.1.4.1.9590.100.1.2.393786502811015598827815584163012329622/000000.dcm,mass,train,1,MALIGNANT
P_00568,LEFT,MLO,mass,MALIGNANT,Mass-Training_P_00568_LEFT_MLO/1.3.6.1.4.1.9590.100.1.2.229474929011261993034680751562624490982/1.3.6.1.4.1.9590.100.1.2.49183768712581123835656982133105823315/000000.dcm,mass,train,1,MALIGNANT
P_00569,RIGHT,CC,mass,BENIGN,Mass-Training_P_00569_RIGHT_CC/1.3.6.1.4.1.9590.100.1.2.126141284110771720910866819972238670507/1.3.6.1.4.1.9590.100.1.2.166340572313787163317606045813812419177/000000.dcm,mass,train,0,BENIGN
P_00569,RIGHT,MLO,mass,BENIGN,Mass-Training_P_00569_RIGHT_MLO/1.3.6.1.4.1.9590.100.1.2.315354054812062717541003910820706724108/1.3.6.1.4.1.9590.100.1.2.290418661411413064827439218081759758021/000000.dcm,mass,train,0,BENIGN
P_00572,RIGHT,CC,mass,BENIGN,Mass-Training_P_00572_RIGHT_CC/1.3.6.1.4.1.9590.100.1.2.241754657010269318723284184532582349739/1.3.6.1.4.1.9590.100.1.2.260358200912160591136730728193628472216/000000.dcm,mass,train,0,BENIGN
P_00572,RIGHT,MLO,mass,BENIGN,Mass-Training_P_00572_RIGHT_MLO/1.3.6.1.4.1.9590.100.1.2.186030262911333762115503674141854381479/1.3.6.1.4.1.9590.100.1.2.355036956112947954921699528972708259467/000000.dcm,mass,train,0,BENIGN
P_00573,RIGHT,MLO,mass,MALIGNANT,Mass-Training_P_00573_RIGHT_MLO/1.3.6.1.4.1.9590.100.1.2.287222243812694687636917638621637359757/1.3.6.1.4.1.9590.100.1.2.175094891612865352929211580671544169831/000000.dcm,mass,train,1,MALIGNANT
P_00573,RIGHT,MLO,mass,MALIGNANT,Mass-Training_P_00573_RIGHT_MLO/1.3.6.1.4.1.9590.100.1.2.287222243812694687636917638621637359757/1.3.6.1.4.1.9590.100.1.2.175094891612865352929211580671544169831/000000.dcm,mass,train,1,MALIGNANT
P_00575,RIGHT,MLO,mass,MALIGNANT,Mass-Training_P_00575_RIGHT_MLO/1.3.6.1.4.1.9590.100.1.2.38331497812797156120864992130904609482/1.3.6.1.4.1.9590.100.1.2.388721083313285222217770141913502774487/000000.dcm,mass,train,1,MALIGNANT
P_00577,RIGHT,CC,mass,MALIGNANT,Mass-Training_P_00577_RIGHT_CC/1.3.6.1.4.1.9590.100.1.2.393384469810579134934301083240983915744/1.3.6.1.4.1.9590.100.1.2.377906764912016454741711177561418190125/000000.dcm,mass,train,1,MALIGNANT
P_00577,RIGHT,MLO,mass,MALIGNANT,Mass-Training_P_00577_RIGHT_MLO/1.3.6.1.4.1.9590.100.1.2.222144618611842243420360011840663739658/1.3.6.1.4.1.9590.100.1.2.421970993912021610408979780473860736804/000000.dcm,mass,train,1,MALIGNANT
P_00581,LEFT,MLO,mass,MALIGNANT,Mass-Training_P_00581_LEFT_MLO/1.3.6.1.4.1.9590.100.1.2.54298918212369748012949804843792940554/1.3.6.1.4.1.9590.100.1.2.371739864613089761719883355291307551226/000000.dcm,mass,train,1,MALIGNANT
P_00584,LEFT,MLO,mass,MALIGNANT,Mass-Training_P_00584_LEFT_MLO/1.3.6.1.4.1.9590.100.1.2.72995711312074949629511046742036185641/1.3.6.1.4.1.9590.100.1.2.322634389813148758635024178522023060832/000000.dcm,mass,train,1,MALIGNANT
P_00586,LEFT,CC,mass,MALIGNANT,Mass-Training_P_00586_LEFT_CC/1.3.6.1.4.1.9590.100.1.2.289928489911663791327260896200808621139/1.3.6.1.4.1.9590.100.1.2.52333820413841568638235716392631169350/000000.dcm,mass,train,1,MALIGNANT
P_00586,LEFT,MLO,mass,MALIGNANT,Mass-Training_P_00586_LEFT_MLO/1.3.6.1.4.1.9590.100.1.2.75267869913636079918022245341489315026/1.3.6.1.4.1.9590.100.1.2.135848197011758317922431727962900649412/000000.dcm,mass,train,1,MALIGNANT
P_00586,LEFT,MLO,mass,MALIGNANT,Mass-Training_P_00586_LEFT_MLO/1.3.6.1.4.1.9590.100.1.2.75267869913636079918022245341489315026/1.3.6.1.4.1.9590.100.1.2.135848197011758317922431727962900649412/000000.dcm,mass,train,1,MALIGNANT
P_00592,LEFT,CC,mass,BENIGN,Mass-Training_P_00592_LEFT_CC/1.3.6.1.4.1.9590.100.1.2.403152865412215126306409048770394345162/1.3.6.1.4.1.9590.100.1.2.235220303613128401917357295780294851812/000000.dcm,mass,train,0,BENIGN
P_00592,LEFT,MLO,mass,BENIGN,Mass-Training_P_00592_LEFT_MLO/1.3.6.1.4.1.9590.100.1.2.319612812012896974106361237920232560568/1.3.6.1.4.1.9590.100.1.2.86887135913770958205927292532591246008/000000.dcm,mass,train,0,BENIGN
P_00596,LEFT,CC,mass,BENIGN,Mass-Training_P_00596_LEFT_CC/1.3.6.1.4.1.9590.100.1.2.278754937312391077838675621594252874384/1.3.6.1.4.1.9590.100.1.2.184457361110630942322973828170985729321/000000.dcm,mass,train,0,BENIGN
P_00596,LEFT,MLO,mass,BENIGN,Mass-Training_P_00596_LEFT_MLO/1.3.6.1.4.1.9590.100.1.2.52991477611067026701757213842643293017/1.3.6.1.4.1.9590.100.1.2.67185813213398209629425406780559052249/000000.dcm,mass,train,0,BENIGN
P_00596,RIGHT,CC,mass,MALIGNANT,Mass-Training_P_00596_RIGHT_CC/1.3.6.1.4.1.9590.100.1.2.8383894313975801636269049761112833614/1.3.6.1.4.1.9590.100.1.2.308549144813973400717226991883085456960/000000.dcm,mass,train,1,MALIGNANT
P_00596,RIGHT,MLO,mass,MALIGNANT,Mass-Training_P_00596_RIGHT_MLO/1.3.6.1.4.1.9590.100.1.2.182700802811376860820347588183986319999/1.3.6.1.4.1.9590.100.1.2.44354553611120086116092433180902992105/000000.dcm,mass,train,1,MALIGNANT
P_00597,RIGHT,MLO,mass,BENIGN,Mass-Training_P_00597_RIGHT_MLO/1.3.6.1.4.1.9590.100.1.2.386506349011903690433353496602377175387/1.3.6.1.4.1.9590.100.1.2.206799902513631066924398294370648340874/000000.dcm,mass,train,0,BENIGN
P_00604,LEFT,CC,mass,MALIGNANT,Mass-Training_P_00604_LEFT_CC/1.3.6.1.4.1.9590.100.1.2.210536506311944924038901766953453059301/1.3.6.1.4.1.9590.100.1.2.109387624810322282029261444342347123468/000000.dcm,mass,train,1,MALIGNANT
P_00604,LEFT,MLO,mass,MALIGNANT,Mass-Training_P_00604_LEFT_MLO/1.3.6.1.4.1.9590.100.1.2.240966521211132395635186963822754798107/1.3.6.1.4.1.9590.100.1.2.414259873612565136137779949381451878088/000000.dcm,mass,train,1,MALIGNANT
P_00605,RIGHT,MLO,mass,MALIGNANT,Mass-Training_P_00605_RIGHT_MLO/1.3.6.1.4.1.9590.100.1.2.3654022212568424441207026432352999633/1.3.6.1.4.1.9590.100.1.2.6685111711409612721941851441484936638/000000.dcm,mass,train,1,MALIGNANT
P_00607,RIGHT,CC,mass,MALIGNANT,Mass-Training_P_00607_RIGHT_CC/1.3.6.1.4.1.9590.100.1.2.3529770612469099302090820300159931826/1.3.6.1.4.1.9590.100.1.2.83748848211897641311753926793600384304/000000.dcm,mass,train,1,MALIGNANT
P_00607,RIGHT,MLO,mass,MALIGNANT,Mass-Training_P_00607_RIGHT_MLO/1.3.6.1.4.1.9590.100.1.2.259610140911662881835638962150930444847/1.3.6.1.4.1.9590.100.1.2.368550413612135128741508960232793073139/000000.dcm,mass,train,1,MALIGNANT
P_00611,RIGHT,CC,mass,BENIGN,Mass-Training_P_00611_RIGHT_CC/1.3.6.1.4.1.9590.100.1.2.45252755312117706509117787160582477648/1.3.6.1.4.1.9590.100.1.2.40250972412448376517848311090880415053/000000.dcm,mass,train,0,BENIGN
P_00611,RIGHT,MLO,mass,BENIGN,Mass-Training_P_00611_RIGHT_MLO/1.3.6.1.4.1.9590.100.1.2.90532792711348412513031725182803672625/1.3.6.1.4.1.9590.100.1.2.175351682010488293000696759651489967063/000000.dcm,mass,train,0,BENIGN
P_00616,LEFT,MLO,mass,MALIGNANT,Mass-Training_P_00616_LEFT_MLO/1.3.6.1.4.1.9590.100.1.2.169419611911850088222517201033334947690/1.3.6.1.4.1.9590.100.1.2.324963147612023115031983461640816402093/000000.dcm,mass,train,1,MALIGNANT
P_00617,RIGHT,MLO,mass,BENIGN_WITHOUT_CALLBACK,Mass-Training_P_00617_RIGHT_MLO/1.3.6.1.4.1.9590.100.1.2.405369008711407346523864052961933447683/1.3.6.1.4.1.9590.100.1.2.18754204713692691609440792380154921458/000000.dcm,mass,train,0,BENIGN
P_00622,LEFT,CC,mass,BENIGN,Mass-Training_P_00622_LEFT_CC/1.3.6.1.4.1.9590.100.1.2.118704167712527661041344347291013825965/1.3.6.1.4.1.9590.100.1.2.247016316011452705709729959990659650549/000000.dcm,mass,train,0,BENIGN
P_00626,LEFT,CC,mass,BENIGN,Mass-Training_P_00626_LEFT_CC/1.3.6.1.4.1.9590.100.1.2.244298916911096017019695494400436407400/1.3.6.1.4.1.9590.100.1.2.288980828511203708511066530843699446563/000000.dcm,mass,train,0,BENIGN
P_00626,LEFT,MLO,mass,BENIGN,Mass-Training_P_00626_LEFT_MLO/1.3.6.1.4.1.9590.100.1.2.184861098012991702736787626761613999029/1.3.6.1.4.1.9590.100.1.2.237359660911213163728288122201482438379/000000.dcm,mass,train,0,BENIGN
P_00630,LEFT,CC,mass,BENIGN,Mass-Training_P_00630_LEFT_CC/1.3.6.1.4.1.9590.100.1.2.412226881512124527340537174132078690012/1.3.6.1.4.1.9590.100.1.2.216820283213818005421900437772111995033/000000.dcm,mass,train,0,BENIGN
P_00630,LEFT,MLO,mass,BENIGN,Mass-Training_P_00630_LEFT_MLO/1.3.6.1.4.1.9590.100.1.2.329328103311556589616090945393565176723/1.3.6.1.4.1.9590.100.1.2.238090837412902571926841401701921392882/000000.dcm,mass,train,0,BENIGN
P_00634,LEFT,CC,mass,BENIGN,Mass-Training_P_00634_LEFT_CC/1.3.6.1.4.1.9590.100.1.2.46386888912245752833767494771107672515/1.3.6.1.4.1.9590.100.1.2.21045172911956892237670949680043476807/000000.dcm,mass,train,0,BENIGN
P_00634,LEFT,CC,mass,BENIGN,Mass-Training_P_00634_LEFT_CC/1.3.6.1.4.1.9590.100.1.2.46386888912245752833767494771107672515/1.3.6.1.4.1.9590.100.1.2.21045172911956892237670949680043476807/000000.dcm,mass,train,0,BENIGN
P_00634,LEFT,MLO,mass,BENIGN,Mass-Training_P_00634_LEFT_MLO/1.3.6.1.4.1.9590.100.1.2.389861888113441994215197080820461176183/1.3.6.1.4.1.9590.100.1.2.121645143012539735840742788344033655105/000000.dcm,mass,train,0,BENIGN
P_00634,LEFT,MLO,mass,BENIGN,Mass-Training_P_00634_LEFT_MLO/1.3.6.1.4.1.9590.100.1.2.389861888113441994215197080820461176183/1.3.6.1.4.1.9590.100.1.2.121645143012539735840742788344033655105/000000.dcm,mass,train,0,BENIGN
P_00634,RIGHT,MLO,mass,MALIGNANT,Mass-Training_P_00634_RIGHT_MLO/1.3.6.1.4.1.9590.100.1.2.401568139010628153934683833972696976585/1.3.6.1.4.1.9590.100.1.2.39960116911231377730808314211583975948/000000.dcm,mass,train,1,MALIGNANT
P_00637,RIGHT,CC,mass,MALIGNANT,Mass-Training_P_00637_RIGHT_CC/1.3.6.1.4.1.9590.100.1.2.80965646112349847436626673960989645101/1.3.6.1.4.1.9590.100.1.2.428352419311893519614700937242425762758/000000.dcm,mass,train,1,MALIGNANT
P_00640,RIGHT,CC,mass,BENIGN,Mass-Training_P_00640_RIGHT_CC/1.3.6.1.4.1.9590.100.1.2.291721631212094425207849553130411048049/1.3.6.1.4.1.9590.100.1.2.159917220213401433113606588331484616686/000000.dcm,mass,train,0,BENIGN
P_00640,RIGHT,MLO,mass,BENIGN,Mass-Training_P_00640_RIGHT_MLO/1.3.6.1.4.1.9590.100.1.2.55257585412547151705799377163286731131/1.3.6.1.4.1.9590.100.1.2.245377154412826927500193191950851192419/000000.dcm,mass,train,0,BENIGN
P_00644,LEFT,CC,mass,MALIGNANT,Mass-Training_P_00644_LEFT_CC/1.3.6.1.4.1.9590.100.1.2.69411592410434452300731554623360299781/1.3.6.1.4.1.9590.100.1.2.200948278212842430531410154721256979027/000000.dcm,mass,train,1,MALIGNANT
P_00644,LEFT,MLO,mass,MALIGNANT,Mass-Training_P_00644_LEFT_MLO/1.3.6.1.4.1.9590.100.1.2.169342535811740844028244504671236510977/1.3.6.1.4.1.9590.100.1.2.20046388113868299525188172063855362095/000000.dcm,mass,train,1,MALIGNANT
P_00648,LEFT,CC,mass,MALIGNANT,Mass-Training_P_00648_LEFT_CC/1.3.6.1.4.1.9590.100.1.2.71595959711711182112843301421750662340/1.3.6.1.4.1.9590.100.1.2.364070243511921550101340386794199125508/000000.dcm,mass,train,1,MALIGNANT
P_00648,LEFT,MLO,mass,MALIGNANT,Mass-Training_P_00648_LEFT_MLO/1.3.6.1.4.1.9590.100.1.2.245582769611640263507325026981354057978/1.3.6.1.4.1.9590.100.1.2.136495231711077347326245851332072991979/000000.dcm,mass,train,1,MALIGNANT
P_00651,RIGHT,MLO,mass,BENIGN,Mass-Training_P_00651_RIGHT_MLO/1.3.6.1.4.1.9590.100.1.2.13002228112516983501930356530638197817/1.3.6.1.4.1.9590.100.1.2.403249842912482807608031953090899102748/000000.dcm,mass,train,0,BENIGN
P_00653,LEFT,CC,mass,MALIGNANT,Mass-Training_P_00653_LEFT_CC/1.3.6.1.4.1.9590.100.1.2.180838004911449823106626735831048470455/1.3.6.1.4.1.9590.100.1.2.351637844112977159624279190321843261053/000000.dcm,mass,train,1,MALIGNANT
P_00653,LEFT,MLO,mass,MALIGNANT,Mass-Training_P_00653_LEFT_MLO/1.3.6.1.4.1.9590.100.1.2.361990775110788596329200552171823075691/1.3.6.1.4.1.9590.100.1.2.42735092711319399014278079280467461805/000000.dcm,mass,train,1,MALIGNANT
P_00659,RIGHT,MLO,mass,BENIGN,Mass-Training_P_00659_RIGHT_MLO/1.3.6.1.4.1.9590.100.1.2.223847316711724909034452850503400169888/1.3.6.1.4.1.9590.100.1.2.328674133712476956503940632921646941420/000000.dcm,mass,train,0,BENIGN
P_00660,LEFT,CC,mass,MALIGNANT,Mass-Training_P_00660_LEFT_CC/1.3.6.1.4.1.9590.100.1.2.256273094511546951817149676911744805689/1.3.6.1.4.1.9590.100.1.2.402932589913842097930372862912420259107/000000.dcm,mass,train,1,MALIGNANT
P_00660,LEFT,MLO,mass,MALIGNANT,Mass-Training_P_00660_LEFT_MLO/1.3.6.1.4.1.9590.100.1.2.19951615212720896028715260660657478178/1.3.6.1.4.1.9590.100.1.2.237409032611023985639369599012586872468/000000.dcm,mass,train,1,MALIGNANT
P_00661,LEFT,CC,mass,MALIGNANT,Mass-Training_P_00661_LEFT_CC/1.3.6.1.4.1.9590.100.1.2.178403078011837345832514943102734352058/1.3.6.1.4.1.9590.100.1.2.64007989411147157931424785093161048871/000000.dcm,mass,train,1,MALIGNANT
P_00661,LEFT,MLO,mass,MALIGNANT,Mass-Training_P_00661_LEFT_MLO/1.3.6.1.4.1.9590.100.1.2.146006837211776216720054683013438541489/1.3.6.1.4.1.9590.100.1.2.155642025312950554815901790071948435520/000000.dcm,mass,train,1,MALIGNANT
P_00665,LEFT,MLO,mass,MALIGNANT,Mass-Training_P_00665_LEFT_MLO/1.3.6.1.4.1.9590.100.1.2.272710409213373863129805610540049692193/1.3.6.1.4.1.9590.100.1.2.303062737611491457923063402253838355080/000000.dcm,mass,train,1,MALIGNANT
P_00666,RIGHT,CC,mass,BENIGN_WITHOUT_CALLBACK,Mass-Training_P_00666_RIGHT_CC/1.3.6.1.4.1.9590.100.1.2.102851690413377581816136329493444098277/1.3.6.1.4.1.9590.100.1.2.127852344812675202120951809370187154227/000000.dcm,mass,train,0,BENIGN
P_00666,RIGHT,MLO,mass,BENIGN_WITHOUT_CALLBACK,Mass-Training_P_00666_RIGHT_MLO/1.3.6.1.4.1.9590.100.1.2.21904071311433443700984372742749086098/1.3.6.1.4.1.9590.100.1.2.183542056312678502611496224063997923989/000000.dcm,mass,train,0,BENIGN
P_00670,RIGHT,CC,mass,BENIGN,Mass-Training_P_00670_RIGHT_CC/1.3.6.1.4.1.9590.100.1.2.181002734813177647620373705242243476964/1.3.6.1.4.1.9590.100.1.2.143847644811025595139101518100148165276/000000.dcm,mass,train,0,BENIGN
P_00670,RIGHT,MLO,mass,BENIGN,Mass-Training_P_00670_RIGHT_MLO/1.3.6.1.4.1.9590.100.1.2.159060259610476412432915414382333036052/1.3.6.1.4.1.9590.100.1.2.81771837412785953435583669110753690294/000000.dcm,mass,train,0,BENIGN
P_00673,RIGHT,MLO,mass,BENIGN_WITHOUT_CALLBACK,Mass-Training_P_00673_RIGHT_MLO/1.3.6.1.4.1.9590.100.1.2.318744150512324924734256866613042716677/1.3.6.1.4.1.9590.100.1.2.125835537312930821635698264533312890789/000000.dcm,mass,train,0,BENIGN
P_00673,RIGHT,MLO,mass,BENIGN_WITHOUT_CALLBACK,Mass-Training_P_00673_RIGHT_MLO/1.3.6.1.4.1.9590.100.1.2.318744150512324924734256866613042716677/1.3.6.1.4.1.9590.100.1.2.125835537312930821635698264533312890789/000000.dcm,mass,train,0,BENIGN
P_00673,RIGHT,MLO,mass,BENIGN_WITHOUT_CALLBACK,Mass-Training_P_00673_RIGHT_MLO/1.3.6.1.4.1.9590.100.1.2.318744150512324924734256866613042716677/1.3.6.1.4.1.9590.100.1.2.125835537312930821635698264533312890789/000000.dcm,mass,train,0,BENIGN
P_00675,LEFT,CC,mass,BENIGN,Mass-Training_P_00675_LEFT_CC/1.3.6.1.4.1.9590.100.1.2.193307634711489082000286014982606548834/1.3.6.1.4.1.9590.100.1.2.88886372611812195428352690450990697351/000000.dcm,mass,train,0,BENIGN
P_00675,LEFT,MLO,mass,BENIGN,Mass-Training_P_00675_LEFT_MLO/1.3.6.1.4.1.9590.100.1.2.409628328312723524810473670790513694797/1.3.6.1.4.1.9590.100.1.2.145556169613338308515969683522133915974/000000.dcm,mass,train,0,BENIGN
P_00678,LEFT,CC,mass,MALIGNANT,Mass-Training_P_00678_LEFT_CC/1.3.6.1.4.1.9590.100.1.2.139734208512550071914965541483195633097/1.3.6.1.4.1.9590.100.1.2.218106266111142500028245753941200491644/000000.dcm,mass,train,1,MALIGNANT
P_00678,LEFT,MLO,mass,MALIGNANT,Mass-Training_P_00678_LEFT_MLO/1.3.6.1.4.1.9590.100.1.2.135361630311106372728145286992112437484/1.3.6.1.4.1.9590.100.1.2.349504173712862535704286567751526799904/000000.dcm,mass,train,1,MALIGNANT
P_00687,LEFT,CC,mass,BENIGN,Mass-Training_P_00687_LEFT_CC/1.3.6.1.4.1.9590.100.1.2.399541839812351980632987460291522185033/1.3.6.1.4.1.9590.100.1.2.378317074812068310428493792181692991336/000000.dcm,mass,train,0,BENIGN
P_00687,LEFT,MLO,mass,BENIGN,Mass-Training_P_00687_LEFT_MLO/1.3.6.1.4.1.9590.100.1.2.64040126111728368816758931532376576704/1.3.6.1.4.1.9590.100.1.2.152504232710310885834499967311775251366/000000.dcm,mass,train,0,BENIGN
P_00690,LEFT,MLO,mass,MALIGNANT,Mass-Training_P_00690_LEFT_MLO/1.3.6.1.4.1.9590.100.1.2.351691807013548212215344869142240650063/1.3.6.1.4.1.9590.100.1.2.296984356112973186339130000701974531472/000000.dcm,mass,train,1,MALIGNANT
P_00692,LEFT,MLO,mass,BENIGN,Mass-Training_P_00692_LEFT_MLO/1.3.6.1.4.1.9590.100.1.2.405272667313896985937285244523230626560/1.3.6.1.4.1.9590.100.1.2.8590696211161191830624347500733657660/000000.dcm,mass,train,0,BENIGN
P_00694,RIGHT,CC,mass,BENIGN,Mass-Training_P_00694_RIGHT_CC/1.3.6.1.4.1.9590.100.1.2.176282799311253961029903865780661671188/1.3.6.1.4.1.9590.100.1.2.71929632313399545618195892783933638957/000000.dcm,mass,train,0,BENIGN
P_00694,RIGHT,MLO,mass,BENIGN,Mass-Training_P_00694_RIGHT_MLO/1.3.6.1.4.1.9590.100.1.2.335829981312185892832435301562990205056/1.3.6.1.4.1.9590.100.1.2.398258976712483192035853720641860573126/000000.dcm,mass,train,0,BENIGN
P_00695,RIGHT,CC,mass,MALIGNANT,Mass-Training_P_00695_RIGHT_CC/1.3.6.1.4.1.9590.100.1.2.155711581212416940606713097230862395122/1.3.6.1.4.1.9590.100.1.2.207726435513456082225524896262435179450/000000.dcm,mass,train,1,MALIGNANT
P_00695,RIGHT,MLO,mass,MALIGNANT,Mass-Training_P_00695_RIGHT_MLO/1.3.6.1.4.1.9590.100.1.2.78870186112190193535118045462398551756/1.3.6.1.4.1.9590.100.1.2.251872183712067758830824012051583087146/000000.dcm,mass,train,1,MALIGNANT
P_00698,RIGHT,CC,mass,MALIGNANT,Mass-Training_P_00698_RIGHT_CC/1.3.6.1.4.1.9590.100.1.2.381285388313755001435427130102107151300/1.3.6.1.4.1.9590.100.1.2.27953444711693870518443009471767038842/000000.dcm,mass,train,1,MALIGNANT
P_00698,RIGHT,MLO,mass,MALIGNANT,Mass-Training_P_00698_RIGHT_MLO/1.3.6.1.4.1.9590.100.1.2.125851496013036364534391673852104516138/1.3.6.1.4.1.9590.100.1.2.156373350111345528331526404404287685108/000000.dcm,mass,train,1,MALIGNANT
P_00700,RIGHT,CC,mass,BENIGN,Mass-Training_P_00700_RIGHT_CC/1.3.6.1.4.1.9590.100.1.2.126535908811611581820213999913732756774/1.3.6.1.4.1.9590.100.1.2.335388666412725163012729529621089398344/000000.dcm,mass,train,0,BENIGN
P_00700,RIGHT,MLO,mass,BENIGN,Mass-Training_P_00700_RIGHT_MLO/1.3.6.1.4.1.9590.100.1.2.373555528112505560202994188060967628782/1.3.6.1.4.1.9590.100.1.2.342542181413172878013377714112774536289/000000.dcm,mass,train,0,BENIGN
P_00702,RIGHT,CC,mass,MALIGNANT,Mass-Training_P_00702_RIGHT_CC/1.3.6.1.4.1.9590.100.1.2.148198516711437385606090889592792139557/1.3.6.1.4.1.9590.100.1.2.269090020912271881612869996851061481178/000000.dcm,mass,train,1,MALIGNANT
P_00702,RIGHT,MLO,mass,MALIGNANT,Mass-Training_P_00702_RIGHT_MLO/1.3.6.1.4.1.9590.100.1.2.370259645511566239426070232751058358599/1.3.6.1.4.1.9590.100.1.2.54433975111687328009467363033835709188/000000.dcm,mass,train,1,MALIGNANT
P_00703,LEFT,CC,mass,BENIGN,Mass-Training_P_00703_LEFT_CC/1.3.6.1.4.1.9590.100.1.2.122408142412318246008124783512010243138/1.3.6.1.4.1.9590.100.1.2.196132914011580023011587972100670976552/000000.dcm,mass,train,0,BENIGN
P_00703,LEFT,MLO,mass,BENIGN,Mass-Training_P_00703_LEFT_MLO/1.3.6.1.4.1.9590.100.1.2.332944262311909489515510672722545761997/1.3.6.1.4.1.9590.100.1.2.202675500012341890639589579582926153492/000000.dcm,mass,train,0,BENIGN
P_00706,RIGHT,CC,mass,MALIGNANT,Mass-Training_P_00706_RIGHT_CC/1.3.6.1.4.1.9590.100.1.2.12817601512403949328073939663006898231/1.3.6.1.4.1.9590.100.1.2.163339017012209139729366142732276829480/000000.dcm,mass,train,1,MALIGNANT
P_00706,RIGHT,MLO,mass,MALIGNANT,Mass-Training_P_00706_RIGHT_MLO/1.3.6.1.4.1.9590.100.1.2.118816897112322179811651936190424293294/1.3.6.1.4.1.9590.100.1.2.397197585712576980835218625502162434719/000000.dcm,mass,train,1,MALIGNANT
P_00708,RIGHT,CC,mass,BENIGN_WITHOUT_CALLBACK,Mass-Training_P_00708_RIGHT_CC/1.3.6.1.4.1.9590.100.1.2.129712098411945380822612164310845789706/1.3.6.1.4.1.9590.100.1.2.211319738412455647428653548983017209766/000000.dcm,mass,train,0,BENIGN
P_00708,RIGHT,MLO,mass,BENIGN_WITHOUT_CALLBACK,Mass-Training_P_00708_RIGHT_MLO/1.3.6.1.4.1.9590.100.1.2.157307273611614653911940166631205677490/1.3.6.1.4.1.9590.100.1.2.385132842112234370219192252632712589242/000000.dcm,mass,train,0,BENIGN
P_00710,LEFT,CC,mass,BENIGN,Mass-Training_P_00710_LEFT_CC/1.3.6.1.4.1.9590.100.1.2.20871715912782279013007233851505145221/1.3.6.1.4.1.9590.100.1.2.387581711310058550336157943220309949932/000000.dcm,mass,train,0,BENIGN
P_00710,LEFT,CC,mass,BENIGN,Mass-Training_P_00710_LEFT_CC/1.3.6.1.4.1.9590.100.1.2.20871715912782279013007233851505145221/1.3.6.1.4.1.9590.100.1.2.387581711310058550336157943220309949932/000000.dcm,mass,train,0,BENIGN
P_00710,LEFT,MLO,mass,BENIGN,Mass-Training_P_00710_LEFT_MLO/1.3.6.1.4.1.9590.100.1.2.11724779811874427219879423151818034104/1.3.6.1.4.1.9590.100.1.2.310802915211715856517535090122621973469/000000.dcm,mass,train,0,BENIGN
P_00710,RIGHT,CC,mass,BENIGN,Mass-Training_P_00710_RIGHT_CC/1.3.6.1.4.1.9590.100.1.2.192875620912148638822996169022806101521/1.3.6.1.4.1.9590.100.1.2.338029874512574502207451580360111511222/000000.dcm,mass,train,0,BENIGN
P_00710,RIGHT,MLO,mass,BENIGN,Mass-Training_P_00710_RIGHT_MLO/1.3.6.1.4.1.9590.100.1.2.254229844012699714020765505732468011749/1.3.6.1.4.1.9590.100.1.2.263918199211476516622099513693475115311/000000.dcm,mass,train,0,BENIGN
P_00711,LEFT,CC,mass,MALIGNANT,Mass-Training_P_00711_LEFT_CC/1.3.6.1.4.1.9590.100.1.2.423546314010281722801887264521308648636/1.3.6.1.4.1.9590.100.1.2.328253460012380782218954280112815341561/000000.dcm,mass,train,1,MALIGNANT
P_00711,LEFT,MLO,mass,MALIGNANT,Mass-Training_P_00711_LEFT_MLO/1.3.6.1.4.1.9590.100.1.2.192447625212853497007674902320364666912/1.3.6.1.4.1.9590.100.1.2.269700135212590534804433368343189580373/000000.dcm,mass,train,1,MALIGNANT
P_00711,RIGHT,CC,mass,BENIGN,Mass-Training_P_00711_RIGHT_CC/1.3.6.1.4.1.9590.100.1.2.158428258612899626115229065552823196356/1.3.6.1.4.1.9590.100.1.2.174306451512326600232528311571344224372/000000.dcm,mass,train,0,BENIGN
P_00711,RIGHT,MLO,mass,BENIGN,Mass-Training_P_00711_RIGHT_MLO/1.3.6.1.4.1.9590.100.1.2.375274392211087806841544708232354079026/1.3.6.1.4.1.9590.100.1.2.43039619213514817829894793153018120834/000000.dcm,mass,train,0,BENIGN
P_00715,RIGHT,CC,mass,BENIGN,Mass-Training_P_00715_RIGHT_CC/1.3.6.1.4.1.9590.100.1.2.260346747311022583430129591341794388491/1.3.6.1.4.1.9590.100.1.2.84979282111169186110355127162031674632/000000.dcm,mass,train,0,BENIGN
P_00715,RIGHT,MLO,mass,BENIGN,Mass-Training_P_00715_RIGHT_MLO/1.3.6.1.4.1.9590.100.1.2.99606360112925199409210607422555599895/1.3.6.1.4.1.9590.100.1.2.148157969912384261328015497391094806291/000000.dcm,mass,train,0,BENIGN
P_00716,LEFT,MLO,mass,MALIGNANT,Mass-Training_P_00716_LEFT_MLO/1.3.6.1.4.1.9590.100.1.2.304578479413269066842048657241856888591/1.3.6.1.4.1.9590.100.1.2.185980758212594454521684496860045514874/000000.dcm,mass,train,1,MALIGNANT
P_00717,RIGHT,CC,mass,MALIGNANT,Mass-Training_P_00717_RIGHT_CC/1.3.6.1.4.1.9590.100.1.2.168439132811839667740996990883220357122/1.3.6.1.4.1.9590.100.1.2.393764639811214800108462073842058892008/000000.dcm,mass,train,1,MALIGNANT
P_00717,RIGHT,MLO,mass,MALIGNANT,Mass-Training_P_00717_RIGHT_MLO/1.3.6.1.4.1.9590.100.1.2.351536159112853748224280544511155120026/1.3.6.1.4.1.9590.100.1.2.40709178712504957212877331210046495938/000000.dcm,mass,train,1,MALIGNANT
P_00719,LEFT,CC,mass,MALIGNANT,Mass-Training_P_00719_LEFT_CC/1.3.6.1.4.1.9590.100.1.2.141935267011404411920895399774014618436/1.3.6.1.4.1.9590.100.1.2.408053815012156684010240636493066172601/000000.dcm,mass,train,1,MALIGNANT
P_00719,LEFT,MLO,mass,MALIGNANT,Mass-Training_P_00719_LEFT_MLO/1.3.6.1.4.1.9590.100.1.2.361145064011340660209328710454053287988/1.3.6.1.4.1.9590.100.1.2.39470937012392746110917390223661128906/000000.dcm,mass,train,1,MALIGNANT
P_00720,RIGHT,MLO,mass,MALIGNANT,Mass-Training_P_00720_RIGHT_MLO/1.3.6.1.4.1.9590.100.1.2.215671235911785571619671904390462351060/1.3.6.1.4.1.9590.100.1.2.134087433211395341511464022121296139359/000000.dcm,mass,train,1,MALIGNANT
P_00723,LEFT,MLO,mass,BENIGN,Mass-Training_P_00723_LEFT_MLO/1.3.6.1.4.1.9590.100.1.2.143651499712850251702614043240502055735/1.3.6.1.4.1.9590.100.1.2.378090434512413088140570011084136978333/000000.dcm,mass,train,0,BENIGN
P_00726,RIGHT,CC,mass,BENIGN,Mass-Training_P_00726_RIGHT_CC/1.3.6.1.4.1.9590.100.1.2.264429613111073088026249212281046244042/1.3.6.1.4.1.9590.100.1.2.252094742812928936411242525910635167978/000000.dcm,mass,train,0,BENIGN
P_00726,RIGHT,MLO,mass,BENIGN,Mass-Training_P_00726_RIGHT_MLO/1.3.6.1.4.1.9590.100.1.2.61448813912416117124771954493786563678/1.3.6.1.4.1.9590.100.1.2.182021535212924472406957876541192691518/000000.dcm,mass,train,0,BENIGN
P_00728,RIGHT,CC,mass,MALIGNANT,Mass-Training_P_00728_RIGHT_CC/1.3.6.1.4.1.9590.100.1.2.211521578810259316230728232030708410124/1.3.6.1.4.1.9590.100.1.2.243938124911541462523094069004113622084/000000.dcm,mass,train,1,MALIGNANT
P_00728,RIGHT,MLO,mass,MALIGNANT,Mass-Training_P_00728_RIGHT_MLO/1.3.6.1.4.1.9590.100.1.2.343742019011896881102849184013607731174/1.3.6.1.4.1.9590.100.1.2.309230399411448383131478767721709723162/000000.dcm,mass,train,1,MALIGNANT
P_00730,RIGHT,CC,mass,MALIGNANT,Mass-Training_P_00730_RIGHT_CC/1.3.6.1.4.1.9590.100.1.2.9483565410193500710865179081174011660/1.3.6.1.4.1.9590.100.1.2.428003548612841233422315221804120169416/000000.dcm,mass,train,1,MALIGNANT
P_00731,RIGHT,CC,mass,BENIGN,Mass-Training_P_00731_RIGHT_CC/1.3.6.1.4.1.9590.100.1.2.122239234610954690706808833632996389588/1.3.6.1.4.1.9590.100.1.2.293243082312342963921710629433171137475/000000.dcm,mass,train,0,BENIGN
P_00731,RIGHT,MLO,mass,BENIGN,Mass-Training_P_00731_RIGHT_MLO/1.3.6.1.4.1.9590.100.1.2.35972507610681830531428614404286256396/1.3.6.1.4.1.9590.100.1.2.127479378812509172136449929352724850255/000000.dcm,mass,train,0,BENIGN
P_00732,LEFT,CC,mass,MALIGNANT,Mass-Training_P_00732_LEFT_CC/1.3.6.1.4.1.9590.100.1.2.105982078113705175926958501312710655439/1.3.6.1.4.1.9590.100.1.2.363029544813841568923411647342397830538/000000.dcm,mass,train,1,MALIGNANT
P_00732,LEFT,MLO,mass,MALIGNANT,Mass-Training_P_00732_LEFT_MLO/1.3.6.1.4.1.9590.100.1.2.291526105811377618908879694083407780463/1.3.6.1.4.1.9590.100.1.2.16409228010580162502762361792895518263/000000.dcm,mass,train,1,MALIGNANT
P_00733,RIGHT,CC,mass,BENIGN,Mass-Training_P_00733_RIGHT_CC/1.3.6.1.4.1.9590.100.1.2.25461378012365765730566706450605068898/1.3.6.1.4.1.9590.100.1.2.46228080811339703822182406561482041808/000000.dcm,mass,train,0,BENIGN
P_00733,RIGHT,MLO,mass,BENIGN,Mass-Training_P_00733_RIGHT_MLO/1.3.6.1.4.1.9590.100.1.2.400181988912275004915531068661593021022/1.3.6.1.4.1.9590.100.1.2.333362308411589208708977437493741984587/000000.dcm,mass,train,0,BENIGN
P_00734,RIGHT,MLO,mass,MALIGNANT,Mass-Training_P_00734_RIGHT_MLO/1.3.6.1.4.1.9590.100.1.2.271834418311297478535408615823692973065/1.3.6.1.4.1.9590.100.1.2.349077986111384069430642085273339561542/000000.dcm,mass,train,1,MALIGNANT
P_00737,LEFT,CC,mass,MALIGNANT,Mass-Training_P_00737_LEFT_CC/1.3.6.1.4.1.9590.100.1.2.41112857912893335125275396003572302455/1.3.6.1.4.1.9590.100.1.2.219469582411034211617833427590641917643/000000.dcm,mass,train,1,MALIGNANT
P_00737,LEFT,MLO,mass,MALIGNANT,Mass-Training_P_00737_LEFT_MLO/1.3.6.1.4.1.9590.100.1.2.360518125112858122313651511622813505624/1.3.6.1.4.1.9590.100.1.2.91840514411983515414151699274196331730/000000.dcm,mass,train,1,MALIGNANT
P_00739,LEFT,CC,mass,BENIGN,Mass-Training_P_00739_LEFT_CC/1.3.6.1.4.1.9590.100.1.2.117462709012598915613414012351428183287/1.3.6.1.4.1.9590.100.1.2.283588686412546865619599935273607013705/000000.dcm,mass,train,0,BENIGN
P_00739,LEFT,MLO,mass,BENIGN,Mass-Training_P_00739_LEFT_MLO/1.3.6.1.4.1.9590.100.1.2.192305244812087333430483611192017834227/1.3.6.1.4.1.9590.100.1.2.370315874913495676207201903751794384276/000000.dcm,mass,train,0,BENIGN
P_00742,LEFT,CC,mass,BENIGN,Mass-Training_P_00742_LEFT_CC/1.3.6.1.4.1.9590.100.1.2.228317833813046188901888574750641819966/1.3.6.1.4.1.9590.100.1.2.257322799311547582831716010290933840442/000000.dcm,mass,train,0,BENIGN
P_00742,LEFT,MLO,mass,BENIGN,Mass-Training_P_00742_LEFT_MLO/1.3.6.1.4.1.9590.100.1.2.307152209613184270129674938141446127198/1.3.6.1.4.1.9590.100.1.2.204173776013736332214262798293950507299/000000.dcm,mass,train,0,BENIGN
P_00746,LEFT,CC,mass,MALIGNANT,Mass-Training_P_00746_LEFT_CC/1.3.6.1.4.1.9590.100.1.2.258727117411323098415983241173958251287/1.3.6.1.4.1.9590.100.1.2.181882185012532469840938456443196306608/000000.dcm,mass,train,1,MALIGNANT
P_00746,LEFT,MLO,mass,MALIGNANT,Mass-Training_P_00746_LEFT_MLO/1.3.6.1.4.1.9590.100.1.2.258144045912350769103709175080314826610/1.3.6.1.4.1.9590.100.1.2.91570117812812523625275319313414873776/000000.dcm,mass,train,1,MALIGNANT
P_00747,LEFT,CC,mass,BENIGN_WITHOUT_CALLBACK,Mass-Training_P_00747_LEFT_CC/1.3.6.1.4.1.9590.100.1.2.137289987611817280814617494033413157818/1.3.6.1.4.1.9590.100.1.2.293036738511661316730251641901152044991/000000.dcm,mass,train,0,BENIGN
P_00747,LEFT,MLO,mass,BENIGN_WITHOUT_CALLBACK,Mass-Training_P_00747_LEFT_MLO/1.3.6.1.4.1.9590.100.1.2.131049970811996999123696764732004451268/1.3.6.1.4.1.9590.100.1.2.90170714912130855842081649943451041289/000000.dcm,mass,train,0,BENIGN
P_00753,RIGHT,CC,mass,MALIGNANT,Mass-Training_P_00753_RIGHT_CC/1.3.6.1.4.1.9590.100.1.2.315229707012974784907188586580471151095/1.3.6.1.4.1.9590.100.1.2.152431936511813469718749553931275865262/000000.dcm,mass,train,1,MALIGNANT
P_00753,RIGHT,MLO,mass,MALIGNANT,Mass-Training_P_00753_RIGHT_MLO/1.3.6.1.4.1.9590.100.1.2.143811821311018114039495116040624566301/1.3.6.1.4.1.9590.100.1.2.22043661411987800935615497223367894395/000000.dcm,mass,train,1,MALIGNANT
P_00754,LEFT,CC,mass,BENIGN,Mass-Training_P_00754_LEFT_CC/1.3.6.1.4.1.9590.100.1.2.328244803512542613106067291190448423802/1.3.6.1.4.1.9590.100.1.2.38795085511220710016918867800525668598/000000.dcm,mass,train,0,BENIGN
P_00754,LEFT,MLO,mass,BENIGN,Mass-Training_P_00754_LEFT_MLO/1.3.6.1.4.1.9590.100.1.2.312780147111707881719057670931937600777/1.3.6.1.4.1.9590.100.1.2.423616791811899014340987718632410208612/000000.dcm,mass,train,0,BENIGN
P_00764,RIGHT,CC,mass,BENIGN,Mass-Training_P_00764_RIGHT_CC/1.3.6.1.4.1.9590.100.1.2.206328644912028545417805723470300609724/1.3.6.1.4.1.9590.100.1.2.237205040113055983132758660471841993282/000000.dcm,mass,train,0,BENIGN
P_00764,RIGHT,MLO,mass,BENIGN,Mass-Training_P_00764_RIGHT_MLO/1.3.6.1.4.1.9590.100.1.2.47917083812751684727362735883312837408/1.3.6.1.4.1.9590.100.1.2.99615833713361508323080027142333720400/000000.dcm,mass,train,0,BENIGN
P_00765,RIGHT,CC,mass,BENIGN,Mass-Training_P_00765_RIGHT_CC/1.3.6.1.4.1.9590.100.1.2.16522729211494335230466499844025848112/1.3.6.1.4.1.9590.100.1.2.115427562611156944718903379202186343488/000000.dcm,mass,train,0,BENIGN
P_00765,RIGHT,MLO,mass,BENIGN,Mass-Training_P_00765_RIGHT_MLO/1.3.6.1.4.1.9590.100.1.2.49749735812435497241359722370578550305/1.3.6.1.4.1.9590.100.1.2.91146663411815978620962792060900953996/000000.dcm,mass,train,0,BENIGN
P_00770,RIGHT,CC,mass,MALIGNANT,Mass-Training_P_00770_RIGHT_CC/1.3.6.1.4.1.9590.100.1.2.234097944712059384135723278382871022029/1.3.6.1.4.1.9590.100.1.2.194693289311221141704233109863353072257/000000.dcm,mass,train,1,MALIGNANT
P_00775,LEFT,CC,mass,BENIGN_WITHOUT_CALLBACK,Mass-Training_P_00775_LEFT_CC/1.3.6.1.4.1.9590.100.1.2.37761753411851454233562940704017418471/1.3.6.1.4.1.9590.100.1.2.92678305411961022015629405623671856133/000000.dcm,mass,train,0,BENIGN
P_00775,LEFT,MLO,mass,BENIGN_WITHOUT_CALLBACK,Mass-Training_P_00775_LEFT_MLO/1.3.6.1.4.1.9590.100.1.2.336412243512505070842523744090893874775/1.3.6.1.4.1.9590.100.1.2.248818536712655075239420322983346000377/000000.dcm,mass,train,0,BENIGN
P_00776,RIGHT,CC,mass,MALIGNANT,Mass-Training_P_00776_RIGHT_CC/1.3.6.1.4.1.9590.100.1.2.373236838613733255932794830561823968072/1.3.6.1.4.1.9590.100.1.2.308672021511009006434555943951584575862/000000.dcm,mass,train,1,MALIGNANT
P_00776,RIGHT,MLO,mass,MALIGNANT,Mass-Training_P_00776_RIGHT_MLO/1.3.6.1.4.1.9590.100.1.2.350417879310814288730426354070990574468/1.3.6.1.4.1.9590.100.1.2.266759617211127337602460456230753803059/000000.dcm,mass,train,1,MALIGNANT
P_00778,RIGHT,CC,mass,BENIGN,Mass-Training_P_00778_RIGHT_CC/1.3.6.1.4.1.9590.100.1.2.308494895211362281534523250391123796822/1.3.6.1.4.1.9590.100.1.2.372477449213206994517311205642014458234/000000.dcm,mass,train,0,BENIGN
P_00778,RIGHT,CC,mass,BENIGN,Mass-Training_P_00778_RIGHT_CC/1.3.6.1.4.1.9590.100.1.2.308494895211362281534523250391123796822/1.3.6.1.4.1.9590.100.1.2.372477449213206994517311205642014458234/000000.dcm,mass,train,0,BENIGN
P_00778,RIGHT,MLO,mass,BENIGN,Mass-Training_P_00778_RIGHT_MLO/1.3.6.1.4.1.9590.100.1.2.245273594011147453411968183453276568587/1.3.6.1.4.1.9590.100.1.2.37443696213477719541152546684205642873/000000.dcm,mass,train,0,BENIGN
P_00778,RIGHT,MLO,mass,BENIGN,Mass-Training_P_00778_RIGHT_MLO/1.3.6.1.4.1.9590.100.1.2.245273594011147453411968183453276568587/1.3.6.1.4.1.9590.100.1.2.37443696213477719541152546684205642873/000000.dcm,mass,train,0,BENIGN
P_00779,LEFT,CC,mass,MALIGNANT,Mass-Training_P_00779_LEFT_CC/1.3.6.1.4.1.9590.100.1.2.270611660911533119423841934502682216686/1.3.6.1.4.1.9590.100.1.2.179835165711689866316131934052969592377/000000.dcm,mass,train,1,MALIGNANT
P_00779,LEFT,MLO,mass,MALIGNANT,Mass-Training_P_00779_LEFT_MLO/1.3.6.1.4.1.9590.100.1.2.343941050813851637514598611471797731809/1.3.6.1.4.1.9590.100.1.2.133839045712891657504518084412098446070/000000.dcm,mass,train,1,MALIGNANT
P_00781,RIGHT,CC,mass,BENIGN,Mass-Training_P_00781_RIGHT_CC/1.3.6.1.4.1.9590.100.1.2.110908112111226585417608869744201740236/1.3.6.1.4.1.9590.100.1.2.116310672012952357715188123441042162542/000000.dcm,mass,train,0,BENIGN
P_00781,RIGHT,MLO,mass,BENIGN,Mass-Training_P_00781_RIGHT_MLO/1.3.6.1.4.1.9590.100.1.2.50801540112976712102332934524275487633/1.3.6.1.4.1.9590.100.1.2.398384850811351926606361013022374103853/000000.dcm,mass,train,0,BENIGN
P_00782,RIGHT,CC,mass,MALIGNANT,Mass-Training_P_00782_RIGHT_CC/1.3.6.1.4.1.9590.100.1.2.246987491212668308635069277622290652283/1.3.6.1.4.1.9590.100.1.2.182968415013050584706500148952370519925/000000.dcm,mass,train,1,MALIGNANT
P_00794,LEFT,CC,mass,BENIGN,Mass-Training_P_00794_LEFT_CC/1.3.6.1.4.1.9590.100.1.2.215087065912874563522814115013690981962/1.3.6.1.4.1.9590.100.1.2.73898800613320269625592651560791507194/000000.dcm,mass,train,0,BENIGN
P_00794,LEFT,MLO,mass,BENIGN,Mass-Training_P_00794_LEFT_MLO/1.3.6.1.4.1.9590.100.1.2.32747018411059145221144470201477942797/1.3.6.1.4.1.9590.100.1.2.35451977612757625124127781390100525898/000000.dcm,mass,train,0,BENIGN
P_00797,LEFT,CC,mass,BENIGN,Mass-Training_P_00797_LEFT_CC/1.3.6.1.4.1.9590.100.1.2.296640547512636736734329639801416632131/1.3.6.1.4.1.9590.100.1.2.328977677511962475112321192060403830590/000000.dcm,mass,train,0,BENIGN
P_00797,LEFT,CC,mass,MALIGNANT,Mass-Training_P_00797_LEFT_CC/1.3.6.1.4.1.9590.100.1.2.296640547512636736734329639801416632131/1.3.6.1.4.1.9590.100.1.2.328977677511962475112321192060403830590/000000.dcm,mass,train,1,MALIGNANT
P_00797,LEFT,MLO,mass,BENIGN,Mass-Training_P_00797_LEFT_MLO/1.3.6.1.4.1.9590.100.1.2.286592349812928215430044460851008491681/1.3.6.1.4.1.9590.100.1.2.290000938812700402005626187593866319925/000000.dcm,mass,train,0,BENIGN
P_00797,LEFT,MLO,mass,MALIGNANT,Mass-Training_P_00797_LEFT_MLO/1.3.6.1.4.1.9590.100.1.2.286592349812928215430044460851008491681/1.3.6.1.4.1.9590.100.1.2.290000938812700402005626187593866319925/000000.dcm,mass,train,1,MALIGNANT
P_00797,RIGHT,CC,mass,BENIGN,Mass-Training_P_00797_RIGHT_CC/1.3.6.1.4.1.9590.100.1.2.9788618311468725722605918022156722143/1.3.6.1.4.1.9590.100.1.2.255845637711782565536852604601759547270/000000.dcm,mass,train,0,BENIGN
P_00797,RIGHT,MLO,mass,BENIGN,Mass-Training_P_00797_RIGHT_MLO/1.3.6.1.4.1.9590.100.1.2.147441650911511717132285521223330437679/1.3.6.1.4.1.9590.100.1.2.354974451012606666730836312563315842748/000000.dcm,mass,train,0,BENIGN
P_00798,RIGHT,CC,mass,BENIGN,Mass-Training_P_00798_RIGHT_CC/1.3.6.1.4.1.9590.100.1.2.319641229912931473625734801231738639457/1.3.6.1.4.1.9590.100.1.2.34453089311625147902104454701326827611/000000.dcm,mass,train,0,BENIGN
P_00798,RIGHT,MLO,mass,BENIGN,Mass-Training_P_00798_RIGHT_MLO/1.3.6.1.4.1.9590.100.1.2.337449407312318766019506464192073041535/1.3.6.1.4.1.9590.100.1.2.301696859311813623408146804861586559693/000000.dcm,mass,train,0,BENIGN
P_00801,LEFT,CC,mass,MALIGNANT,Mass-Training_P_00801_LEFT_CC/1.3.6.1.4.1.9590.100.1.2.384494250111228069327260366664205116042/1.3.6.1.4.1.9590.100.1.2.417738311511512636014376396132371802556/000000.dcm,mass,train,1,MALIGNANT
P_00801,LEFT,MLO,mass,MALIGNANT,Mass-Training_P_00801_LEFT_MLO/1.3.6.1.4.1.9590.100.1.2.220204576712641656221376377951349278873/1.3.6.1.4.1.9590.100.1.2.239699144512455029431435821391385894486/000000.dcm,mass,train,1,MALIGNANT
P_00802,LEFT,CC,mass,MALIGNANT,Mass-Training_P_00802_LEFT_CC/1.3.6.1.4.1.9590.100.1.2.57884577210744520315387583200158469171/1.3.6.1.4.1.9590.100.1.2.362374565310914921540682385160998166344/000000.dcm,mass,train,1,MALIGNANT
P_00802,LEFT,MLO,mass,MALIGNANT,Mass-Training_P_00802_LEFT_MLO/1.3.6.1.4.1.9590.100.1.2.247723116911723846817064605664219539837/1.3.6.1.4.1.9590.100.1.2.186757922612786971122442515430330398402/000000.dcm,mass,train,1,MALIGNANT
P_00802,LEFT,MLO,mass,MALIGNANT,Mass-Training_P_00802_LEFT_MLO/1.3.6.1.4.1.9590.100.1.2.247723116911723846817064605664219539837/1.3.6.1.4.1.9590.100.1.2.186757922612786971122442515430330398402/000000.dcm,mass,train,1,MALIGNANT
P_00802,LEFT,MLO,mass,MALIGNANT,Mass-Training_P_00802_LEFT_MLO/1.3.6.1.4.1.9590.100.1.2.247723116911723846817064605664219539837/1.3.6.1.4.1.9590.100.1.2.186757922612786971122442515430330398402/000000.dcm,mass,train,1,MALIGNANT
P_00803,LEFT,CC,mass,MALIGNANT,Mass-Training_P_00803_LEFT_CC/1.3.6.1.4.1.9590.100.1.2.204183973112444377935583243832299200300/1.3.6.1.4.1.9590.100.1.2.304110187711512359019499429443358455571/000000.dcm,mass,train,1,MALIGNANT
P_00810,RIGHT,MLO,mass,MALIGNANT,Mass-Training_P_00810_RIGHT_MLO/1.3.6.1.4.1.9590.100.1.2.282460549913916917223017383722282369877/1.3.6.1.4.1.9590.100.1.2.234788441113416102718935328080750995740/000000.dcm,mass,train,1,MALIGNANT
P_00814,LEFT,CC,mass,BENIGN,Mass-Training_P_00814_LEFT_CC/1.3.6.1.4.1.9590.100.1.2.70050574512425734439842863973827726605/1.3.6.1.4.1.9590.100.1.2.405770000712613552327460084591951406869/000000.dcm,mass,train,0,BENIGN
P_00814,LEFT,MLO,mass,BENIGN,Mass-Training_P_00814_LEFT_MLO/1.3.6.1.4.1.9590.100.1.2.16561647310839362507344536782775923598/1.3.6.1.4.1.9590.100.1.2.174208804012331748932384971900102642300/000000.dcm,mass,train,0,BENIGN
P_00815,LEFT,CC,mass,MALIGNANT,Mass-Training_P_00815_LEFT_CC/1.3.6.1.4.1.9590.100.1.2.347317177513555144241346464620906765062/1.3.6.1.4.1.9590.100.1.2.43811569113751837527799648241925197121/000000.dcm,mass,train,1,MALIGNANT
P_00815,LEFT,MLO,mass,MALIGNANT,Mass-Training_P_00815_LEFT_MLO/1.3.6.1.4.1.9590.100.1.2.342424163312992923910140650262607753187/1.3.6.1.4.1.9590.100.1.2.131861114610888161822097220104193388621/000000.dcm,mass,train,1,MALIGNANT
P_00816,RIGHT,CC,mass,BENIGN,Mass-Training_P_00816_RIGHT_CC/1.3.6.1.4.1.9590.100.1.2.103611343611735751013596442983281667074/1.3.6.1.4.1.9590.100.1.2.164402928812135985831191113524063193410/000000.dcm,mass,train,0,BENIGN
P_00816,RIGHT,MLO,mass,BENIGN,Mass-Training_P_00816_RIGHT_MLO/1.3.6.1.4.1.9590.100.1.2.248203076611290243331871584540207356848/1.3.6.1.4.1.9590.100.1.2.52106446513173201929277628250108419748/000000.dcm,mass,train,0,BENIGN
P_00818,RIGHT,CC,mass,MALIGNANT,Mass-Training_P_00818_RIGHT_CC/1.3.6.1.4.1.9590.100.1.2.251908760412930442336076934484226486067/1.3.6.1.4.1.9590.100.1.2.216808559312941034119240923160831351862/000000.dcm,mass,train,1,MALIGNANT
P_00818,RIGHT,MLO,mass,MALIGNANT,Mass-Training_P_00818_RIGHT_MLO/1.3.6.1.4.1.9590.100.1.2.247416668810081541220548125700319655169/1.3.6.1.4.1.9590.100.1.2.281939123812771309139552979462112860567/000000.dcm,mass,train,1,MALIGNANT
P_00823,RIGHT,CC,mass,BENIGN,Mass-Training_P_00823_RIGHT_CC/1.3.6.1.4.1.9590.100.1.2.409488978111594689330945747333624891829/1.3.6.1.4.1.9590.100.1.2.392766189012464402104913399043411120417/000000.dcm,mass,train,0,BENIGN
P_00823,RIGHT,MLO,mass,BENIGN,Mass-Training_P_00823_RIGHT_MLO/1.3.6.1.4.1.9590.100.1.2.263049159612166354710404453461630740848/1.3.6.1.4.1.9590.100.1.2.24692168112230632325816405941334895785/000000.dcm,mass,train,0,BENIGN
P_00826,LEFT,CC,mass,BENIGN,Mass-Training_P_00826_LEFT_CC/1.3.6.1.4.1.9590.100.1.2.359048547912734837616102140570651074534/1.3.6.1.4.1.9590.100.1.2.136087942912627055207233775400589898698/000000.dcm,mass,train,0,BENIGN
P_00826,LEFT,MLO,mass,BENIGN,Mass-Training_P_00826_LEFT_MLO/1.3.6.1.4.1.9590.100.1.2.336096597111140124436216726091896608785/1.3.6.1.4.1.9590.100.1.2.147836511311460633701654478620200219052/000000.dcm,mass,train,0,BENIGN
P_00828,LEFT,CC,mass,MALIGNANT,Mass-Training_P_00828_LEFT_CC/1.3.6.1.4.1.9590.100.1.2.88219713311729064036976820802486393979/1.3.6.1.4.1.9590.100.1.2.281552999010634203504275867210830152922/000000.dcm,mass,train,1,MALIGNANT
P_00829,LEFT,CC,mass,BENIGN,Mass-Training_P_00829_LEFT_CC/1.3.6.1.4.1.9590.100.1.2.351737040112288827534486304533117633199/1.3.6.1.4.1.9590.100.1.2.29107328012513410434278114760541902263/000000.dcm,mass,train,0,BENIGN
P_00829,LEFT,MLO,mass,BENIGN,Mass-Training_P_00829_LEFT_MLO/1.3.6.1.4.1.9590.100.1.2.313881668511450475441680777051596235433/1.3.6.1.4.1.9590.100.1.2.270615391512904438603136029871346997827/000000.dcm,mass,train,0,BENIGN
P_00831,RIGHT,MLO,mass,MALIGNANT,Mass-Training_P_00831_RIGHT_MLO/1.3.6.1.4.1.9590.100.1.2.206197604312696547241704029663289225920/1.3.6.1.4.1.9590.100.1.2.159689052311613969236897222572223478612/000000.dcm,mass,train,1,MALIGNANT
P_00836,LEFT,CC,mass,MALIGNANT,Mass-Training_P_00836_LEFT_CC/1.3.6.1.4.1.9590.100.1.2.163722248812052121309000598390769382373/1.3.6.1.4.1.9590.100.1.2.419780045811507010327582708564022857860/000000.dcm,mass,train,1,MALIGNANT
P_00836,LEFT,MLO,mass,MALIGNANT,Mass-Training_P_00836_LEFT_MLO/1.3.6.1.4.1.9590.100.1.2.278582901211920159139000951333532302747/1.3.6.1.4.1.9590.100.1.2.370244080813430563441816674722318035806/000000.dcm,mass,train,1,MALIGNANT
P_00841,RIGHT,CC,mass,BENIGN,Mass-Training_P_00841_RIGHT_CC/1.3.6.1.4.1.9590.100.1.2.114434718811438039116024352291526642137/1.3.6.1.4.1.9590.100.1.2.27980645513718577626150235351487309400/000000.dcm,mass,train,0,BENIGN
P_00841,RIGHT,MLO,mass,BENIGN,Mass-Training_P_00841_RIGHT_MLO/1.3.6.1.4.1.9590.100.1.2.157283276613818649041573943601464027953/1.3.6.1.4.1.9590.100.1.2.219786601211502125619330815023883733450/000000.dcm,mass,train,0,BENIGN
P_00844,RIGHT,CC,mass,BENIGN,Mass-Training_P_00844_RIGHT_CC/1.3.6.1.4.1.9590.100.1.2.80596477813203837805587204213190029101/1.3.6.1.4.1.9590.100.1.2.191545176911075830335429047422974458313/000000.dcm,mass,train,0,BENIGN
P_00844,RIGHT,MLO,mass,BENIGN,Mass-Training_P_00844_RIGHT_MLO/1.3.6.1.4.1.9590.100.1.2.222477292511017915539647154110108131255/1.3.6.1.4.1.9590.100.1.2.74932472311162076527539447530289150135/000000.dcm,mass,train,0,BENIGN
P_00845,RIGHT,CC,mass,MALIGNANT,Mass-Training_P_00845_RIGHT_CC/1.3.6.1.4.1.9590.100.1.2.58913842412497497630467793000254065412/1.3.6.1.4.1.9590.100.1.2.181962671513168205431081675540126580500/000000.dcm,mass,train,1,MALIGNANT
P_00847,LEFT,MLO,mass,BENIGN,Mass-Training_P_00847_LEFT_MLO/1.3.6.1.4.1.9590.100.1.2.45019065511044970635972583852491887660/1.3.6.1.4.1.9590.100.1.2.356931877610857321032718130400679368063/000000.dcm,mass,train,0,BENIGN
P_00848,LEFT,CC,mass,MALIGNANT,Mass-Training_P_00848_LEFT_CC/1.3.6.1.4.1.9590.100.1.2.292233268111961538141861402962763892490/1.3.6.1.4.1.9590.100.1.2.113011709113363074337136984442456412163/000000.dcm,mass,train,1,MALIGNANT
P_00848,LEFT,MLO,mass,MALIGNANT,Mass-Training_P_00848_LEFT_MLO/1.3.6.1.4.1.9590.100.1.2.413973391211336667324665148493435722269/1.3.6.1.4.1.9590.100.1.2.276902262512802051824543635590451405910/000000.dcm,mass,train,1,MALIGNANT
P_00849,LEFT,CC,mass,MALIGNANT,Mass-Training_P_00849_LEFT_CC/1.3.6.1.4.1.9590.100.1.2.87813915812597470417279981030993480969/1.3.6.1.4.1.9590.100.1.2.426618652510161520110925531201795982352/000000.dcm,mass,train,1,MALIGNANT
P_00849,LEFT,MLO,mass,MALIGNANT,Mass-Training_P_00849_LEFT_MLO/1.3.6.1.4.1.9590.100.1.2.273975510812013596720891641873584799599/1.3.6.1.4.1.9590.100.1.2.263474680912073409704056090883907018979/000000.dcm,mass,train,1,MALIGNANT
P_00851,LEFT,CC,mass,MALIGNANT,Mass-Training_P_00851_LEFT_CC/1.3.6.1.4.1.9590.100.1.2.10937208712200379205540402483238546222/1.3.6.1.4.1.9590.100.1.2.158994694612173333101913801030238486766/000000.dcm,mass,train,1,MALIGNANT
P_00851,LEFT,MLO,mass,MALIGNANT,Mass-Training_P_00851_LEFT_MLO/1.3.6.1.4.1.9590.100.1.2.332807034112021819216685641371535178037/1.3.6.1.4.1.9590.100.1.2.214159660811754034822231515062693367987/000000.dcm,mass,train,1,MALIGNANT
P_00853,RIGHT,CC,mass,MALIGNANT,Mass-Training_P_00853_RIGHT_CC/1.3.6.1.4.1.9590.100.1.2.178881846012354570724447917320660535775/1.3.6.1.4.1.9590.100.1.2.127960127913715092040181480120954516235/000000.dcm,mass,train,1,MALIGNANT
P_00859,LEFT,CC,mass,BENIGN,Mass-Training_P_00859_LEFT_CC/1.3.6.1.4.1.9590.100.1.2.387387244313639850632159537992392067078/1.3.6.1.4.1.9590.100.1.2.13051981110488026940416989472977805870/000000.dcm,mass,train,0,BENIGN
P_00859,LEFT,MLO,mass,BENIGN,Mass-Training_P_00859_LEFT_MLO/1.3.6.1.4.1.9590.100.1.2.309395487212078797206414929194239029802/1.3.6.1.4.1.9590.100.1.2.425607717210627847042692560684257608300/000000.dcm,mass,train,0,BENIGN
P_00863,RIGHT,CC,mass,BENIGN,Mass-Training_P_00863_RIGHT_CC/1.3.6.1.4.1.9590.100.1.2.102361871612868040102747089043443009059/1.3.6.1.4.1.9590.100.1.2.200394253511150032912987268422492919749/000000.dcm,mass,train,0,BENIGN
P_00863,RIGHT,MLO,mass,BENIGN,Mass-Training_P_00863_RIGHT_MLO/1.3.6.1.4.1.9590.100.1.2.322650299410353640415914233680089273272/1.3.6.1.4.1.9590.100.1.2.25285489813247219040077032180322295687/000000.dcm,mass,train,0,BENIGN
P_00865,RIGHT,MLO,mass,MALIGNANT,Mass-Training_P_00865_RIGHT_MLO/1.3.6.1.4.1.9590.100.1.2.362951904211859693103191131021298491548/1.3.6.1.4.1.9590.100.1.2.90198240411430918528890761251995414350/000000.dcm,mass,train,1,MALIGNANT
P_00865,RIGHT,MLO,mass,MALIGNANT,Mass-Training_P_00865_RIGHT_MLO/1.3.6.1.4.1.9590.100.1.2.362951904211859693103191131021298491548/1.3.6.1.4.1.9590.100.1.2.90198240411430918528890761251995414350/000000.dcm,mass,train,1,MALIGNANT
P_00869,LEFT,CC,mass,BENIGN,Mass-Training_P_00869_LEFT_CC/1.3.6.1.4.1.9590.100.1.2.262927684513893410810075618762538797325/1.3.6.1.4.1.9590.100.1.2.182177787312682499236296341930939113234/000000.dcm,mass,train,0,BENIGN
P_00869,LEFT,MLO,mass,BENIGN,Mass-Training_P_00869_LEFT_MLO/1.3.6.1.4.1.9590.100.1.2.233654793411854816724860801552463835214/1.3.6.1.4.1.9590.100.1.2.171218457111705120809296398250938379418/000000.dcm,mass,train,0,BENIGN
P_00870,LEFT,CC,mass,MALIGNANT,Mass-Training_P_00870_LEFT_CC/1.3.6.1.4.1.9590.100.1.2.411206546211554238210491857060469504828/1.3.6.1.4.1.9590.100.1.2.272097098913135420027012443092785659084/000000.dcm,mass,train,1,MALIGNANT
P_00870,LEFT,MLO,mass,MALIGNANT,Mass-Training_P_00870_LEFT_MLO/1.3.6.1.4.1.9590.100.1.2.100466749613587936120624447340502603892/1.3.6.1.4.1.9590.100.1.2.19265558812219808138485666643988286593/000000.dcm,mass,train,1,MALIGNANT
P_00871,LEFT,CC,mass,MALIGNANT,Mass-Training_P_00871_LEFT_CC/1.3.6.1.4.1.9590.100.1.2.52904704912282869813994285412104103561/1.3.6.1.4.1.9590.100.1.2.373282818013134453040222769932510656107/000000.dcm,mass,train,1,MALIGNANT
P_00871,LEFT,MLO,mass,MALIGNANT,Mass-Training_P_00871_LEFT_MLO/1.3.6.1.4.1.9590.100.1.2.58840224612292558927093369730118894177/1.3.6.1.4.1.9590.100.1.2.317176449413138700800177542472279443624/000000.dcm,mass,train,1,MALIGNANT
P_00881,LEFT,CC,mass,MALIGNANT,Mass-Training_P_00881_LEFT_CC/1.3.6.1.4.1.9590.100.1.2.182450729311448453627735942933129057394/1.3.6.1.4.1.9590.100.1.2.185142233411822089919831973273689627524/000000.dcm,mass,train,1,MALIGNANT
P_00881,LEFT,MLO,mass,MALIGNANT,Mass-Training_P_00881_LEFT_MLO/1.3.6.1.4.1.9590.100.1.2.291936957211355142938760610733812929506/1.3.6.1.4.1.9590.100.1.2.374607437610450192412402692014231567856/000000.dcm,mass,train,1,MALIGNANT
P_00884,LEFT,MLO,mass,BENIGN_WITHOUT_CALLBACK,Mass-Training_P_00884_LEFT_MLO/1.3.6.1.4.1.9590.100.1.2.150426857712817920814449701551940900669/1.3.6.1.4.1.9590.100.1.2.301547446212111637242487527964023516147/000000.dcm,mass,train,0,BENIGN
P_00886,LEFT,CC,mass,MALIGNANT,Mass-Training_P_00886_LEFT_CC/1.3.6.1.4.1.9590.100.1.2.186746537211176331123094350363271647116/1.3.6.1.4.1.9590.100.1.2.218791594212238682427463228202109602674/000000.dcm,mass,train,1,MALIGNANT
P_00886,LEFT,MLO,mass,MALIGNANT,Mass-Training_P_00886_LEFT_MLO/1.3.6.1.4.1.9590.100.1.2.100490648811520832015856570003867703330/1.3.6.1.4.1.9590.100.1.2.19062591311232136905125377310810619956/000000.dcm,mass,train,1,MALIGNANT
P_00889,LEFT,CC,mass,MALIGNANT,Mass-Training_P_00889_LEFT_CC/1.3.6.1.4.1.9590.100.1.2.37709412911556108025699206900441082200/1.3.6.1.4.1.9590.100.1.2.368633633413567191732341718163131334242/000000.dcm,mass,train,1,MALIGNANT
P_00889,LEFT,MLO,mass,MALIGNANT,Mass-Training_P_00889_LEFT_MLO/1.3.6.1.4.1.9590.100.1.2.218715295211108146808355309084009032251/1.3.6.1.4.1.9590.100.1.2.123533393112210869236431858273125384700/000000.dcm,mass,train,1,MALIGNANT
P_00891,RIGHT,CC,mass,MALIGNANT,Mass-Training_P_00891_RIGHT_CC/1.3.6.1.4.1.9590.100.1.2.410321381511197396801929960052913838826/1.3.6.1.4.1.9590.100.1.2.163032446612580148615960255080382953287/000000.dcm,mass,train,1,MALIGNANT
P_00891,RIGHT,MLO,mass,MALIGNANT,Mass-Training_P_00891_RIGHT_MLO/1.3.6.1.4.1.9590.100.1.2.171278149811611633503211654523102481068/1.3.6.1.4.1.9590.100.1.2.97526645913163563027314267263876912465/000000.dcm,mass,train,1,MALIGNANT
P_00892,LEFT,CC,mass,MALIGNANT,Mass-Training_P_00892_LEFT_CC/1.3.6.1.4.1.9590.100.1.2.417043212012233015930671648363009870543/1.3.6.1.4.1.9590.100.1.2.173296817412349825402291232593659049789/000000.dcm,mass,train,1,MALIGNANT
P_00892,LEFT,MLO,mass,MALIGNANT,Mass-Training_P_00892_LEFT_MLO/1.3.6.1.4.1.9590.100.1.2.376851966711499727601829490042758987036/1.3.6.1.4.1.9590.100.1.2.298507260212876852534436916713961683073/000000.dcm,mass,train,1,MALIGNANT
P_00894,RIGHT,MLO,mass,BENIGN,Mass-Training_P_00894_RIGHT_MLO/1.3.6.1.4.1.9590.100.1.2.408356957212752003826618116403793179585/1.3.6.1.4.1.9590.100.1.2.364959103713402457634303207832780144353/000000.dcm,mass,train,0,BENIGN
P_00896,LEFT,CC,mass,BENIGN,Mass-Training_P_00896_LEFT_CC/1.3.6.1.4.1.9590.100.1.2.288091073512651284430090354263450205165/1.3.6.1.4.1.9590.100.1.2.201382896611083859324943108413230064987/000000.dcm,mass,train,0,BENIGN
P_00898,LEFT,CC,mass,MALIGNANT,Mass-Training_P_00898_LEFT_CC/1.3.6.1.4.1.9590.100.1.2.209860471811403219816203501193416710769/1.3.6.1.4.1.9590.100.1.2.85914409911351710839139096720265170726/000000.dcm,mass,train,1,MALIGNANT
P_00900,LEFT,MLO,mass,MALIGNANT,Mass-Training_P_00900_LEFT_MLO/1.3.6.1.4.1.9590.100.1.2.11761407211207188303844765630820375693/1.3.6.1.4.1.9590.100.1.2.179975218610375796914571024833434465616/000000.dcm,mass,train,1,MALIGNANT
P_00901,RIGHT,CC,mass,MALIGNANT,Mass-Training_P_00901_RIGHT_CC/1.3.6.1.4.1.9590.100.1.2.354501933611924422110581285523164482134/1.3.6.1.4.1.9590.100.1.2.394792236611156603001230316853617554862/000000.dcm,mass,train,1,MALIGNANT
P_00901,RIGHT,MLO,mass,MALIGNANT,Mass-Training_P_00901_RIGHT_MLO/1.3.6.1.4.1.9590.100.1.2.330305206112594441242536979413529904381/1.3.6.1.4.1.9590.100.1.2.12669257310082858042663169390086466638/000000.dcm,mass,train,1,MALIGNANT
P_00902,LEFT,CC,mass,MALIGNANT,Mass-Training_P_00902_LEFT_CC/1.3.6.1.4.1.9590.100.1.2.265554175713114219113685454202507199070/1.3.6.1.4.1.9590.100.1.2.185184604513757216842342918751951912224/000000.dcm,mass,train,1,MALIGNANT
P_00902,LEFT,MLO,mass,MALIGNANT,Mass-Training_P_00902_LEFT_MLO/1.3.6.1.4.1.9590.100.1.2.261562612613402826516640743971476747464/1.3.6.1.4.1.9590.100.1.2.46561815111905129726185322260150997233/000000.dcm,mass,train,1,MALIGNANT
P_00903,LEFT,MLO,mass,MALIGNANT,Mass-Training_P_00903_LEFT_MLO/1.3.6.1.4.1.9590.100.1.2.234343744312853645041534168814041543419/1.3.6.1.4.1.9590.100.1.2.75037681113414434413596565943901066055/000000.dcm,mass,train,1,MALIGNANT
P_00906,LEFT,CC,mass,MALIGNANT,Mass-Training_P_00906_LEFT_CC/1.3.6.1.4.1.9590.100.1.2.221648169413686373228737276752575730452/1.3.6.1.4.1.9590.100.1.2.368423311610709251509543945323964628326/000000.dcm,mass,train,1,MALIGNANT
P_00906,LEFT,MLO,mass,MALIGNANT,Mass-Training_P_00906_LEFT_MLO/1.3.6.1.4.1.9590.100.1.2.17485742312579064209390465653880847045/1.3.6.1.4.1.9590.100.1.2.90602848313759785130049921532022276793/000000.dcm,mass,train,1,MALIGNANT
P_00911,LEFT,CC,mass,BENIGN,Mass-Training_P_00911_LEFT_CC/1.3.6.1.4.1.9590.100.1.2.157590002111631293814252428032273590769/1.3.6.1.4.1.9590.100.1.2.180320355111581862819474487403750169334/000000.dcm,mass,train,0,BENIGN
P_00913,LEFT,CC,mass,MALIGNANT,Mass-Training_P_00913_LEFT_CC/1.3.6.1.4.1.9590.100.1.2.292026484411147403810618927381501945422/1.3.6.1.4.1.9590.100.1.2.20484873411226398441505081963489840220/000000.dcm,mass,train,1,MALIGNANT
P_00913,LEFT,MLO,mass,MALIGNANT,Mass-Training_P_00913_LEFT_MLO/1.3.6.1.4.1.9590.100.1.2.302641979511501205634621413693616398211/1.3.6.1.4.1.9590.100.1.2.290107355212005678136811137841887954302/000000.dcm,mass,train,1,MALIGNANT
P_00914,LEFT,CC,mass,MALIGNANT,Mass-Training_P_00914_LEFT_CC/1.3.6.1.4.1.9590.100.1.2.5130194611289264010231858132203667898/1.3.6.1.4.1.9590.100.1.2.122014842013197980401803659680241641105/000000.dcm,mass,train,1,MALIGNANT
P_00914,LEFT,CC,mass,MALIGNANT,Mass-Training_P_00914_LEFT_CC/1.3.6.1.4.1.9590.100.1.2.5130194611289264010231858132203667898/1.3.6.1.4.1.9590.100.1.2.122014842013197980401803659680241641105/000000.dcm,mass,train,1,MALIGNANT
P_00914,LEFT,CC,mass,MALIGNANT,Mass-Training_P_00914_LEFT_CC/1.3.6.1.4.1.9590.100.1.2.5130194611289264010231858132203667898/1.3.6.1.4.1.9590.100.1.2.122014842013197980401803659680241641105/000000.dcm,mass,train,1,MALIGNANT
P_00914,LEFT,MLO,mass,MALIGNANT,Mass-Training_P_00914_LEFT_MLO/1.3.6.1.4.1.9590.100.1.2.184126921212887244524852714361116698115/1.3.6.1.4.1.9590.100.1.2.298305589613887990811414647062323223458/000000.dcm,mass,train,1,MALIGNANT
P_00914,LEFT,MLO,mass,MALIGNANT,Mass-Training_P_00914_LEFT_MLO/1.3.6.1.4.1.9590.100.1.2.184126921212887244524852714361116698115/1.3.6.1.4.1.9590.100.1.2.298305589613887990811414647062323223458/000000.dcm,mass,train,1,MALIGNANT
P_00914,LEFT,MLO,mass,MALIGNANT,Mass-Training_P_00914_LEFT_MLO/1.3.6.1.4.1.9590.100.1.2.184126921212887244524852714361116698115/1.3.6.1.4.1.9590.100.1.2.298305589613887990811414647062323223458/000000.dcm,mass,train,1,MALIGNANT
P_00915,RIGHT,CC,mass,MALIGNANT,Mass-Training_P_00915_RIGHT_CC/1.3.6.1.4.1.9590.100.1.2.208493454111727599305770907311957075623/1.3.6.1.4.1.9590.100.1.2.19303344411294217111978564022086607714/000000.dcm,mass,train,1,MALIGNANT
P_00915,RIGHT,MLO,mass,MALIGNANT,Mass-Training_P_00915_RIGHT_MLO/1.3.6.1.4.1.9590.100.1.2.215356389013809527042047049020377428118/1.3.6.1.4.1.9590.100.1.2.144954714312199212434707587871456397264/000000.dcm,mass,train,1,MALIGNANT
P_00917,RIGHT,MLO,mass,BENIGN,Mass-Training_P_00917_RIGHT_MLO/1.3.6.1.4.1.9590.100.1.2.295633151513600751235354961041897930726/1.3.6.1.4.1.9590.100.1.2.387892329911122156220213116652114262348/000000.dcm,mass,train,0,BENIGN
P_00920,RIGHT,CC,mass,BENIGN,Mass-Training_P_00920_RIGHT_CC/1.3.6.1.4.1.9590.100.1.2.115269849211938130103985691173960031466/1.3.6.1.4.1.9590.100.1.2.16832512412610657226900762961197431958/000000.dcm,mass,train,0,BENIGN
P_00920,RIGHT,MLO,mass,BENIGN,Mass-Training_P_00920_RIGHT_MLO/1.3.6.1.4.1.9590.100.1.2.409306771312018877423711948054076135257/1.3.6.1.4.1.9590.100.1.2.353883475513529202022645119093614008591/000000.dcm,mass,train,0,BENIGN
P_00921,RIGHT,CC,mass,MALIGNANT,Mass-Training_P_00921_RIGHT_CC/1.3.6.1.4.1.9590.100.1.2.292611810911911853222425304761454941542/1.3.6.1.4.1.9590.100.1.2.421580199311006857130512142331396933931/000000.dcm,mass,train,1,MALIGNANT
P_00927,LEFT,CC,mass,BENIGN,Mass-Training_P_00927_LEFT_CC/1.3.6.1.4.1.9590.100.1.2.76442856211521260832036842553062365733/1.3.6.1.4.1.9590.100.1.2.40889055612595821633902040671567155604/000000.dcm,mass,train,0,BENIGN
P_00927,LEFT,MLO,mass,BENIGN,Mass-Training_P_00927_LEFT_MLO/1.3.6.1.4.1.9590.100.1.2.260636092113404479225124033680701736521/1.3.6.1.4.1.9590.100.1.2.357042118811454978137017980193876327422/000000.dcm,mass,train,0,BENIGN
P_00929,LEFT,CC,mass,MALIGNANT,Mass-Training_P_00929_LEFT_CC/1.3.6.1.4.1.9590.100.1.2.58928619911594848031129240463186026262/1.3.6.1.4.1.9590.100.1.2.279666226210650225509580929620399369732/000000.dcm,mass,train,1,MALIGNANT
P_00929,LEFT,MLO,mass,MALIGNANT,Mass-Training_P_00929_LEFT_MLO/1.3.6.1.4.1.9590.100.1.2.237816929211485634831132094742365931310/1.3.6.1.4.1.9590.100.1.2.157433088311800596735866615610424202516/000000.dcm,mass,train,1,MALIGNANT
P_00931,LEFT,CC,mass,MALIGNANT,Mass-Training_P_00931_LEFT_CC/1.3.6.1.4.1.9590.100.1.2.205906852612798548910173871640133391907/1.3.6.1.4.1.9590.100.1.2.148897897112363547336820799050685302111/000000.dcm,mass,train,1,MALIGNANT
P_00931,LEFT,MLO,mass,MALIGNANT,Mass-Training_P_00931_LEFT_MLO/1.3.6.1.4.1.9590.100.1.2.32003611712519078514787042722129111314/1.3.6.1.4.1.9590.100.1.2.104329581812032431418499263111680436264/000000.dcm,mass,train,1,MALIGNANT
P_00935,LEFT,CC,mass,MALIGNANT,Mass-Training_P_00935_LEFT_CC/1.3.6.1.4.1.9590.100.1.2.418506209313416787036491723914026108186/1.3.6.1.4.1.9590.100.1.2.47970571410947468918537931823160772974/000000.dcm,mass,train,1,MALIGNANT
P_00935,LEFT,MLO,mass,MALIGNANT,Mass-Training_P_00935_LEFT_MLO/1.3.6.1.4.1.9590.100.1.2.24074149412093980225512633682293130021/1.3.6.1.4.1.9590.100.1.2.408841612911259188639006846810670253077/000000.dcm,mass,train,1,MALIGNANT
P_00939,RIGHT,CC,mass,BENIGN,Mass-Training_P_00939_RIGHT_CC/1.3.6.1.4.1.9590.100.1.2.427251405612447502222376779952384693365/1.3.6.1.4.1.9590.100.1.2.359948563313211921203994090300862857070/000000.dcm,mass,train,0,BENIGN
P_00939,RIGHT,MLO,mass,BENIGN,Mass-Training_P_00939_RIGHT_MLO/1.3.6.1.4.1.9590.100.1.2.77987102112900189833947078650732839264/1.3.6.1.4.1.9590.100.1.2.205511598611003411919109543732877893058/000000.dcm,mass,train,0,BENIGN
P_00941,LEFT,MLO,mass,BENIGN,Mass-Training_P_00941_LEFT_MLO/1.3.6.1.4.1.9590.100.1.2.30042865311335979936291608800496761179/1.3.6.1.4.1.9590.100.1.2.421436688110530382318532714612234951986/000000.dcm,mass,train,0,BENIGN
P_00949,LEFT,CC,mass,BENIGN,Mass-Training_P_00949_LEFT_CC/1.3.6.1.4.1.9590.100.1.2.275018067712414122834837979342324700251/1.3.6.1.4.1.9590.100.1.2.232620134712562493930207115944049234725/000000.dcm,mass,train,0,BENIGN
P_00949,LEFT,MLO,mass,BENIGN,Mass-Training_P_00949_LEFT_MLO/1.3.6.1.4.1.9590.100.1.2.192373006610327624224163569960234234558/1.3.6.1.4.1.9590.100.1.2.370598794211459951828306313591623840040/000000.dcm,mass,train,0,BENIGN
P_00950,LEFT,CC,mass,MALIGNANT,Mass-Training_P_00950_LEFT_CC/1.3.6.1.4.1.9590.100.1.2.284952388513419972409474579272425175955/1.3.6.1.4.1.9590.100.1.2.152037527912525499026842827613918395697/000000.dcm,mass,train,1,MALIGNANT
P_00952,RIGHT,CC,mass,BENIGN_WITHOUT_CALLBACK,Mass-Training_P_00952_RIGHT_CC/1.3.6.1.4.1.9590.100.1.2.348821219912165444105310345052391150294/1.3.6.1.4.1.9590.100.1.2.66788666413737386311980445843426083308/000000.dcm,mass,train,0,BENIGN
P_00952,RIGHT,MLO,mass,BENIGN_WITHOUT_CALLBACK,Mass-Training_P_00952_RIGHT_MLO/1.3.6.1.4.1.9590.100.1.2.311336340713661797938021003692719596395/1.3.6.1.4.1.9590.100.1.2.258863389812808483140653180783818293753/000000.dcm,mass,train,0,BENIGN
P_00958,LEFT,CC,mass,BENIGN,Mass-Training_P_00958_LEFT_CC/1.3.6.1.4.1.9590.100.1.2.263967019613062824539845287940403184498/1.3.6.1.4.1.9590.100.1.2.416588203912230930803733548970532654845/000000.dcm,mass,train,0,BENIGN
P_00958,LEFT,MLO,mass,BENIGN,Mass-Training_P_00958_LEFT_MLO/1.3.6.1.4.1.9590.100.1.2.273000738413236162635146116180673843437/1.3.6.1.4.1.9590.100.1.2.319642581411907925228892125712362924398/000000.dcm,mass,train,0,BENIGN
P_00959,RIGHT,MLO,mass,MALIGNANT,Mass-Training_P_00959_RIGHT_MLO/1.3.6.1.4.1.9590.100.1.2.370300944012470075526846990463468181958/1.3.6.1.4.1.9590.100.1.2.419693335212592652111375031130369585743/000000.dcm,mass,train,1,MALIGNANT
P_00961,LEFT,MLO,mass,MALIGNANT,Mass-Training_P_00961_LEFT_MLO/1.3.6.1.4.1.9590.100.1.2.252065467011550931920661293152052778706/1.3.6.1.4.1.9590.100.1.2.33118281113515373820462752283931435411/000000.dcm,mass,train,1,MALIGNANT
P_00963,LEFT,CC,mass,BENIGN,Mass-Training_P_00963_LEFT_CC/1.3.6.1.4.1.9590.100.1.2.124993342812525669236418656251178028582/1.3.6.1.4.1.9590.100.1.2.82903392611205160427267347513807008950/000000.dcm,mass,train,0,BENIGN
P_00963,LEFT,MLO,mass,BENIGN,Mass-Training_P_00963_LEFT_MLO/1.3.6.1.4.1.9590.100.1.2.373015519612342111816492381661839003339/1.3.6.1.4.1.9590.100.1.2.197183062612336894339052914473237104562/000000.dcm,mass,train,0,BENIGN
P_00968,LEFT,CC,mass,MALIGNANT,Mass-Training_P_00968_LEFT_CC/1.3.6.1.4.1.9590.100.1.2.84710898411063088631372417840402973357/1.3.6.1.4.1.9590.100.1.2.37120015611447203329847937293131880787/000000.dcm,mass,train,1,MALIGNANT
P_00968,LEFT,MLO,mass,MALIGNANT,Mass-Training_P_00968_LEFT_MLO/1.3.6.1.4.1.9590.100.1.2.181558270213430561601749329062346151159/1.3.6.1.4.1.9590.100.1.2.313682847911250302434198294310098204465/000000.dcm,mass,train,1,MALIGNANT
P_00970,LEFT,MLO,mass,BENIGN_WITHOUT_CALLBACK,Mass-Training_P_00970_LEFT_MLO/1.3.6.1.4.1.9590.100.1.2.388670128711022387428519200281147099544/1.3.6.1.4.1.9590.100.1.2.103946003010706999711883723771217783065/000000.dcm,mass,train,0,BENIGN
P_00972,LEFT,CC,mass,MALIGNANT,Mass-Training_P_00972_LEFT_CC/1.3.6.1.4.1.9590.100.1.2.121549230512851122837112388021618481525/1.3.6.1.4.1.9590.100.1.2.384230288812014056638282661370745913119/000000.dcm,mass,train,1,MALIGNANT
P_00972,LEFT,MLO,mass,MALIGNANT,Mass-Training_P_00972_LEFT_MLO/1.3.6.1.4.1.9590.100.1.2.414899450513712415201252940153003522809/1.3.6.1.4.1.9590.100.1.2.189618700912186602728870178774202689346/000000.dcm,mass,train,1,MALIGNANT
P_00976,LEFT,CC,mass,BENIGN,Mass-Training_P_00976_LEFT_CC/1.3.6.1.4.1.9590.100.1.2.221444725911670546818388532951973344794/1.3.6.1.4.1.9590.100.1.2.207632702411522848620884565831189842000/000000.dcm,mass,train,0,BENIGN
P_00976,LEFT,MLO,mass,BENIGN,Mass-Training_P_00976_LEFT_MLO/1.3.6.1.4.1.9590.100.1.2.42257867512527459923703161623177958132/1.3.6.1.4.1.9590.100.1.2.38336269812202038625768132420955448811/000000.dcm,mass,train,0,BENIGN
P_00978,RIGHT,CC,mass,BENIGN,Mass-Training_P_00978_RIGHT_CC/1.3.6.1.4.1.9590.100.1.2.89455779712325931336574869772796978913/1.3.6.1.4.1.9590.100.1.2.131069933811332369700165090750036271290/000000.dcm,mass,train,0,BENIGN
P_00978,RIGHT,MLO,mass,BENIGN,Mass-Training_P_00978_RIGHT_MLO/1.3.6.1.4.1.9590.100.1.2.103297690012735205637544544612280279072/1.3.6.1.4.1.9590.100.1.2.44363690310294082012120290633695247705/000000.dcm,mass,train,0,BENIGN
P_00982,RIGHT,CC,mass,BENIGN,Mass-Training_P_00982_RIGHT_CC/1.3.6.1.4.1.9590.100.1.2.358224133013257124215507434631204316188/1.3.6.1.4.1.9590.100.1.2.36825032713107530300938213160028717974/000000.dcm,mass,train,0,BENIGN
P_00982,RIGHT,MLO,mass,BENIGN,Mass-Training_P_00982_RIGHT_MLO/1.3.6.1.4.1.9590.100.1.2.379510721612023549510252609610118322869/1.3.6.1.4.1.9590.100.1.2.200120724512491127431807105723919337841/000000.dcm,mass,train,0,BENIGN
P_00984,RIGHT,CC,mass,MALIGNANT,Mass-Training_P_00984_RIGHT_CC/1.3.6.1.4.1.9590.100.1.2.213395190911681348625673089653776235301/1.3.6.1.4.1.9590.100.1.2.231315678913343926700267468040740491805/000000.dcm,mass,train,1,MALIGNANT
P_00984,RIGHT,MLO,mass,MALIGNANT,Mass-Training_P_00984_RIGHT_MLO/1.3.6.1.4.1.9590.100.1.2.401829894113141371922420461430796596306/1.3.6.1.4.1.9590.100.1.2.266133570313100849523783768411170795888/000000.dcm,mass,train,1,MALIGNANT
P_00988,LEFT,CC,mass,BENIGN,Mass-Training_P_00988_LEFT_CC/1.3.6.1.4.1.9590.100.1.2.238815925212907992939093899693502755648/1.3.6.1.4.1.9590.100.1.2.73759634312857778001096731370099555585/000000.dcm,mass,train,0,BENIGN
P_00988,LEFT,MLO,mass,BENIGN,Mass-Training_P_00988_LEFT_MLO/1.3.6.1.4.1.9590.100.1.2.269061879511084642916429113730074873638/1.3.6.1.4.1.9590.100.1.2.33275657312025044007406675412374611758/000000.dcm,mass,train,0,BENIGN
P_00990,RIGHT,CC,mass,MALIGNANT,Mass-Training_P_00990_RIGHT_CC/1.3.6.1.4.1.9590.100.1.2.421042610811196537334116353841218946988/1.3.6.1.4.1.9590.100.1.2.334990521712557380400420548343565530362/000000.dcm,mass,train,1,MALIGNANT
P_00990,RIGHT,MLO,mass,MALIGNANT,Mass-Training_P_00990_RIGHT_MLO/1.3.6.1.4.1.9590.100.1.2.296900219913752463919219705634171757943/1.3.6.1.4.1.9590.100.1.2.20764198012765453140314285331863169759/000000.dcm,mass,train,1,MALIGNANT
P_00994,RIGHT,MLO,mass,BENIGN,Mass-Training_P_00994_RIGHT_MLO/1.3.6.1.4.1.9590.100.1.2.321069316211067093238933584701729496651/1.3.6.1.4.1.9590.100.1.2.132737663612662199321307081464261867595/000000.dcm,mass,train,0,BENIGN
P_00995,LEFT,CC,mass,MALIGNANT,Mass-Training_P_00995_LEFT_CC/1.3.6.1.4.1.9590.100.1.2.78317851311167548625619375590215523183/1.3.6.1.4.1.9590.100.1.2.20874139512932815023227245271101732069/000000.dcm,mass,train,1,MALIGNANT
P_00995,LEFT,MLO,mass,MALIGNANT,Mass-Training_P_00995_LEFT_MLO/1.3.6.1.4.1.9590.100.1.2.291279840911931764736146955743992785813/1.3.6.1.4.1.9590.100.1.2.4164835311517392213293157733287891901/000000.dcm,mass,train,1,MALIGNANT
P_00996,RIGHT,CC,mass,BENIGN,Mass-Training_P_00996_RIGHT_CC/1.3.6.1.4.1.9590.100.1.2.180307382711785345620374076352734467064/1.3.6.1.4.1.9590.100.1.2.414429234712013729427871824732085645085/000000.dcm,mass,train,0,BENIGN
P_00997,LEFT,CC,mass,MALIGNANT,Mass-Training_P_00997_LEFT_CC/1.3.6.1.4.1.9590.100.1.2.188366722511868524224998606693488997848/1.3.6.1.4.1.9590.100.1.2.395876256210876745215504037474275317920/000000.dcm,mass,train,1,MALIGNANT
P_00997,LEFT,MLO,mass,MALIGNANT,Mass-Training_P_00997_LEFT_MLO/1.3.6.1.4.1.9590.100.1.2.158339948512319940341240349793840588746/1.3.6.1.4.1.9590.100.1.2.82820912112611667726930968340582196338/000000.dcm,mass,train,1,MALIGNANT
P_00999,LEFT,CC,mass,MALIGNANT,Mass-Training_P_00999_LEFT_CC/1.3.6.1.4.1.9590.100.1.2.268646010911371198835413889542302104189/1.3.6.1.4.1.9590.100.1.2.335669463311269708800120410964260704921/000000.dcm,mass,train,1,MALIGNANT
P_00999,LEFT,MLO,mass,MALIGNANT,Mass-Training_P_00999_LEFT_MLO/1.3.6.1.4.1.9590.100.1.2.196627845512420080202280242191992433653/1.3.6.1.4.1.9590.100.1.2.135467727511001008308176209090108076477/000000.dcm,mass,train,1,MALIGNANT
P_01000,RIGHT,CC,mass,MALIGNANT,Mass-Training_P_01000_RIGHT_CC/1.3.6.1.4.1.9590.100.1.2.58067174212044151831667977190191072283/1.3.6.1.4.1.9590.100.1.2.49977394510506691323822314820726848235/000000.dcm,mass,train,1,MALIGNANT
P_01000,RIGHT,MLO,mass,MALIGNANT,Mass-Training_P_01000_RIGHT_MLO/1.3.6.1.4.1.9590.100.1.2.374140763311805512205672989531823112052/1.3.6.1.4.1.9590.100.1.2.348229540412934115816134742291188866126/000000.dcm,mass,train,1,MALIGNANT
P_01008,RIGHT,CC,mass,MALIGNANT,Mass-Training_P_01008_RIGHT_CC/1.3.6.1.4.1.9590.100.1.2.142724529013529886208871277023312359850/1.3.6.1.4.1.9590.100.1.2.211454300312749482235439446092993818317/000000.dcm,mass,train,1,MALIGNANT
P_01008,RIGHT,MLO,mass,MALIGNANT,Mass-Training_P_01008_RIGHT_MLO/1.3.6.1.4.1.9590.100.1.2.124470580412947180137459367700110354624/1.3.6.1.4.1.9590.100.1.2.382971804611642572936685577203118397224/000000.dcm,mass,train,1,MALIGNANT
P_01009,RIGHT,CC,mass,MALIGNANT,Mass-Training_P_01009_RIGHT_CC/1.3.6.1.4.1.9590.100.1.2.380665216311535545115587032720004723801/1.3.6.1.4.1.9590.100.1.2.366380199312149445220426062372662360356/000000.dcm,mass,train,1,MALIGNANT
P_01009,RIGHT,MLO,mass,MALIGNANT,Mass-Training_P_01009_RIGHT_MLO/1.3.6.1.4.1.9590.100.1.2.411931537111618285641292535633589886546/1.3.6.1.4.1.9590.100.1.2.423381440611407931423565073193041412507/000000.dcm,mass,train,1,MALIGNANT
P_01018,RIGHT,MLO,mass,BENIGN_WITHOUT_CALLBACK,Mass-Training_P_01018_RIGHT_MLO/1.3.6.1.4.1.9590.100.1.2.394057625013904838339977640010382580258/1.3.6.1.4.1.9590.100.1.2.322667976213415973414521161391249353390/000000.dcm,mass,train,0,BENIGN
P_01031,LEFT,CC,mass,MALIGNANT,Mass-Training_P_01031_LEFT_CC/1.3.6.1.4.1.9590.100.1.2.388992126111988144813231097831687672748/1.3.6.1.4.1.9590.100.1.2.403883043213698776828364571440820464401/000000.dcm,mass,train,1,MALIGNANT
P_01032,RIGHT,CC,mass,BENIGN_WITHOUT_CALLBACK,Mass-Training_P_01032_RIGHT_CC/1.3.6.1.4.1.9590.100.1.2.376885015412513950902893787224208836597/1.3.6.1.4.1.9590.100.1.2.324254718012975054820664541890909476716/000000.dcm,mass,train,0,BENIGN
P_01034,RIGHT,CC,mass,MALIGNANT,Mass-Training_P_01034_RIGHT_CC/1.3.6.1.4.1.9590.100.1.2.241935977213860571331472695312803097921/1.3.6.1.4.1.9590.100.1.2.113107599413757334715056198522480123157/000000.dcm,mass,train,1,MALIGNANT
P_01034,RIGHT,MLO,mass,MALIGNANT,Mass-Training_P_01034_RIGHT_MLO/1.3.6.1.4.1.9590.100.1.2.427225985812468705930102856980729734016/1.3.6.1.4.1.9590.100.1.2.325143492211615192218257476242629548629/000000.dcm,mass,train,1,MALIGNANT
P_01035,RIGHT,CC,mass,MALIGNANT,Mass-Training_P_01035_RIGHT_CC/1.3.6.1.4.1.9590.100.1.2.33356668112922447308937939623592543306/1.3.6.1.4.1.9590.100.1.2.154148519711206075242905286510414335946/000000.dcm,mass,train,1,MALIGNANT
P_01035,RIGHT,MLO,mass,MALIGNANT,Mass-Training_P_01035_RIGHT_MLO/1.3.6.1.4.1.9590.100.1.2.309169397912188845709954016473321284590/1.3.6.1.4.1.9590.100.1.2.194014761511237421025886729180261985635/000000.dcm,mass,train,1,MALIGNANT
P_01036,RIGHT,MLO,mass,BENIGN_WITHOUT_CALLBACK,Mass-Training_P_01036_RIGHT_MLO/1.3.6.1.4.1.9590.100.1.2.398305128012949948134989702810426644660/1.3.6.1.4.1.9590.100.1.2.269371263412811256614469730851947013418/000000.dcm,mass,train,0,BENIGN
P_01039,LEFT,CC,mass,MALIGNANT,Mass-Training_P_01039_LEFT_CC/1.3.6.1.4.1.9590.100.1.2.230853863712951311423743888971330725044/1.3.6.1.4.1.9590.100.1.2.297144095610618232729352311383502469380/000000.dcm,mass,train,1,MALIGNANT
P_01039,RIGHT,CC,mass,BENIGN,Mass-Training_P_01039_RIGHT_CC/1.3.6.1.4.1.9590.100.1.2.254714699811244442429365065160123251575/1.3.6.1.4.1.9590.100.1.2.354587724213018641829708719832963731890/000000.dcm,mass,train,0,BENIGN
P_01039,RIGHT,CC,mass,BENIGN,Mass-Training_P_01039_RIGHT_CC/1.3.6.1.4.1.9590.100.1.2.254714699811244442429365065160123251575/1.3.6.1.4.1.9590.100.1.2.354587724213018641829708719832963731890/000000.dcm,mass,train,0,BENIGN
P_01039,RIGHT,CC,mass,BENIGN,Mass-Training_P_01039_RIGHT_CC/1.3.6.1.4.1.9590.100.1.2.254714699811244442429365065160123251575/1.3.6.1.4.1.9590.100.1.2.354587724213018641829708719832963731890/000000.dcm,mass,train,0,BENIGN
P_01039,RIGHT,CC,mass,BENIGN,Mass-Training_P_01039_RIGHT_CC/1.3.6.1.4.1.9590.100.1.2.254714699811244442429365065160123251575/1.3.6.1.4.1.9590.100.1.2.354587724213018641829708719832963731890/000000.dcm,mass,train,0,BENIGN
P_01039,RIGHT,CC,mass,BENIGN,Mass-Training_P_01039_RIGHT_CC/1.3.6.1.4.1.9590.100.1.2.254714699811244442429365065160123251575/1.3.6.1.4.1.9590.100.1.2.354587724213018641829708719832963731890/000000.dcm,mass,train,0,BENIGN
P_01039,RIGHT,MLO,mass,BENIGN,Mass-Training_P_01039_RIGHT_MLO/1.3.6.1.4.1.9590.100.1.2.338109017913341890026340084681848308034/1.3.6.1.4.1.9590.100.1.2.87251504411596839017815563663575708222/000000.dcm,mass,train,0,BENIGN
P_01039,RIGHT,MLO,mass,BENIGN,Mass-Training_P_01039_RIGHT_MLO/1.3.6.1.4.1.9590.100.1.2.338109017913341890026340084681848308034/1.3.6.1.4.1.9590.100.1.2.87251504411596839017815563663575708222/000000.dcm,mass,train,0,BENIGN
P_01039,RIGHT,MLO,mass,BENIGN,Mass-Training_P_01039_RIGHT_MLO/1.3.6.1.4.1.9590.100.1.2.338109017913341890026340084681848308034/1.3.6.1.4.1.9590.100.1.2.87251504411596839017815563663575708222/000000.dcm,mass,train,0,BENIGN
P_01039,RIGHT,MLO,mass,BENIGN,Mass-Training_P_01039_RIGHT_MLO/1.3.6.1.4.1.9590.100.1.2.338109017913341890026340084681848308034/1.3.6.1.4.1.9590.100.1.2.87251504411596839017815563663575708222/000000.dcm,mass,train,0,BENIGN
P_01039,RIGHT,MLO,mass,BENIGN,Mass-Training_P_01039_RIGHT_MLO/1.3.6.1.4.1.9590.100.1.2.338109017913341890026340084681848308034/1.3.6.1.4.1.9590.100.1.2.87251504411596839017815563663575708222/000000.dcm,mass,train,0,BENIGN
P_01039,RIGHT,MLO,mass,BENIGN,Mass-Training_P_01039_RIGHT_MLO/1.3.6.1.4.1.9590.100.1.2.338109017913341890026340084681848308034/1.3.6.1.4.1.9590.100.1.2.87251504411596839017815563663575708222/000000.dcm,mass,train,0,BENIGN
P_01047,LEFT,CC,mass,MALIGNANT,Mass-Training_P_01047_LEFT_CC/1.3.6.1.4.1.9590.100.1.2.3921623112632398230739969861566007548/1.3.6.1.4.1.9590.100.1.2.1147559510416701110684356293737205301/000000.dcm,mass,train,1,MALIGNANT
P_01047,LEFT,MLO,mass,MALIGNANT,Mass-Training_P_01047_LEFT_MLO/1.3.6.1.4.1.9590.100.1.2.376366399612556284719287051582574623591/1.3.6.1.4.1.9590.100.1.2.14173762413404481506583259350717721025/000000.dcm,mass,train,1,MALIGNANT
P_01048,RIGHT,CC,mass,BENIGN,Mass-Training_P_01048_RIGHT_CC/1.3.6.1.4.1.9590.100.1.2.87162912811893240742757912941085228795/1.3.6.1.4.1.9590.100.1.2.291104348113557290314520836302969063188/000000.dcm,mass,train,0,BENIGN
P_01048,RIGHT,MLO,mass,BENIGN,Mass-Training_P_01048_RIGHT_MLO/1.3.6.1.4.1.9590.100.1.2.167046807012151503142635168531850465903/1.3.6.1.4.1.9590.100.1.2.115863008211651253636504014142369182288/000000.dcm,mass,train,0,BENIGN
P_01051,RIGHT,CC,mass,BENIGN,Mass-Training_P_01051_RIGHT_CC/1.3.6.1.4.1.9590.100.1.2.382834197811521896907039267011200369911/1.3.6.1.4.1.9590.100.1.2.206958004811553477623964786370803387700/000000.dcm,mass,train,0,BENIGN
P_01051,RIGHT,MLO,mass,BENIGN,Mass-Training_P_01051_RIGHT_MLO/1.3.6.1.4.1.9590.100.1.2.340923599210254555731580049070156781866/1.3.6.1.4.1.9590.100.1.2.33560958512008550609239745582787108807/000000.dcm,mass,train,0,BENIGN
P_01052,LEFT,CC,mass,BENIGN,Mass-Training_P_01052_LEFT_CC/1.3.6.1.4.1.9590.100.1.2.279102387111871302306576155192156193308/1.3.6.1.4.1.9590.100.1.2.262900378610637773719221008832166959346/000000.dcm,mass,train,0,BENIGN
P_01052,LEFT,MLO,mass,BENIGN,Mass-Training_P_01052_LEFT_MLO/1.3.6.1.4.1.9590.100.1.2.229127665213332539234703026391430770757/1.3.6.1.4.1.9590.100.1.2.46515953611645040840558117611434600473/000000.dcm,mass,train,0,BENIGN
P_01054,RIGHT,MLO,mass,MALIGNANT,Mass-Training_P_01054_RIGHT_MLO/1.3.6.1.4.1.9590.100.1.2.25963232211329916222177837011406614957/1.3.6.1.4.1.9590.100.1.2.283896293710468565409445671813981066945/000000.dcm,mass,train,1,MALIGNANT
P_01057,RIGHT,CC,mass,MALIGNANT,Mass-Training_P_01057_RIGHT_CC/1.3.6.1.4.1.9590.100.1.2.285806246710241887320522881533228168549/1.3.6.1.4.1.9590.100.1.2.12108033812814607712359451120011752709/000000.dcm,mass,train,1,MALIGNANT
P_01057,RIGHT,MLO,mass,MALIGNANT,Mass-Training_P_01057_RIGHT_MLO/1.3.6.1.4.1.9590.100.1.2.49003033813851571223378256742744995555/1.3.6.1.4.1.9590.100.1.2.412935186912567939930947831442475559499/000000.dcm,mass,train,1,MALIGNANT
P_01062,RIGHT,CC,mass,BENIGN,Mass-Training_P_01062_RIGHT_CC/1.3.6.1.4.1.9590.100.1.2.373437194810350832713540512352396299534/1.3.6.1.4.1.9590.100.1.2.19233593713150936611511674154223618351/000000.dcm,mass,train,0,BENIGN
P_01062,RIGHT,MLO,mass,BENIGN,Mass-Training_P_01062_RIGHT_MLO/1.3.6.1.4.1.9590.100.1.2.208667113412874458002811155652022070029/1.3.6.1.4.1.9590.100.1.2.371919153512846638329095153992760357226/000000.dcm,mass,train,0,BENIGN
P_01070,LEFT,CC,mass,MALIGNANT,Mass-Training_P_01070_LEFT_CC/1.3.6.1.4.1.9590.100.1.2.156336053311362302406079561010520247941/1.3.6.1.4.1.9590.100.1.2.81709986712519381829832213810104708854/000000.dcm,mass,train,1,MALIGNANT
P_01070,LEFT,MLO,mass,MALIGNANT,Mass-Training_P_01070_LEFT_MLO/1.3.6.1.4.1.9590.100.1.2.311771569611147592606066264402234039401/1.3.6.1.4.1.9590.100.1.2.114128602813694062425354533130124994833/000000.dcm,mass,train,1,MALIGNANT
P_01071,LEFT,CC,mass,MALIGNANT,Mass-Training_P_01071_LEFT_CC/1.3.6.1.4.1.9590.100.1.2.79903378312487203814873348321856157323/1.3.6.1.4.1.9590.100.1.2.146786277910953402116554467133413885113/000000.dcm,mass,train,1,MALIGNANT
P_01071,LEFT,MLO,mass,MALIGNANT,Mass-Training_P_01071_LEFT_MLO/1.3.6.1.4.1.9590.100.1.2.281456076511618230539839456601899429575/1.3.6.1.4.1.9590.100.1.2.258122052911029969410344895041140934597/000000.dcm,mass,train,1,MALIGNANT
P_01076,RIGHT,CC,mass,MALIGNANT,Mass-Training_P_01076_RIGHT_CC/1.3.6.1.4.1.9590.100.1.2.376980806811976531610369898821418656024/1.3.6.1.4.1.9590.100.1.2.295394441612082321922200964343746626621/000000.dcm,mass,train,1,MALIGNANT
P_01076,RIGHT,MLO,mass,MALIGNANT,Mass-Training_P_01076_RIGHT_MLO/1.3.6.1.4.1.9590.100.1.2.175870300012355234738861328840866423709/1.3.6.1.4.1.9590.100.1.2.152099552312517402412052625240655846659/000000.dcm,mass,train,1,MALIGNANT
P_01077,LEFT,CC,mass,BENIGN,Mass-Training_P_01077_LEFT_CC/1.3.6.1.4.1.9590.100.1.2.101197060912633898106227908221977005576/1.3.6.1.4.1.9590.100.1.2.227491819413638181710500924793618632367/000000.dcm,mass,train,0,BENIGN
P_01079,RIGHT,CC,mass,MALIGNANT,Mass-Training_P_01079_RIGHT_CC/1.3.6.1.4.1.9590.100.1.2.40219023511071292402857839380061242448/1.3.6.1.4.1.9590.100.1.2.110144719312790314607656216871057495881/000000.dcm,mass,train,1,MALIGNANT
P_01079,RIGHT,MLO,mass,MALIGNANT,Mass-Training_P_01079_RIGHT_MLO/1.3.6.1.4.1.9590.100.1.2.261062335412376489026157369724011776770/1.3.6.1.4.1.9590.100.1.2.98294149611645555400798120074273673116/000000.dcm,mass,train,1,MALIGNANT
P_01082,RIGHT,MLO,mass,BENIGN,Mass-Training_P_01082_RIGHT_MLO/1.3.6.1.4.1.9590.100.1.2.29571682911095700738231359100733954678/1.3.6.1.4.1.9590.100.1.2.138253052212228684202912887192816358060/000000.dcm,mass,train,0,BENIGN
P_01083,RIGHT,MLO,mass,MALIGNANT,Mass-Training_P_01083_RIGHT_MLO/1.3.6.1.4.1.9590.100.1.2.57501455711990349322613546282726820832/1.3.6.1.4.1.9590.100.1.2.149672849511309713025474978781905049554/000000.dcm,mass,train,1,MALIGNANT
P_01084,LEFT,CC,mass,MALIGNANT,Mass-Training_P_01084_LEFT_CC/1.3.6.1.4.1.9590.100.1.2.228003321411808417925549441403696764174/1.3.6.1.4.1.9590.100.1.2.350764256511484255724685187943038717732/000000.dcm,mass,train,1,MALIGNANT
P_01084,LEFT,MLO,mass,MALIGNANT,Mass-Training_P_01084_LEFT_MLO/1.3.6.1.4.1.9590.100.1.2.106136340413701272308862148341903577584/1.3.6.1.4.1.9590.100.1.2.274130274412325104201139427164117687465/000000.dcm,mass,train,1,MALIGNANT
P_01086,LEFT,MLO,mass,MALIGNANT,Mass-Training_P_01086_LEFT_MLO/1.3.6.1.4.1.9590.100.1.2.183216465212493808235016787573471828888/1.3.6.1.4.1.9590.100.1.2.355623602512345274434557011313875211443/000000.dcm,mass,train,1,MALIGNANT
P_01088,LEFT,CC,mass,MALIGNANT,Mass-Training_P_01088_LEFT_CC/1.3.6.1.4.1.9590.100.1.2.117053176411179875409923214302068033971/1.3.6.1.4.1.9590.100.1.2.99652509111900105331025325421855924911/000000.dcm,mass,train,1,MALIGNANT
P_01088,LEFT,MLO,mass,MALIGNANT,Mass-Training_P_01088_LEFT_MLO/1.3.6.1.4.1.9590.100.1.2.13612289913199610638416849074086296581/1.3.6.1.4.1.9590.100.1.2.171990747412432102129038859751294511181/000000.dcm,mass,train,1,MALIGNANT
P_01093,LEFT,CC,mass,MALIGNANT,Mass-Training_P_01093_LEFT_CC/1.3.6.1.4.1.9590.100.1.2.290470215912853850128260166512942595565/1.3.6.1.4.1.9590.100.1.2.224168078913388678205608549520201352695/000000.dcm,mass,train,1,MALIGNANT
P_01093,LEFT,MLO,mass,MALIGNANT,Mass-Training_P_01093_LEFT_MLO/1.3.6.1.4.1.9590.100.1.2.344631001912926231900488470193216308295/1.3.6.1.4.1.9590.100.1.2.125012772811929054738373917960770689523/000000.dcm,mass,train,1,MALIGNANT
P_01097,LEFT,CC,mass,MALIGNANT,Mass-Training_P_01097_LEFT_CC/1.3.6.1.4.1.9590.100.1.2.54569376213999956432967026112489022131/1.3.6.1.4.1.9590.100.1.2.81625112611694442330322190453221192816/000000.dcm,mass,train,1,MALIGNANT
P_01097,LEFT,MLO,mass,MALIGNANT,Mass-Training_P_01097_LEFT_MLO/1.3.6.1.4.1.9590.100.1.2.88870571912819805531202067243683366208/1.3.6.1.4.1.9590.100.1.2.197642108411388271804345842191824773968/000000.dcm,mass,train,1,MALIGNANT
P_01103,RIGHT,CC,mass,BENIGN,Mass-Training_P_01103_RIGHT_CC/1.3.6.1.4.1.9590.100.1.2.277141323812083168319252008000751347396/1.3.6.1.4.1.9590.100.1.2.154877164112814387839246109501067006440/000000.dcm,mass,train,0,BENIGN
P_01103,RIGHT,CC,mass,MALIGNANT,Mass-Training_P_01103_RIGHT_CC/1.3.6.1.4.1.9590.100.1.2.277141323812083168319252008000751347396/1.3.6.1.4.1.9590.100.1.2.154877164112814387839246109501067006440/000000.dcm,mass,train,1,MALIGNANT
P_01103,RIGHT,CC,mass,MALIGNANT,Mass-Training_P_01103_RIGHT_CC/1.3.6.1.4.1.9590.100.1.2.277141323812083168319252008000751347396/1.3.6.1.4.1.9590.100.1.2.154877164112814387839246109501067006440/000000.dcm,mass,train,1,MALIGNANT
P_01103,RIGHT,MLO,mass,BENIGN,Mass-Training_P_01103_RIGHT_MLO/1.3.6.1.4.1.9590.100.1.2.182294087712953612705850530764093755505/1.3.6.1.4.1.9590.100.1.2.168142052011948789309937030612218988654/000000.dcm,mass,train,0,BENIGN
P_01103,RIGHT,MLO,mass,MALIGNANT,Mass-Training_P_01103_RIGHT_MLO/1.3.6.1.4.1.9590.100.1.2.182294087712953612705850530764093755505/1.3.6.1.4.1.9590.100.1.2.168142052011948789309937030612218988654/000000.dcm,mass,train,1,MALIGNANT
P_01103,RIGHT,MLO,mass,MALIGNANT,Mass-Training_P_01103_RIGHT_MLO/1.3.6.1.4.1.9590.100.1.2.182294087712953612705850530764093755505/1.3.6.1.4.1.9590.100.1.2.168142052011948789309937030612218988654/000000.dcm,mass,train,1,MALIGNANT
P_01104,LEFT,MLO,mass,BENIGN,Mass-Training_P_01104_LEFT_MLO/1.3.6.1.4.1.9590.100.1.2.294454451212951253335315450062341638981/1.3.6.1.4.1.9590.100.1.2.67643966910961418242376296202916689439/000000.dcm,mass,train,0,BENIGN
P_01109,LEFT,MLO,mass,MALIGNANT,Mass-Training_P_01109_LEFT_MLO/1.3.6.1.4.1.9590.100.1.2.88701997912005158124760042751578247363/1.3.6.1.4.1.9590.100.1.2.140284274312277857932929998564202070135/000000.dcm,mass,train,1,MALIGNANT
P_01112,LEFT,CC,mass,BENIGN,Mass-Training_P_01112_LEFT_CC/1.3.6.1.4.1.9590.100.1.2.322008651212990013635922645793490572155/1.3.6.1.4.1.9590.100.1.2.61044218211319887532948581303525540079/000000.dcm,mass,train,0,BENIGN
P_01112,LEFT,MLO,mass,BENIGN,Mass-Training_P_01112_LEFT_MLO/1.3.6.1.4.1.9590.100.1.2.266395437712577297903126391572837396539/1.3.6.1.4.1.9590.100.1.2.117373739210815187516341272923206187628/000000.dcm,mass,train,0,BENIGN
P_01115,RIGHT,CC,mass,BENIGN,Mass-Training_P_01115_RIGHT_CC/1.3.6.1.4.1.9590.100.1.2.142484806212220439414218640841814233349/1.3.6.1.4.1.9590.100.1.2.293941563912042455539032475102722350733/000000.dcm,mass,train,0,BENIGN
P_01115,RIGHT,MLO,mass,BENIGN,Mass-Training_P_01115_RIGHT_MLO/1.3.6.1.4.1.9590.100.1.2.321179858112726443041819521283152486763/1.3.6.1.4.1.9590.100.1.2.65846825512140331211135097862323909159/000000.dcm,mass,train,0,BENIGN
P_01118,RIGHT,CC,mass,BENIGN,Mass-Training_P_01118_RIGHT_CC/1.3.6.1.4.1.9590.100.1.2.274038315713960656624859398770127178805/1.3.6.1.4.1.9590.100.1.2.271686995411554887729241804091352333773/000000.dcm,mass,train,0,BENIGN
P_01118,RIGHT,MLO,mass,BENIGN,Mass-Training_P_01118_RIGHT_MLO/1.3.6.1.4.1.9590.100.1.2.271264501312254270409805111252838880697/1.3.6.1.4.1.9590.100.1.2.421506712613822555700638363361805204735/000000.dcm,mass,train,0,BENIGN
P_01120,LEFT,CC,mass,MALIGNANT,Mass-Training_P_01120_LEFT_CC/1.3.6.1.4.1.9590.100.1.2.111397208312704640220536756860949467939/1.3.6.1.4.1.9590.100.1.2.303338101913629925523849739983029373774/000000.dcm,mass,train,1,MALIGNANT
P_01120,LEFT,MLO,mass,MALIGNANT,Mass-Training_P_01120_LEFT_MLO/1.3.6.1.4.1.9590.100.1.2.41260715312871650635748330381348737271/1.3.6.1.4.1.9590.100.1.2.286011332010675143839646470630879381008/000000.dcm,mass,train,1,MALIGNANT
P_01123,LEFT,CC,mass,BENIGN,Mass-Training_P_01123_LEFT_CC/1.3.6.1.4.1.9590.100.1.2.385757371011212963835803373380981618676/1.3.6.1.4.1.9590.100.1.2.37268040013764475837844589131241996902/000000.dcm,mass,train,0,BENIGN
P_01123,LEFT,MLO,mass,BENIGN,Mass-Training_P_01123_LEFT_MLO/1.3.6.1.4.1.9590.100.1.2.16772145313450879412563779941829017689/1.3.6.1.4.1.9590.100.1.2.239227620711102253614823005471239220090/000000.dcm,mass,train,0,BENIGN
P_01124,RIGHT,CC,mass,BENIGN,Mass-Training_P_01124_RIGHT_CC/1.3.6.1.4.1.9590.100.1.2.249766093110465877830516209990246182178/1.3.6.1.4.1.9590.100.1.2.54057852711245745614684087582249091583/000000.dcm,mass,train,0,BENIGN
P_01124,RIGHT,MLO,mass,BENIGN,Mass-Training_P_01124_RIGHT_MLO/1.3.6.1.4.1.9590.100.1.2.376393104612986023002479123272373378541/1.3.6.1.4.1.9590.100.1.2.90181599012530581816080943531194550079/000000.dcm,mass,train,0,BENIGN
P_01130,RIGHT,CC,mass,MALIGNANT,Mass-Training_P_01130_RIGHT_CC/1.3.6.1.4.1.9590.100.1.2.32036761610859197216325236922530966773/1.3.6.1.4.1.9590.100.1.2.335953646511055427829592147381598403895/000000.dcm,mass,train,1,MALIGNANT
P_01130,RIGHT,MLO,mass,MALIGNANT,Mass-Training_P_01130_RIGHT_MLO/1.3.6.1.4.1.9590.100.1.2.320133615813715450403551597312388837503/1.3.6.1.4.1.9590.100.1.2.170988990012713841817997341910281230031/000000.dcm,mass,train,1,MALIGNANT
P_01131,LEFT,CC,mass,BENIGN,Mass-Training_P_01131_LEFT_CC/1.3.6.1.4.1.9590.100.1.2.416736098012062836727254603773015745472/1.3.6.1.4.1.9590.100.1.2.278245049110979926013552580103102018326/000000.dcm,mass,train,0,BENIGN
P_01131,LEFT,MLO,mass,BENIGN,Mass-Training_P_01131_LEFT_MLO/1.3.6.1.4.1.9590.100.1.2.173611039812796706904026269853875045087/1.3.6.1.4.1.9590.100.1.2.171166015912754582622813408142073790722/000000.dcm,mass,train,0,BENIGN
P_01133,RIGHT,CC,mass,BENIGN_WITHOUT_CALLBACK,Mass-Training_P_01133_RIGHT_CC/1.3.6.1.4.1.9590.100.1.2.408386510911071567706383653710527384799/1.3.6.1.4.1.9590.100.1.2.198197298812619031629531004222639026841/000000.dcm,mass,train,0,BENIGN
P_01134,RIGHT,CC,mass,MALIGNANT,Mass-Training_P_01134_RIGHT_CC/1.3.6.1.4.1.9590.100.1.2.84200785911361514615085057660891392625/1.3.6.1.4.1.9590.100.1.2.127511903811960066509950524680619275580/000000.dcm,mass,train,1,MALIGNANT
P_01134,RIGHT,MLO,mass,MALIGNANT,Mass-Training_P_01134_RIGHT_MLO/1.3.6.1.4.1.9590.100.1.2.298615007012947721426516166400832133407/1.3.6.1.4.1.9590.100.1.2.316371341711762721410706354223145582163/000000.dcm,mass,train,1,MALIGNANT
P_01138,RIGHT,CC,mass,MALIGNANT,Mass-Training_P_01138_RIGHT_CC/1.3.6.1.4.1.9590.100.1.2.24038552813326507439285170302171965441/1.3.6.1.4.1.9590.100.1.2.205879586612764492336823105300265312133/000000.dcm,mass,train,1,MALIGNANT
P_01138,RIGHT,MLO,mass,MALIGNANT,Mass-Training_P_01138_RIGHT_MLO/1.3.6.1.4.1.9590.100.1.2.318097261211764000621388071753416375730/1.3.6.1.4.1.9590.100.1.2.42743836211077677906084043904182953420/000000.dcm,mass,train,1,MALIGNANT
P_01142,RIGHT,CC,mass,BENIGN_WITHOUT_CALLBACK,Mass-Training_P_01142_RIGHT_CC/1.3.6.1.4.1.9590.100.1.2.414226022512353403217682807621066585582/1.3.6.1.4.1.9590.100.1.2.217599271011226402616289087263739032901/000000.dcm,mass,train,0,BENIGN
P_01142,RIGHT,MLO,mass,BENIGN_WITHOUT_CALLBACK,Mass-Training_P_01142_RIGHT_MLO/1.3.6.1.4.1.9590.100.1.2.225968192911034887941463123242061005241/1.3.6.1.4.1.9590.100.1.2.101462230211922707319927858504016007558/000000.dcm,mass,train,0,BENIGN
P_01144,LEFT,CC,mass,MALIGNANT,Mass-Training_P_01144_LEFT_CC/1.3.6.1.4.1.9590.100.1.2.308866356612423048523446063942661949384/1.3.6.1.4.1.9590.100.1.2.174797764013168807813523365710229857987/000000.dcm,mass,train,1,MALIGNANT
P_01144,LEFT,MLO,mass,MALIGNANT,Mass-Training_P_01144_LEFT_MLO/1.3.6.1.4.1.9590.100.1.2.8379971212611324716473678270237360423/1.3.6.1.4.1.9590.100.1.2.176054613511449460831123815731554188946/000000.dcm,mass,train,1,MALIGNANT
P_01146,LEFT,CC,mass,BENIGN,Mass-Training_P_01146_LEFT_CC/1.3.6.1.4.1.9590.100.1.2.369729082312721662842932724973268866120/1.3.6.1.4.1.9590.100.1.2.71190503512926817802776229711736825691/000000.dcm,mass,train,0,BENIGN
P_01149,RIGHT,CC,mass,MALIGNANT,Mass-Training_P_01149_RIGHT_CC/1.3.6.1.4.1.9590.100.1.2.198911821113136953205626469443702825690/1.3.6.1.4.1.9590.100.1.2.32327452611804115710741067671137113453/000000.dcm,mass,train,1,MALIGNANT
P_01149,RIGHT,MLO,mass,MALIGNANT,Mass-Training_P_01149_RIGHT_MLO/1.3.6.1.4.1.9590.100.1.2.20249145712360261330452793921453977998/1.3.6.1.4.1.9590.100.1.2.405746252013293649019987388362163984409/000000.dcm,mass,train,1,MALIGNANT
P_01150,LEFT,CC,mass,BENIGN,Mass-Training_P_01150_LEFT_CC/1.3.6.1.4.1.9590.100.1.2.363792856912985384909406967461114857437/1.3.6.1.4.1.9590.100.1.2.255781430912151131328345834864129594300/000000.dcm,mass,train,0,BENIGN
P_01150,LEFT,MLO,mass,BENIGN,Mass-Training_P_01150_LEFT_MLO/1.3.6.1.4.1.9590.100.1.2.89028381211118432721706732930718890015/1.3.6.1.4.1.9590.100.1.2.208612233610863139028646317134220626037/000000.dcm,mass,train,0,BENIGN
P_01151,RIGHT,CC,mass,MALIGNANT,Mass-Training_P_01151_RIGHT_CC/1.3.6.1.4.1.9590.100.1.2.346705743711632563612663717300810419026/1.3.6.1.4.1.9590.100.1.2.353948724711568417400774944423298233958/000000.dcm,mass,train,1,MALIGNANT
P_01151,RIGHT,MLO,mass,MALIGNANT,Mass-Training_P_01151_RIGHT_MLO/1.3.6.1.4.1.9590.100.1.2.173211740012498291617992521110647595396/1.3.6.1.4.1.9590.100.1.2.53490270012183184817700271583859247852/000000.dcm,mass,train,1,MALIGNANT
P_01152,RIGHT,CC,mass,BENIGN,Mass-Training_P_01152_RIGHT_CC/1.3.6.1.4.1.9590.100.1.2.234268867012960922434610223513382258207/1.3.6.1.4.1.9590.100.1.2.297013309212277874835968336921234433025/000000.dcm,mass,train,0,BENIGN
P_01152,RIGHT,CC,mass,BENIGN,Mass-Training_P_01152_RIGHT_CC/1.3.6.1.4.1.9590.100.1.2.234268867012960922434610223513382258207/1.3.6.1.4.1.9590.100.1.2.297013309212277874835968336921234433025/000000.dcm,mass,train,0,BENIGN
P_01152,RIGHT,MLO,mass,BENIGN,Mass-Training_P_01152_RIGHT_MLO/1.3.6.1.4.1.9590.100.1.2.162189012211002847823300721923690939422/1.3.6.1.4.1.9590.100.1.2.181943831911208707239392044804044204187/000000.dcm,mass,train,0,BENIGN
P_01152,RIGHT,MLO,mass,BENIGN,Mass-Training_P_01152_RIGHT_MLO/1.3.6.1.4.1.9590.100.1.2.162189012211002847823300721923690939422/1.3.6.1.4.1.9590.100.1.2.181943831911208707239392044804044204187/000000.dcm,mass,train,0,BENIGN
P_01153,RIGHT,CC,mass,BENIGN,Mass-Training_P_01153_RIGHT_CC/1.3.6.1.4.1.9590.100.1.2.132975820712739905823565154624207833607/1.3.6.1.4.1.9590.100.1.2.198389102812446171719575740560957137168/000000.dcm,mass,train,0,BENIGN
P_01155,RIGHT,CC,mass,MALIGNANT,Mass-Training_P_01155_RIGHT_CC/1.3.6.1.4.1.9590.100.1.2.89700014912842980904812796780844239459/1.3.6.1.4.1.9590.100.1.2.133746066410870818526441558033211157198/000000.dcm,mass,train,1,MALIGNANT
P_01155,RIGHT,MLO,mass,MALIGNANT,Mass-Training_P_01155_RIGHT_MLO/1.3.6.1.4.1.9590.100.1.2.349931839813170360310723913462155949003/1.3.6.1.4.1.9590.100.1.2.58906647311516391933629538580085152210/000000.dcm,mass,train,1,MALIGNANT
P_01158,RIGHT,CC,mass,BENIGN,Mass-Training_P_01158_RIGHT_CC/1.3.6.1.4.1.9590.100.1.2.133140006113562954128514059543575150747/1.3.6.1.4.1.9590.100.1.2.343847728613007245624767433283354804671/000000.dcm,mass,train,0,BENIGN
P_01158,RIGHT,MLO,mass,BENIGN,Mass-Training_P_01158_RIGHT_MLO/1.3.6.1.4.1.9590.100.1.2.375747344110899521434317661721382946544/1.3.6.1.4.1.9590.100.1.2.170838997911237301222938459461530487495/000000.dcm,mass,train,0,BENIGN
P_01162,LEFT,CC,mass,BENIGN,Mass-Training_P_01162_LEFT_CC/1.3.6.1.4.1.9590.100.1.2.155316398412321386830097717093809688958/1.3.6.1.4.1.9590.100.1.2.308995243713082827114133549032416681282/000000.dcm,mass,train,0,BENIGN
P_01162,LEFT,MLO,mass,BENIGN,Mass-Training_P_01162_LEFT_MLO/1.3.6.1.4.1.9590.100.1.2.181551569512603347702224344861856663698/1.3.6.1.4.1.9590.100.1.2.367216275913803572904959402403476954711/000000.dcm,mass,train,0,BENIGN
P_01163,LEFT,CC,mass,MALIGNANT,Mass-Training_P_01163_LEFT_CC/1.3.6.1.4.1.9590.100.1.2.418172408112085624832859421610825630751/1.3.6.1.4.1.9590.100.1.2.291940427811986764542250233641415105225/000000.dcm,mass,train,1,MALIGNANT
P_01163,LEFT,MLO,mass,MALIGNANT,Mass-Training_P_01163_LEFT_MLO/1.3.6.1.4.1.9590.100.1.2.113402764512980354107986426232156723781/1.3.6.1.4.1.9590.100.1.2.181141325510810457226714664113141838012/000000.dcm,mass,train,1,MALIGNANT
P_01164,RIGHT,CC,mass,BENIGN,Mass-Training_P_01164_RIGHT_CC/1.3.6.1.4.1.9590.100.1.2.400536728811662094008102668070109164788/1.3.6.1.4.1.9590.100.1.2.287098016411340535620820163893402448025/000000.dcm,mass,train,0,BENIGN
P_01164,RIGHT,MLO,mass,BENIGN,Mass-Training_P_01164_RIGHT_MLO/1.3.6.1.4.1.9590.100.1.2.283365431113557698307776933411882512963/1.3.6.1.4.1.9590.100.1.2.360884867011471036207259647004173651528/000000.dcm,mass,train,0,BENIGN
P_01165,LEFT,CC,mass,BENIGN_WITHOUT_CALLBACK,Mass-Training_P_01165_LEFT_CC/1.3.6.1.4.1.9590.100.1.2.20544881213535390041133431230723435558/1.3.6.1.4.1.9590.100.1.2.158760583312396940802790127503023485498/000000.dcm,mass,train,0,BENIGN
P_01165,LEFT,MLO,mass,BENIGN_WITHOUT_CALLBACK,Mass-Training_P_01165_LEFT_MLO/1.3.6.1.4.1.9590.100.1.2.305074621411439300113220064101638776614/1.3.6.1.4.1.9590.100.1.2.227359829311782247437660996313591134165/000000.dcm,mass,train,0,BENIGN
P_01165,RIGHT,CC,mass,MALIGNANT,Mass-Training_P_01165_RIGHT_CC/1.3.6.1.4.1.9590.100.1.2.147497732811643902117342099303968587014/1.3.6.1.4.1.9590.100.1.2.202787438912571488218729343282971946429/000000.dcm,mass,train,1,MALIGNANT
P_01171,LEFT,CC,mass,BENIGN,Mass-Training_P_01171_LEFT_CC/1.3.6.1.4.1.9590.100.1.2.28963218312624055137635229674027722886/1.3.6.1.4.1.9590.100.1.2.256888463711975881328920531452105163096/000000.dcm,mass,train,0,BENIGN
P_01171,LEFT,MLO,mass,BENIGN,Mass-Training_P_01171_LEFT_MLO/1.3.6.1.4.1.9590.100.1.2.178559707212927775133106636140310977370/1.3.6.1.4.1.9590.100.1.2.265454151711796157924978185193155462733/000000.dcm,mass,train,0,BENIGN
P_01173,RIGHT,CC,mass,MALIGNANT,Mass-Training_P_01173_RIGHT_CC/1.3.6.1.4.1.9590.100.1.2.327591414311149597615427672461834534504/1.3.6.1.4.1.9590.100.1.2.19398374813678635437774124921258413367/000000.dcm,mass,train,1,MALIGNANT
P_01173,RIGHT,MLO,mass,MALIGNANT,Mass-Training_P_01173_RIGHT_MLO/1.3.6.1.4.1.9590.100.1.2.26944636311821858004423794261980450088/1.3.6.1.4.1.9590.100.1.2.201240665512195560313953074353682854284/000000.dcm,mass,train,1,MALIGNANT
P_01175,LEFT,MLO,mass,BENIGN_WITHOUT_CALLBACK,Mass-Training_P_01175_LEFT_MLO/1.3.6.1.4.1.9590.100.1.2.29731213111802632635985046144147999871/1.3.6.1.4.1.9590.100.1.2.368986444712650578937049988311128526339/000000.dcm,mass,train,0,BENIGN
P_01175,RIGHT,CC,mass,BENIGN_WITHOUT_CALLBACK,Mass-Training_P_01175_RIGHT_CC/1.3.6.1.4.1.9590.100.1.2.327546819812719380701413016893856031606/1.3.6.1.4.1.9590.100.1.2.19740910011800199029410909802468870106/000000.dcm,mass,train,0,BENIGN
P_01175,RIGHT,MLO,mass,BENIGN_WITHOUT_CALLBACK,Mass-Training_P_01175_RIGHT_MLO/1.3.6.1.4.1.9590.100.1.2.177354308713631618239839681791678458762/1.3.6.1.4.1.9590.100.1.2.106891403212241567917640106401990119369/000000.dcm,mass,train,0,BENIGN
P_01178,RIGHT,CC,mass,BENIGN,Mass-Training_P_01178_RIGHT_CC/1.3.6.1.4.1.9590.100.1.2.11756569711592465242375799541454287839/1.3.6.1.4.1.9590.100.1.2.156854081612508386918253129230151353115/000000.dcm,mass,train,0,BENIGN
P_01178,RIGHT,MLO,mass,BENIGN,Mass-Training_P_01178_RIGHT_MLO/1.3.6.1.4.1.9590.100.1.2.421240391211584932233152884910103945396/1.3.6.1.4.1.9590.100.1.2.99750660712463840925228822324256611547/000000.dcm,mass,train,0,BENIGN
P_01179,LEFT,CC,mass,MALIGNANT,Mass-Training_P_01179_LEFT_CC/1.3.6.1.4.1.9590.100.1.2.67484667211848303106406486003189295192/1.3.6.1.4.1.9590.100.1.2.229089108512117940237731317113500751385/000000.dcm,mass,train,1,MALIGNANT
P_01179,LEFT,MLO,mass,MALIGNANT,Mass-Training_P_01179_LEFT_MLO/1.3.6.1.4.1.9590.100.1.2.407621803913367629615253812872904106953/1.3.6.1.4.1.9590.100.1.2.50489409611504312524210891883569393093/000000.dcm,mass,train,1,MALIGNANT
P_01181,LEFT,CC,mass,BENIGN,Mass-Training_P_01181_LEFT_CC/1.3.6.1.4.1.9590.100.1.2.103650477711696028728106784551545901183/1.3.6.1.4.1.9590.100.1.2.177229339912837751040661121551184491748/000000.dcm,mass,train,0,BENIGN
P_01181,LEFT,MLO,mass,BENIGN,Mass-Training_P_01181_LEFT_MLO/1.3.6.1.4.1.9590.100.1.2.22265035710424918325013198651626324446/1.3.6.1.4.1.9590.100.1.2.410956406213401537932402743063193185328/000000.dcm,mass,train,0,BENIGN
P_01182,LEFT,CC,mass,BENIGN,Mass-Training_P_01182_LEFT_CC/1.3.6.1.4.1.9590.100.1.2.274011070612661309602493930800162984129/1.3.6.1.4.1.9590.100.1.2.357413708811467715339540350982113494492/000000.dcm,mass,train,0,BENIGN
P_01182,LEFT,MLO,mass,BENIGN,Mass-Training_P_01182_LEFT_MLO/1.3.6.1.4.1.9590.100.1.2.103650438711579611930631061923091694728/1.3.6.1.4.1.9590.100.1.2.68230632012701319727388911992703728177/000000.dcm,mass,train,0,BENIGN
P_01185,RIGHT,CC,mass,BENIGN_WITHOUT_CALLBACK,Mass-Training_P_01185_RIGHT_CC/1.3.6.1.4.1.9590.100.1.2.393900722011143845534592785161046845666/1.3.6.1.4.1.9590.100.1.2.74463249311700809726366014760950238482/000000.dcm,mass,train,0,BENIGN
P_01185,RIGHT,MLO,mass,BENIGN_WITHOUT_CALLBACK,Mass-Training_P_01185_RIGHT_MLO/1.3.6.1.4.1.9590.100.1.2.51383183111706745105200885031928781896/1.3.6.1.4.1.9590.100.1.2.62593965512657640623373713153873390284/000000.dcm,mass,train,0,BENIGN
P_01189,LEFT,CC,mass,MALIGNANT,Mass-Training_P_01189_LEFT_CC/1.3.6.1.4.1.9590.100.1.2.120997711912061600001474756041847722498/1.3.6.1.4.1.9590.100.1.2.103651290212176716708005753853710473061/000000.dcm,mass,train,1,MALIGNANT
P_01189,LEFT,MLO,mass,MALIGNANT,Mass-Training_P_01189_LEFT_MLO/1.3.6.1.4.1.9590.100.1.2.425785675011882623536785389412413591927/1.3.6.1.4.1.9590.100.1.2.173628082111791207300646903494252195243/000000.dcm,mass,train,1,MALIGNANT
P_01190,LEFT,CC,mass,MALIGNANT,Mass-Training_P_01190_LEFT_CC/1.3.6.1.4.1.9590.100.1.2.43921387713590627720838268201167821670/1.3.6.1.4.1.9590.100.1.2.229233193411205412904213587702779086613/000000.dcm,mass,train,1,MALIGNANT
P_01190,LEFT,MLO,mass,MALIGNANT,Mass-Training_P_01190_LEFT_MLO/1.3.6.1.4.1.9590.100.1.2.414191173811408755120201918870692510845/1.3.6.1.4.1.9590.100.1.2.62979470112134629037443892930805886817/000000.dcm,mass,train,1,MALIGNANT
P_01194,LEFT,MLO,mass,BENIGN,Mass-Training_P_01194_LEFT_MLO/1.3.6.1.4.1.9590.100.1.2.131739749911424847315951000782812033322/1.3.6.1.4.1.9590.100.1.2.413759996612745390518110068652608488468/000000.dcm,mass,train,0,BENIGN
P_01201,LEFT,CC,mass,MALIGNANT,Mass-Training_P_01201_LEFT_CC/1.3.6.1.4.1.9590.100.1.2.224190476411833036026023694130368585897/1.3.6.1.4.1.9590.100.1.2.418121868412898383719567048980762865302/000000.dcm,mass,train,1,MALIGNANT
P_01201,LEFT,MLO,mass,MALIGNANT,Mass-Training_P_01201_LEFT_MLO/1.3.6.1.4.1.9590.100.1.2.146035972912094469740963974653461146658/1.3.6.1.4.1.9590.100.1.2.422321660511944928339182593414017067771/000000.dcm,mass,train,1,MALIGNANT
P_01203,RIGHT,CC,mass,BENIGN,Mass-Training_P_01203_RIGHT_CC/1.3.6.1.4.1.9590.100.1.2.82823591813289017505466213180750885305/1.3.6.1.4.1.9590.100.1.2.224387817711017671103250466620993244947/000000.dcm,mass,train,0,BENIGN
P_01203,RIGHT,MLO,mass,BENIGN,Mass-Training_P_01203_RIGHT_MLO/1.3.6.1.4.1.9590.100.1.2.339346539910889655541359200180161837164/1.3.6.1.4.1.9590.100.1.2.212485674411876185205044015412301382468/000000.dcm,mass,train,0,BENIGN
P_01206,RIGHT,CC,mass,MALIGNANT,Mass-Training_P_01206_RIGHT_CC/1.3.6.1.4.1.9590.100.1.2.255802179211861771019378351424080739211/1.3.6.1.4.1.9590.100.1.2.121061929912563352834512255190935617220/000000.dcm,mass,train,1,MALIGNANT
P_01206,RIGHT,MLO,mass,MALIGNANT,Mass-Training_P_01206_RIGHT_MLO/1.3.6.1.4.1.9590.100.1.2.84796691012850669804412676330103000334/1.3.6.1.4.1.9590.100.1.2.210396893911234385024533119100226540488/000000.dcm,mass,train,1,MALIGNANT
P_01207,RIGHT,MLO,mass,BENIGN_WITHOUT_CALLBACK,Mass-Training_P_01207_RIGHT_MLO/1.3.6.1.4.1.9590.100.1.2.115104959412237768533960032043321032071/1.3.6.1.4.1.9590.100.1.2.317023400412253835242783804182463031101/000000.dcm,mass,train,0,BENIGN
P_01209,LEFT,CC,mass,BENIGN,Mass-Training_P_01209_LEFT_CC/1.3.6.1.4.1.9590.100.1.2.273997455313414950302487505222272273509/1.3.6.1.4.1.9590.100.1.2.283008266512133312914447896601258498664/000000.dcm,mass,train,0,BENIGN
P_01212,RIGHT,CC,mass,BENIGN,Mass-Training_P_01212_RIGHT_CC/1.3.6.1.4.1.9590.100.1.2.382744733710679089218453723273338416851/1.3.6.1.4.1.9590.100.1.2.190592923311432132100233908851180999464/000000.dcm,mass,train,0,BENIGN
P_01212,RIGHT,MLO,mass,BENIGN,Mass-Training_P_01212_RIGHT_MLO/1.3.6.1.4.1.9590.100.1.2.76379522911651605831830987733570082412/1.3.6.1.4.1.9590.100.1.2.138286759010924321621247364061547576141/000000.dcm,mass,train,0,BENIGN
P_01215,RIGHT,CC,mass,BENIGN,Mass-Training_P_01215_RIGHT_CC/1.3.6.1.4.1.9590.100.1.2.183540469511642842612334324833054846965/1.3.6.1.4.1.9590.100.1.2.219607249012903142628057639991148226306/000000.dcm,mass,train,0,BENIGN
P_01215,RIGHT,MLO,mass,BENIGN,Mass-Training_P_01215_RIGHT_MLO/1.3.6.1.4.1.9590.100.1.2.244860754512847405721118721642884345502/1.3.6.1.4.1.9590.100.1.2.190369550211212606913520928623365744008/000000.dcm,mass,train,0,BENIGN
P_01216,RIGHT,CC,mass,BENIGN,Mass-Training_P_01216_RIGHT_CC/1.3.6.1.4.1.9590.100.1.2.414667429611646394508132417590282627504/1.3.6.1.4.1.9590.100.1.2.385109354911215659640550521791483416794/000000.dcm,mass,train,0,BENIGN
P_01216,RIGHT,MLO,mass,BENIGN,Mass-Training_P_01216_RIGHT_MLO/1.3.6.1.4.1.9590.100.1.2.84039708912932607625288080860924125244/1.3.6.1.4.1.9590.100.1.2.191524474511649044940375774073198602902/000000.dcm,mass,train,0,BENIGN
P_01218,RIGHT,CC,mass,MALIGNANT,Mass-Training_P_01218_RIGHT_CC/1.3.6.1.4.1.9590.100.1.2.381546576013857928113722681801242580726/1.3.6.1.4.1.9590.100.1.2.411855375211865418412821223962616646376/000000.dcm,mass,train,1,MALIGNANT
P_01218,RIGHT,MLO,mass,MALIGNANT,Mass-Training_P_01218_RIGHT_MLO/1.3.6.1.4.1.9590.100.1.2.391103560113986175036072160631770481598/1.3.6.1.4.1.9590.100.1.2.181726679212579518308156773382460347350/000000.dcm,mass,train,1,MALIGNANT
P_01221,LEFT,CC,mass,MALIGNANT,Mass-Training_P_01221_LEFT_CC/1.3.6.1.4.1.9590.100.1.2.323226536811436451405034382251752068911/1.3.6.1.4.1.9590.100.1.2.345891015013816713918233478951770382675/000000.dcm,mass,train,1,MALIGNANT
P_01221,LEFT,MLO,mass,MALIGNANT,Mass-Training_P_01221_LEFT_MLO/1.3.6.1.4.1.9590.100.1.2.53110568912580419429117543900584641046/1.3.6.1.4.1.9590.100.1.2.375537905711403561425613326282216697119/000000.dcm,mass,train,1,MALIGNANT
P_01222,LEFT,MLO,mass,MALIGNANT,Mass-Training_P_01222_LEFT_MLO/1.3.6.1.4.1.9590.100.1.2.249156089511915872717389262342315246826/1.3.6.1.4.1.9590.100.1.2.273984104610426378510460414724019418079/000000.dcm,mass,train,1,MALIGNANT
P_01225,RIGHT,CC,mass,BENIGN,Mass-Training_P_01225_RIGHT_CC/1.3.6.1.4.1.9590.100.1.2.229225099810277177524111937373596831728/1.3.6.1.4.1.9590.100.1.2.425698079412077502741643782591283336956/000000.dcm,mass,train,0,BENIGN
P_01225,RIGHT,MLO,mass,BENIGN,Mass-Training_P_01225_RIGHT_MLO/1.3.6.1.4.1.9590.100.1.2.228292884311464584517793087073951032714/1.3.6.1.4.1.9590.100.1.2.97836244013855014030148215481481073285/000000.dcm,mass,train,0,BENIGN
P_01226,LEFT,MLO,mass,BENIGN,Mass-Training_P_01226_LEFT_MLO/1.3.6.1.4.1.9590.100.1.2.57216397710484968616464680090081877216/1.3.6.1.4.1.9590.100.1.2.184720401612567295534105647551247175674/000000.dcm,mass,train,0,BENIGN
P_01230,LEFT,MLO,mass,MALIGNANT,Mass-Training_P_01230_LEFT_MLO/1.3.6.1.4.1.9590.100.1.2.348722869511750235916343502491799722419/1.3.6.1.4.1.9590.100.1.2.282389919913980530741401819110804613866/000000.dcm,mass,train,1,MALIGNANT
P_01231,LEFT,CC,mass,BENIGN_WITHOUT_CALLBACK,Mass-Training_P_01231_LEFT_CC/1.3.6.1.4.1.9590.100.1.2.9742449311822512804993373613021670067/1.3.6.1.4.1.9590.100.1.2.231994639912319815200052382050668374079/000000.dcm,mass,train,0,BENIGN
P_01231,LEFT,MLO,mass,BENIGN_WITHOUT_CALLBACK,Mass-Training_P_01231_LEFT_MLO/1.3.6.1.4.1.9590.100.1.2.370102814913068198206547677484262678448/1.3.6.1.4.1.9590.100.1.2.208913694812013874407982112591707335888/000000.dcm,mass,train,0,BENIGN
P_01232,RIGHT,CC,mass,MALIGNANT,Mass-Training_P_01232_RIGHT_CC/1.3.6.1.4.1.9590.100.1.2.274027602210694274111684171750805075444/1.3.6.1.4.1.9590.100.1.2.59623433512922916105600224193076722301/000000.dcm,mass,train,1,MALIGNANT
P_01232,RIGHT,MLO,mass,MALIGNANT,Mass-Training_P_01232_RIGHT_MLO/1.3.6.1.4.1.9590.100.1.2.206755343113076437308191064762793086232/1.3.6.1.4.1.9590.100.1.2.372857232512741811521561294420281719494/000000.dcm,mass,train,1,MALIGNANT
P_01233,LEFT,CC,mass,BENIGN,Mass-Training_P_01233_LEFT_CC/1.3.6.1.4.1.9590.100.1.2.270405440713601896007613779240875946801/1.3.6.1.4.1.9590.100.1.2.82401643410712260421510988033926939770/000000.dcm,mass,train,0,BENIGN
P_01233,LEFT,MLO,mass,BENIGN,Mass-Training_P_01233_LEFT_MLO/1.3.6.1.4.1.9590.100.1.2.123055008013403021337207878491534411702/1.3.6.1.4.1.9590.100.1.2.155038310112212813705032846512051326198/000000.dcm,mass,train,0,BENIGN
P_01237,RIGHT,MLO,mass,BENIGN,Mass-Training_P_01237_RIGHT_MLO/1.3.6.1.4.1.9590.100.1.2.260341815213494186533253902670700498421/1.3.6.1.4.1.9590.100.1.2.305524546111378534235330467170895252659/000000.dcm,mass,train,0,BENIGN
P_01238,RIGHT,CC,mass,BENIGN,Mass-Training_P_01238_RIGHT_CC/1.3.6.1.4.1.9590.100.1.2.403398388710792122039930001040706635189/1.3.6.1.4.1.9590.100.1.2.255790762312116957142428299530212374263/000000.dcm,mass,train,0,BENIGN
P_01238,RIGHT,MLO,mass,BENIGN,Mass-Training_P_01238_RIGHT_MLO/1.3.6.1.4.1.9590.100.1.2.399105127513109309919165799750485063186/1.3.6.1.4.1.9590.100.1.2.314404806713106225939034802010887263081/000000.dcm,mass,train,0,BENIGN
P_01239,RIGHT,CC,mass,BENIGN,Mass-Training_P_01239_RIGHT_CC/1.3.6.1.4.1.9590.100.1.2.304153155112070673724116883611079168062/1.3.6.1.4.1.9590.100.1.2.370020768811676220424047464123530592133/000000.dcm,mass,train,0,BENIGN
P_01241,RIGHT,CC,mass,MALIGNANT,Mass-Training_P_01241_RIGHT_CC/1.3.6.1.4.1.9590.100.1.2.306486416611779530134130441082003175794/1.3.6.1.4.1.9590.100.1.2.214218464012119730924139421650055492627/000000.dcm,mass,train,1,MALIGNANT
P_01241,RIGHT,MLO,mass,MALIGNANT,Mass-Training_P_01241_RIGHT_MLO/1.3.6.1.4.1.9590.100.1.2.306890343410836498636596893442510817954/1.3.6.1.4.1.9590.100.1.2.18469106113730551720859319631910617238/000000.dcm,mass,train,1,MALIGNANT
P_01243,LEFT,CC,mass,BENIGN,Mass-Training_P_01243_LEFT_CC/1.3.6.1.4.1.9590.100.1.2.10098951912074544308229275000742355944/1.3.6.1.4.1.9590.100.1.2.292360889211001391813520710751199015294/000000.dcm,mass,train,0,BENIGN
P_01243,LEFT,MLO,mass,BENIGN,Mass-Training_P_01243_LEFT_MLO/1.3.6.1.4.1.9590.100.1.2.226580642811481824323469807921113103360/1.3.6.1.4.1.9590.100.1.2.16010789511745132713883529233369038329/000000.dcm,mass,train,0,BENIGN
P_01248,LEFT,CC,mass,MALIGNANT,Mass-Training_P_01248_LEFT_CC/1.3.6.1.4.1.9590.100.1.2.428548752312707623941273706830778192960/1.3.6.1.4.1.9590.100.1.2.339439935912614423538816085831896154168/000000.dcm,mass,train,1,MALIGNANT
P_01248,LEFT,MLO,mass,MALIGNANT,Mass-Training_P_01248_LEFT_MLO/1.3.6.1.4.1.9590.100.1.2.97888446510501988424835593133679924285/1.3.6.1.4.1.9590.100.1.2.192402923513748147122451457411070325347/000000.dcm,mass,train,1,MALIGNANT
P_01250,RIGHT,CC,mass,BENIGN,Mass-Training_P_01250_RIGHT_CC/1.3.6.1.4.1.9590.100.1.2.48814964010204519703340202530556194471/1.3.6.1.4.1.9590.100.1.2.79933365113424051929960925942771243583/000000.dcm,mass,train,0,BENIGN
P_01250,RIGHT,MLO,mass,BENIGN,Mass-Training_P_01250_RIGHT_MLO/1.3.6.1.4.1.9590.100.1.2.122096318213375905605285126891439929761/1.3.6.1.4.1.9590.100.1.2.392008643813084177039922070163021225657/000000.dcm,mass,train,0,BENIGN
P_01258,LEFT,CC,mass,MALIGNANT,Mass-Training_P_01258_LEFT_CC/1.3.6.1.4.1.9590.100.1.2.414061101811397681530717682331220697458/1.3.6.1.4.1.9590.100.1.2.141716663512871775834001850063582970698/000000.dcm,mass,train,1,MALIGNANT
P_01260,LEFT,MLO,mass,MALIGNANT,Mass-Training_P_01260_LEFT_MLO/1.3.6.1.4.1.9590.100.1.2.187917688312511616630414074181343147497/1.3.6.1.4.1.9590.100.1.2.399148800610801388215267616082877384943/000000.dcm,mass,train,1,MALIGNANT
P_01261,LEFT,CC,mass,MALIGNANT,Mass-Training_P_01261_LEFT_CC/1.3.6.1.4.1.9590.100.1.2.251680647311709572725891490850169710011/1.3.6.1.4.1.9590.100.1.2.106685146711798199711669454531496069221/000000.dcm,mass,train,1,MALIGNANT
P_01261,LEFT,MLO,mass,MALIGNANT,Mass-Training_P_01261_LEFT_MLO/1.3.6.1.4.1.9590.100.1.2.317833057813061457714404099881241757436/1.3.6.1.4.1.9590.100.1.2.382657594211162984225466586992096852070/000000.dcm,mass,train,1,MALIGNANT
P_01262,RIGHT,CC,mass,MALIGNANT,Mass-Training_P_01262_RIGHT_CC/1.3.6.1.4.1.9590.100.1.2.344604702811272719708331043044112382193/1.3.6.1.4.1.9590.100.1.2.234264149413555822135819997471071754701/000000.dcm,mass,train,1,MALIGNANT
P_01262,RIGHT,CC,mass,MALIGNANT,Mass-Training_P_01262_RIGHT_CC/1.3.6.1.4.1.9590.100.1.2.344604702811272719708331043044112382193/1.3.6.1.4.1.9590.100.1.2.234264149413555822135819997471071754701/000000.dcm,mass,train,1,MALIGNANT
P_01262,RIGHT,MLO,mass,MALIGNANT,Mass-Training_P_01262_RIGHT_MLO/1.3.6.1.4.1.9590.100.1.2.355880339013598801930907426943249013508/1.3.6.1.4.1.9590.100.1.2.65397885011427959107666095712572175020/000000.dcm,mass,train,1,MALIGNANT
P_01264,LEFT,MLO,mass,BENIGN,Mass-Training_P_01264_LEFT_MLO/1.3.6.1.4.1.9590.100.1.2.183678058112617908601432119060871061542/1.3.6.1.4.1.9590.100.1.2.6277281410639072436330631001055971673/000000.dcm,mass,train,0,BENIGN
P_01265,RIGHT,CC,mass,BENIGN,Mass-Training_P_01265_RIGHT_CC/1.3.6.1.4.1.9590.100.1.2.367223375311116112418366281282634244284/1.3.6.1.4.1.9590.100.1.2.61363801911526324605964171543724492889/000000.dcm,mass,train,0,BENIGN
P_01265,RIGHT,MLO,mass,BENIGN,Mass-Training_P_01265_RIGHT_MLO/1.3.6.1.4.1.9590.100.1.2.91575989912247226610032449332178699009/1.3.6.1.4.1.9590.100.1.2.25032151411293752139034702442380199664/000000.dcm,mass,train,0,BENIGN
P_01267,RIGHT,MLO,mass,BENIGN,Mass-Training_P_01267_RIGHT_MLO/1.3.6.1.4.1.9590.100.1.2.148601365011085507231407184860063622121/1.3.6.1.4.1.9590.100.1.2.149308190610568509017312177942469049421/000000.dcm,mass,train,0,BENIGN
P_01268,RIGHT,CC,mass,BENIGN,Mass-Training_P_01268_RIGHT_CC/1.3.6.1.4.1.9590.100.1.2.277418426212581084204246247710773618584/1.3.6.1.4.1.9590.100.1.2.70876162012018497914376684992676851191/000000.dcm,mass,train,0,BENIGN
P_01268,RIGHT,MLO,mass,BENIGN,Mass-Training_P_01268_RIGHT_MLO/1.3.6.1.4.1.9590.100.1.2.238528395312906702625420891400380994553/1.3.6.1.4.1.9590.100.1.2.131373980613006527232937596363517989166/000000.dcm,mass,train,0,BENIGN
P_01270,LEFT,CC,mass,BENIGN,Mass-Training_P_01270_LEFT_CC/1.3.6.1.4.1.9590.100.1.2.98752505612398104139135863250705881442/1.3.6.1.4.1.9590.100.1.2.110017736711810284113992022031946208373/000000.dcm,mass,train,0,BENIGN
P_01270,LEFT,MLO,mass,BENIGN,Mass-Training_P_01270_LEFT_MLO/1.3.6.1.4.1.9590.100.1.2.408441681011121753313470260680466409778/1.3.6.1.4.1.9590.100.1.2.114812019812494747029503935083729852696/000000.dcm,mass,train,0,BENIGN
P_01270,RIGHT,CC,mass,MALIGNANT,Mass-Training_P_01270_RIGHT_CC/1.3.6.1.4.1.9590.100.1.2.201427262411629860206695515433246924032/1.3.6.1.4.1.9590.100.1.2.145886303212472556616663904542647060543/000000.dcm,mass,train,1,MALIGNANT
P_01270,RIGHT,MLO,mass,MALIGNANT,Mass-Training_P_01270_RIGHT_MLO/1.3.6.1.4.1.9590.100.1.2.291492391712790761812157213724232237923/1.3.6.1.4.1.9590.100.1.2.131622043112745811315061144532157260895/000000.dcm,mass,train,1,MALIGNANT
P_01270,RIGHT,MLO,mass,MALIGNANT,Mass-Training_P_01270_RIGHT_MLO/1.3.6.1.4.1.9590.100.1.2.291492391712790761812157213724232237923/1.3.6.1.4.1.9590.100.1.2.131622043112745811315061144532157260895/000000.dcm,mass,train,1,MALIGNANT
P_01271,RIGHT,CC,mass,BENIGN,Mass-Training_P_01271_RIGHT_CC/1.3.6.1.4.1.9590.100.1.2.201318664711354102900407070010088677036/1.3.6.1.4.1.9590.100.1.2.135313774213393042000508007882612609227/000000.dcm,mass,train,0,BENIGN
P_01271,RIGHT,MLO,mass,BENIGN,Mass-Training_P_01271_RIGHT_MLO/1.3.6.1.4.1.9590.100.1.2.194290095812504143911587122430096224859/1.3.6.1.4.1.9590.100.1.2.365658432013141824814054805790287324550/000000.dcm,mass,train,0,BENIGN
P_01273,RIGHT,CC,mass,BENIGN,Mass-Training_P_01273_RIGHT_CC/1.3.6.1.4.1.9590.100.1.2.78042167012104608809450763694016346926/1.3.6.1.4.1.9590.100.1.2.385542139512279828113137552801440217253/000000.dcm,mass,train,0,BENIGN
P_01273,RIGHT,CC,mass,BENIGN,Mass-Training_P_01273_RIGHT_CC/1.3.6.1.4.1.9590.100.1.2.78042167012104608809450763694016346926/1.3.6.1.4.1.9590.100.1.2.385542139512279828113137552801440217253/000000.dcm,mass,train,0,BENIGN
P_01273,RIGHT,CC,mass,BENIGN,Mass-Training_P_01273_RIGHT_CC/1.3.6.1.4.1.9590.100.1.2.78042167012104608809450763694016346926/1.3.6.1.4.1.9590.100.1.2.385542139512279828113137552801440217253/000000.dcm,mass,train,0,BENIGN
P_01273,RIGHT,MLO,mass,BENIGN,Mass-Training_P_01273_RIGHT_MLO/1.3.6.1.4.1.9590.100.1.2.166904465412067011525094463063928670514/1.3.6.1.4.1.9590.100.1.2.354433452712125506109472218882588383168/000000.dcm,mass,train,0,BENIGN
P_01273,RIGHT,MLO,mass,BENIGN,Mass-Training_P_01273_RIGHT_MLO/1.3.6.1.4.1.9590.100.1.2.166904465412067011525094463063928670514/1.3.6.1.4.1.9590.100.1.2.354433452712125506109472218882588383168/000000.dcm,mass,train,0,BENIGN
P_01273,RIGHT,MLO,mass,BENIGN,Mass-Training_P_01273_RIGHT_MLO/1.3.6.1.4.1.9590.100.1.2.166904465412067011525094463063928670514/1.3.6.1.4.1.9590.100.1.2.354433452712125506109472218882588383168/000000.dcm,mass,train,0,BENIGN
P_01274,RIGHT,MLO,mass,BENIGN_WITHOUT_CALLBACK,Mass-Training_P_01274_RIGHT_MLO/1.3.6.1.4.1.9590.100.1.2.159263241711220335200092745000970008147/1.3.6.1.4.1.9590.100.1.2.314672984211473148314631420561188631680/000000.dcm,mass,train,0,BENIGN
P_01279,LEFT,CC,mass,BENIGN,Mass-Training_P_01279_LEFT_CC/1.3.6.1.4.1.9590.100.1.2.113839613712252545122487494930654529426/1.3.6.1.4.1.9590.100.1.2.238395371211008093639929187053845367779/000000.dcm,mass,train,0,BENIGN
P_01280,RIGHT,CC,mass,BENIGN,Mass-Training_P_01280_RIGHT_CC/1.3.6.1.4.1.9590.100.1.2.102191470912406967618238731753961435638/1.3.6.1.4.1.9590.100.1.2.281986553811315949820316643132362105669/000000.dcm,mass,train,0,BENIGN
P_01280,RIGHT,MLO,mass,BENIGN,Mass-Training_P_01280_RIGHT_MLO/1.3.6.1.4.1.9590.100.1.2.386738030013867163819557139692528898913/1.3.6.1.4.1.9590.100.1.2.152488949811188636313441414412412692561/000000.dcm,mass,train,0,BENIGN
P_01281,RIGHT,MLO,mass,MALIGNANT,Mass-Training_P_01281_RIGHT_MLO/1.3.6.1.4.1.9590.100.1.2.406135563011702900138057906211749718462/1.3.6.1.4.1.9590.100.1.2.20496943713590304100562295312726777048/000000.dcm,mass,train,1,MALIGNANT
P_01283,RIGHT,MLO,mass,BENIGN,Mass-Training_P_01283_RIGHT_MLO/1.3.6.1.4.1.9590.100.1.2.413666106111581918217883524081571846461/1.3.6.1.4.1.9590.100.1.2.212873695611515204908544382810356004572/000000.dcm,mass,train,0,BENIGN
P_01285,RIGHT,CC,mass,BENIGN,Mass-Training_P_01285_RIGHT_CC/1.3.6.1.4.1.9590.100.1.2.224441076011198843531603897613800700295/1.3.6.1.4.1.9590.100.1.2.413797574011022647520375059402020255717/000000.dcm,mass,train,0,BENIGN
P_01285,RIGHT,MLO,mass,BENIGN,Mass-Training_P_01285_RIGHT_MLO/1.3.6.1.4.1.9590.100.1.2.143061376711998049432899165851555037402/1.3.6.1.4.1.9590.100.1.2.390865353312359350001826968483393826709/000000.dcm,mass,train,0,BENIGN
P_01290,RIGHT,CC,mass,MALIGNANT,Mass-Training_P_01290_RIGHT_CC/1.3.6.1.4.1.9590.100.1.2.398620594411762063205911299862289766074/1.3.6.1.4.1.9590.100.1.2.206858401010836227702573341721302137898/000000.dcm,mass,train,1,MALIGNANT
P_01297,LEFT,CC,mass,BENIGN,Mass-Training_P_01297_LEFT_CC/1.3.6.1.4.1.9590.100.1.2.202621670813212106922848907760001533041/1.3.6.1.4.1.9590.100.1.2.267789362312445254328193755060493708397/000000.dcm,mass,train,0,BENIGN
P_01297,LEFT,MLO,mass,BENIGN,Mass-Training_P_01297_LEFT_MLO/1.3.6.1.4.1.9590.100.1.2.287398782013726795710576792422222074113/1.3.6.1.4.1.9590.100.1.2.314404845512531202204286874924153609579/000000.dcm,mass,train,0,BENIGN
P_01299,LEFT,MLO,mass,BENIGN,Mass-Training_P_01299_LEFT_MLO/1.3.6.1.4.1.9590.100.1.2.416242964611859319102697665662387297265/1.3.6.1.4.1.9590.100.1.2.199040568111077523402855758172229500384/000000.dcm,mass,train,0,BENIGN
P_01301,RIGHT,CC,mass,BENIGN,Mass-Training_P_01301_RIGHT_CC/1.3.6.1.4.1.9590.100.1.2.138756022112344832000132732613792454371/1.3.6.1.4.1.9590.100.1.2.9490768312143804337960531273335721475/000000.dcm,mass,train,0,BENIGN
P_01301,RIGHT,MLO,mass,BENIGN,Mass-Training_P_01301_RIGHT_MLO/1.3.6.1.4.1.9590.100.1.2.196601557811238764819962940333734235231/1.3.6.1.4.1.9590.100.1.2.230998132713635217320686521722926530600/000000.dcm,mass,train,0,BENIGN
P_01302,RIGHT,CC,mass,MALIGNANT,Mass-Training_P_01302_RIGHT_CC/1.3.6.1.4.1.9590.100.1.2.36044662913816779016082484641778358196/1.3.6.1.4.1.9590.100.1.2.388250836312107946505674318440363195742/000000.dcm,mass,train,1,MALIGNANT
P_01302,RIGHT,MLO,mass,MALIGNANT,Mass-Training_P_01302_RIGHT_MLO/1.3.6.1.4.1.9590.100.1.2.96750986613660127027764323152206979478/1.3.6.1.4.1.9590.100.1.2.398228992912621415325834282841536079564/000000.dcm,mass,train,1,MALIGNANT
P_01304,RIGHT,CC,mass,MALIGNANT,Mass-Training_P_01304_RIGHT_CC/1.3.6.1.4.1.9590.100.1.2.343349093712570778328543523150719504051/1.3.6.1.4.1.9590.100.1.2.238526180912273821008603434432150732286/000000.dcm,mass,train,1,MALIGNANT
P_01304,RIGHT,MLO,mass,MALIGNANT,Mass-Training_P_01304_RIGHT_MLO/1.3.6.1.4.1.9590.100.1.2.198127522411277864814732949793253473346/1.3.6.1.4.1.9590.100.1.2.116404757511169555513192121640222765024/000000.dcm,mass,train,1,MALIGNANT
P_01305,LEFT,CC,mass,BENIGN,Mass-Training_P_01305_LEFT_CC/1.3.6.1.4.1.9590.100.1.2.373149774611909278916714586942971466345/1.3.6.1.4.1.9590.100.1.2.425805369410287321022604020872718369142/000000.dcm,mass,train,0,BENIGN
P_01305,LEFT,MLO,mass,BENIGN,Mass-Training_P_01305_LEFT_MLO/1.3.6.1.4.1.9590.100.1.2.153232575612108273914383189800577902892/1.3.6.1.4.1.9590.100.1.2.246326421513862106416389991742169179906/000000.dcm,mass,train,0,BENIGN
P_01312,LEFT,CC,mass,MALIGNANT,Mass-Training_P_01312_LEFT_CC/1.3.6.1.4.1.9590.100.1.2.164824596711067808713893385043174191482/1.3.6.1.4.1.9590.100.1.2.419984796911762114534169253272130085682/000000.dcm,mass,train,1,MALIGNANT
P_01317,RIGHT,MLO,mass,BENIGN_WITHOUT_CALLBACK,Mass-Training_P_01317_RIGHT_MLO/1.3.6.1.4.1.9590.100.1.2.4268813713208131323814770182929811607/1.3.6.1.4.1.9590.100.1.2.23487771812031315812791753582694635029/000000.dcm,mass,train,0,BENIGN
P_01324,LEFT,CC,mass,MALIGNANT,Mass-Training_P_01324_LEFT_CC/1.3.6.1.4.1.9590.100.1.2.83549719811495065413097760570160674141/1.3.6.1.4.1.9590.100.1.2.278027362412755370422131255491350386822/000000.dcm,mass,train,1,MALIGNANT
P_01324,LEFT,MLO,mass,MALIGNANT,Mass-Training_P_01324_LEFT_MLO/1.3.6.1.4.1.9590.100.1.2.89447576512667050240452540620152586924/1.3.6.1.4.1.9590.100.1.2.252064356011351853103024017061840879478/000000.dcm,mass,train,1,MALIGNANT
P_01325,RIGHT,MLO,mass,MALIGNANT,Mass-Training_P_01325_RIGHT_MLO/1.3.6.1.4.1.9590.100.1.2.43574300312189101510082720182172239889/1.3.6.1.4.1.9590.100.1.2.332940887511986446512688867040573314952/000000.dcm,mass,train,1,MALIGNANT
P_01326,LEFT,CC,mass,MALIGNANT,Mass-Training_P_01326_LEFT_CC/1.3.6.1.4.1.9590.100.1.2.268984984011121369318406056112755764288/1.3.6.1.4.1.9590.100.1.2.194578416513260370005941884310932343300/000000.dcm,mass,train,1,MALIGNANT
P_01326,LEFT,MLO,mass,MALIGNANT,Mass-Training_P_01326_LEFT_MLO/1.3.6.1.4.1.9590.100.1.2.426199063410634296410031108391572031126/1.3.6.1.4.1.9590.100.1.2.321592050911593154021131107191404498640/000000.dcm,mass,train,1,MALIGNANT
P_01327,LEFT,MLO,mass,BENIGN,Mass-Training_P_01327_LEFT_MLO/1.3.6.1.4.1.9590.100.1.2.25112785411347903529943279841486898110/1.3.6.1.4.1.9590.100.1.2.223083467712459708816598629581082954441/000000.dcm,mass,train,0,BENIGN
P_01328,LEFT,CC,mass,MALIGNANT,Mass-Training_P_01328_LEFT_CC/1.3.6.1.4.1.9590.100.1.2.294050849912954635201357165393155411944/1.3.6.1.4.1.9590.100.1.2.422831607212263837234439461560825032330/000000.dcm,mass,train,1,MALIGNANT
P_01328,LEFT,MLO,mass,MALIGNANT,Mass-Training_P_01328_LEFT_MLO/1.3.6.1.4.1.9590.100.1.2.115575203712079954005612952462568368429/1.3.6.1.4.1.9590.100.1.2.35663415613224959926241222963710883663/000000.dcm,mass,train,1,MALIGNANT
P_01330,RIGHT,MLO,mass,BENIGN_WITHOUT_CALLBACK,Mass-Training_P_01330_RIGHT_MLO/1.3.6.1.4.1.9590.100.1.2.35692493212927319705651526882071204101/1.3.6.1.4.1.9590.100.1.2.17790195011974356503309694941246466213/000000.dcm,mass,train,0,BENIGN
P_01332,RIGHT,CC,mass,BENIGN_WITHOUT_CALLBACK,Mass-Training_P_01332_RIGHT_CC/1.3.6.1.4.1.9590.100.1.2.187638753712776957826279351090114894727/1.3.6.1.4.1.9590.100.1.2.279009357312590326405692300091346688718/000000.dcm,mass,train,0,BENIGN
P_01332,RIGHT,MLO,mass,BENIGN_WITHOUT_CALLBACK,Mass-Training_P_01332_RIGHT_MLO/1.3.6.1.4.1.9590.100.1.2.405296426512376229322145104840608920182/1.3.6.1.4.1.9590.100.1.2.308645904112578662514088364913247733416/000000.dcm,mass,train,0,BENIGN
P_01340,LEFT,CC,mass,BENIGN,Mass-Training_P_01340_LEFT_CC/1.3.6.1.4.1.9590.100.1.2.194122924112803751228702836941657650004/1.3.6.1.4.1.9590.100.1.2.180335210611088014700766624093737715754/000000.dcm,mass,train,0,BENIGN
P_01343,LEFT,CC,mass,MALIGNANT,Mass-Training_P_01343_LEFT_CC/1.3.6.1.4.1.9590.100.1.2.303301592211697420010053858632617777595/1.3.6.1.4.1.9590.100.1.2.109488014812435305420165288311186513795/000000.dcm,mass,train,1,MALIGNANT
P_01343,LEFT,CC,mass,MALIGNANT,Mass-Training_P_01343_LEFT_CC/1.3.6.1.4.1.9590.100.1.2.303301592211697420010053858632617777595/1.3.6.1.4.1.9590.100.1.2.109488014812435305420165288311186513795/000000.dcm,mass,train,1,MALIGNANT
P_01343,LEFT,MLO,mass,MALIGNANT,Mass-Training_P_01343_LEFT_MLO/1.3.6.1.4.1.9590.100.1.2.338795663112734693134356811890051999302/1.3.6.1.4.1.9590.100.1.2.245398881011643929625650254320825052239/000000.dcm,mass,train,1,MALIGNANT
P_01343,LEFT,MLO,mass,MALIGNANT,Mass-Training_P_01343_LEFT_MLO/1.3.6.1.4.1.9590.100.1.2.338795663112734693134356811890051999302/1.3.6.1.4.1.9590.100.1.2.245398881011643929625650254320825052239/000000.dcm,mass,train,1,MALIGNANT
P_01349,LEFT,MLO,mass,BENIGN,Mass-Training_P_01349_LEFT_MLO/1.3.6.1.4.1.9590.100.1.2.242374577711872761436948724811141529289/1.3.6.1.4.1.9590.100.1.2.90659068910051449419939541821162144273/000000.dcm,mass,train,0,BENIGN
P_01350,RIGHT,CC,mass,MALIGNANT,Mass-Training_P_01350_RIGHT_CC/1.3.6.1.4.1.9590.100.1.2.110789418612569845423458525462775138362/1.3.6.1.4.1.9590.100.1.2.16311307713420957612660499721513179515/000000.dcm,mass,train,1,MALIGNANT
P_01350,RIGHT,MLO,mass,MALIGNANT,Mass-Training_P_01350_RIGHT_MLO/1.3.6.1.4.1.9590.100.1.2.374763424313529706909459703102390392726/1.3.6.1.4.1.9590.100.1.2.122579937211261543136529322291615898318/000000.dcm,mass,train,1,MALIGNANT
P_01354,RIGHT,MLO,mass,BENIGN,Mass-Training_P_01354_RIGHT_MLO/1.3.6.1.4.1.9590.100.1.2.23064870911072854630739703132920840218/1.3.6.1.4.1.9590.100.1.2.296557827111762261521806368331835861573/000000.dcm,mass,train,0,BENIGN
P_01355,LEFT,MLO,mass,MALIGNANT,Mass-Training_P_01355_LEFT_MLO/1.3.6.1.4.1.9590.100.1.2.189696900911476521700546397464086527091/1.3.6.1.4.1.9590.100.1.2.274548862212562608140881962611475414791/000000.dcm,mass,train,1,MALIGNANT
P_01356,LEFT,CC,mass,MALIGNANT,Mass-Training_P_01356_LEFT_CC/1.3.6.1.4.1.9590.100.1.2.330084641712041521518472505811754984758/1.3.6.1.4.1.9590.100.1.2.42550832110795654702779416414106697462/000000.dcm,mass,train,1,MALIGNANT
P_01356,LEFT,MLO,mass,MALIGNANT,Mass-Training_P_01356_LEFT_MLO/1.3.6.1.4.1.9590.100.1.2.213548777410477761937111825180333806491/1.3.6.1.4.1.9590.100.1.2.16726845311752362603060880650932436016/000000.dcm,mass,train,1,MALIGNANT
P_01357,LEFT,MLO,mass,MALIGNANT,Mass-Training_P_01357_LEFT_MLO/1.3.6.1.4.1.9590.100.1.2.124594953611434816937808106871133753536/1.3.6.1.4.1.9590.100.1.2.353579241312030972426480659573018636590/000000.dcm,mass,train,1,MALIGNANT
P_01360,LEFT,CC,mass,MALIGNANT,Mass-Training_P_01360_LEFT_CC/1.3.6.1.4.1.9590.100.1.2.413161954712782294738922264651555029738/1.3.6.1.4.1.9590.100.1.2.43309966312812774227127594590726757496/000000.dcm,mass,train,1,MALIGNANT
P_01360,LEFT,MLO,mass,MALIGNANT,Mass-Training_P_01360_LEFT_MLO/1.3.6.1.4.1.9590.100.1.2.268977572910868513500811109641640730162/1.3.6.1.4.1.9590.100.1.2.379475004711688636406906525684043910425/000000.dcm,mass,train,1,MALIGNANT
P_01362,LEFT,MLO,mass,BENIGN,Mass-Training_P_01362_LEFT_MLO/1.3.6.1.4.1.9590.100.1.2.288963682513995615832627462832322295332/1.3.6.1.4.1.9590.100.1.2.142024958312791212426214363331028394410/000000.dcm,mass,train,0,BENIGN
P_01363,RIGHT,CC,mass,BENIGN,Mass-Training_P_01363_RIGHT_CC/1.3.6.1.4.1.9590.100.1.2.194009984811653188503197904910009038655/1.3.6.1.4.1.9590.100.1.2.266149867212905813327500975811584219820/000000.dcm,mass,train,0,BENIGN
P_01363,RIGHT,MLO,mass,BENIGN,Mass-Training_P_01363_RIGHT_MLO/1.3.6.1.4.1.9590.100.1.2.65129327610847959300836852790860079655/1.3.6.1.4.1.9590.100.1.2.60969523611952599439239914281030884704/000000.dcm,mass,train,0,BENIGN
P_01364,LEFT,CC,mass,MALIGNANT,Mass-Training_P_01364_LEFT_CC/1.3.6.1.4.1.9590.100.1.2.28462998213006989026802318522689595494/1.3.6.1.4.1.9590.100.1.2.247139233113856247217565715372804656493/000000.dcm,mass,train,1,MALIGNANT
P_01364,LEFT,MLO,mass,MALIGNANT,Mass-Training_P_01364_LEFT_MLO/1.3.6.1.4.1.9590.100.1.2.318021138213274756717711947651103527790/1.3.6.1.4.1.9590.100.1.2.385006824412335838937657967684130607502/000000.dcm,mass,train,1,MALIGNANT
P_01367,LEFT,MLO,mass,BENIGN,Mass-Training_P_01367_LEFT_MLO/1.3.6.1.4.1.9590.100.1.2.300189165313119511912023835412808382508/1.3.6.1.4.1.9590.100.1.2.61689595612269292704042290481360023782/000000.dcm,mass,train,0,BENIGN
P_01371,RIGHT,CC,mass,MALIGNANT,Mass-Training_P_01371_RIGHT_CC/1.3.6.1.4.1.9590.100.1.2.178214055011658618732163616181030617458/1.3.6.1.4.1.9590.100.1.2.82469470811582019730628947720344371460/000000.dcm,mass,train,1,MALIGNANT
P_01371,RIGHT,MLO,mass,MALIGNANT,Mass-Training_P_01371_RIGHT_MLO/1.3.6.1.4.1.9590.100.1.2.413466372011702075224649058891547007595/1.3.6.1.4.1.9590.100.1.2.360936240513322154336641238113720846378/000000.dcm,mass,train,1,MALIGNANT
P_01373,RIGHT,CC,mass,MALIGNANT,Mass-Training_P_01373_RIGHT_CC/1.3.6.1.4.1.9590.100.1.2.4843864410592819009128610732944339518/1.3.6.1.4.1.9590.100.1.2.304847144212231865016298922630149685326/000000.dcm,mass,train,1,MALIGNANT
P_01373,RIGHT,MLO,mass,MALIGNANT,Mass-Training_P_01373_RIGHT_MLO/1.3.6.1.4.1.9590.100.1.2.72349215811711170937080447124086589071/1.3.6.1.4.1.9590.100.1.2.136205032110134242304706889481155740396/000000.dcm,mass,train,1,MALIGNANT
P_01374,RIGHT,CC,mass,MALIGNANT,Mass-Training_P_01374_RIGHT_CC/1.3.6.1.4.1.9590.100.1.2.187513952212391145511693697630610347064/1.3.6.1.4.1.9590.100.1.2.277067611611359674610374893190644235467/000000.dcm,mass,train,1,MALIGNANT
P_01374,RIGHT,MLO,mass,MALIGNANT,Mass-Training_P_01374_RIGHT_MLO/1.3.6.1.4.1.9590.100.1.2.167202999712495428424386310583545213538/1.3.6.1.4.1.9590.100.1.2.162306531510445555941757918041020610423/000000.dcm,mass,train,1,MALIGNANT
P_01379,LEFT,CC,mass,MALIGNANT,Mass-Training_P_01379_LEFT_CC/1.3.6.1.4.1.9590.100.1.2.23129846113133501239659802982990004044/1.3.6.1.4.1.9590.100.1.2.168327394011718476608531224914261021644/000000.dcm,mass,train,1,MALIGNANT
P_01379,LEFT,MLO,mass,MALIGNANT,Mass-Training_P_01379_LEFT_MLO/1.3.6.1.4.1.9590.100.1.2.351164706011463949217988105294050869235/1.3.6.1.4.1.9590.100.1.2.191257338012305762935389823043261639622/000000.dcm,mass,train,1,MALIGNANT
P_01382,LEFT,CC,mass,BENIGN,Mass-Training_P_01382_LEFT_CC/1.3.6.1.4.1.9590.100.1.2.292729159512759017714983274554285751312/1.3.6.1.4.1.9590.100.1.2.173525298612962905734526490972355191454/000000.dcm,mass,train,0,BENIGN
P_01382,LEFT,MLO,mass,BENIGN,Mass-Training_P_01382_LEFT_MLO/1.3.6.1.4.1.9590.100.1.2.102721577012607772123613080583341893921/1.3.6.1.4.1.9590.100.1.2.80414976910977511532124481832168105891/000000.dcm,mass,train,0,BENIGN
P_01383,LEFT,CC,mass,MALIGNANT,Mass-Training_P_01383_LEFT_CC/1.3.6.1.4.1.9590.100.1.2.48438036912659422227257245531004040706/1.3.6.1.4.1.9590.100.1.2.299105392511880367721298479800384510639/000000.dcm,mass,train,1,MALIGNANT
P_01383,LEFT,MLO,mass,MALIGNANT,Mass-Training_P_01383_LEFT_MLO/1.3.6.1.4.1.9590.100.1.2.81892165711970058205099649283034689418/1.3.6.1.4.1.9590.100.1.2.173221016212532651842178745932916920618/000000.dcm,mass,train,1,MALIGNANT
P_01386,LEFT,CC,mass,BENIGN_WITHOUT_CALLBACK,Mass-Training_P_01386_LEFT_CC/1.3.6.1.4.1.9590.100.1.2.112145451511484816300235411784024069252/1.3.6.1.4.1.9590.100.1.2.397624024211542911809071789001939577443/000000.dcm,mass,train,0,BENIGN
P_01388,LEFT,CC,mass,BENIGN,Mass-Training_P_01388_LEFT_CC/1.3.6.1.4.1.9590.100.1.2.361177410613950907010425545430534329459/1.3.6.1.4.1.9590.100.1.2.10592468812315578318644345712338755961/000000.dcm,mass,train,0,BENIGN
P_01388,LEFT,MLO,mass,BENIGN,Mass-Training_P_01388_LEFT_MLO/1.3.6.1.4.1.9590.100.1.2.132008007712820000101549370023728296331/1.3.6.1.4.1.9590.100.1.2.228112769110310508212894048352876218391/000000.dcm,mass,train,0,BENIGN
P_01389,RIGHT,CC,mass,BENIGN,Mass-Training_P_01389_RIGHT_CC/1.3.6.1.4.1.9590.100.1.2.236750089410442340428255082793184632940/1.3.6.1.4.1.9590.100.1.2.126082211045731020508108042042916052/000000.dcm,mass,train,0,BENIGN
P_01389,RIGHT,MLO,mass,BENIGN,Mass-Training_P_01389_RIGHT_MLO/1.3.6.1.4.1.9590.100.1.2.69194244910087277232327786761618820544/1.3.6.1.4.1.9590.100.1.2.88439765110758116306631505113212607330/000000.dcm,mass,train,0,BENIGN
P_01391,LEFT,CC,mass,MALIGNANT,Mass-Training_P_01391_LEFT_CC/1.3.6.1.4.1.9590.100.1.2.113059943611108836218901999432120656878/1.3.6.1.4.1.9590.100.1.2.46514526511765166107660714390218400511/000000.dcm,mass,train,1,MALIGNANT
P_01394,LEFT,CC,mass,MALIGNANT,Mass-Training_P_01394_LEFT_CC/1.3.6.1.4.1.9590.100.1.2.324895752612125376027557362460273457059/1.3.6.1.4.1.9590.100.1.2.379424626611314498035687579393230248791/000000.dcm,mass,train,1,MALIGNANT
P_01394,LEFT,CC,mass,MALIGNANT,Mass-Training_P_01394_LEFT_CC/1.3.6.1.4.1.9590.100.1.2.324895752612125376027557362460273457059/1.3.6.1.4.1.9590.100.1.2.379424626611314498035687579393230248791/000000.dcm,mass,train,1,MALIGNANT
P_01394,LEFT,MLO,mass,MALIGNANT,Mass-Training_P_01394_LEFT_MLO/1.3.6.1.4.1.9590.100.1.2.203090950910807969104175912311360010253/1.3.6.1.4.1.9590.100.1.2.429305306912093674921183906703340820050/000000.dcm,mass,train,1,MALIGNANT
P_01394,LEFT,MLO,mass,MALIGNANT,Mass-Training_P_01394_LEFT_MLO/1.3.6.1.4.1.9590.100.1.2.203090950910807969104175912311360010253/1.3.6.1.4.1.9590.100.1.2.429305306912093674921183906703340820050/000000.dcm,mass,train,1,MALIGNANT
P_01394,RIGHT,CC,mass,MALIGNANT,Mass-Training_P_01394_RIGHT_CC/1.3.6.1.4.1.9590.100.1.2.192958593213638005913962794393552814583/1.3.6.1.4.1.9590.100.1.2.155393125912578772735364914403407677920/000000.dcm,mass,train,1,MALIGNANT
P_01394,RIGHT,MLO,mass,MALIGNANT,Mass-Training_P_01394_RIGHT_MLO/1.3.6.1.4.1.9590.100.1.2.229778067011023255301562774351959964168/1.3.6.1.4.1.9590.100.1.2.145489058813789765335170389942387615556/000000.dcm,mass,train,1,MALIGNANT
P_01398,LEFT,CC,mass,BENIGN_WITHOUT_CALLBACK,Mass-Training_P_01398_LEFT_CC/1.3.6.1.4.1.9590.100.1.2.227964607212665821422792580093544431843/1.3.6.1.4.1.9590.100.1.2.105874019312852859312989016723694564165/000000.dcm,mass,train,0,BENIGN
P_01398,LEFT,MLO,mass,BENIGN_WITHOUT_CALLBACK,Mass-Training_P_01398_LEFT_MLO/1.3.6.1.4.1.9590.100.1.2.173949090012391100738448746421426335143/1.3.6.1.4.1.9590.100.1.2.409198680012258836429317523453265258321/000000.dcm,mass,train,0,BENIGN
P_01402,RIGHT,MLO,mass,MALIGNANT,Mass-Training_P_01402_RIGHT_MLO/1.3.6.1.4.1.9590.100.1.2.356327235712054388313478839101964117182/1.3.6.1.4.1.9590.100.1.2.234810835612633355538815031322259010855/000000.dcm,mass,train,1,MALIGNANT
P_01405,RIGHT,CC,mass,MALIGNANT,Mass-Training_P_01405_RIGHT_CC/1.3.6.1.4.1.9590.100.1.2.216094719311322743242225975062163349046/1.3.6.1.4.1.9590.100.1.2.368633492211146724418937145902088192492/000000.dcm,mass,train,1,MALIGNANT
P_01405,RIGHT,MLO,mass,MALIGNANT,Mass-Training_P_01405_RIGHT_MLO/1.3.6.1.4.1.9590.100.1.2.72916626313180500132473100040225918086/1.3.6.1.4.1.9590.100.1.2.124110759312920542107050879041628068248/000000.dcm,mass,train,1,MALIGNANT
P_01406,LEFT,MLO,mass,BENIGN_WITHOUT_CALLBACK,Mass-Training_P_01406_LEFT_MLO/1.3.6.1.4.1.9590.100.1.2.142596556910349579914474177482898369534/1.3.6.1.4.1.9590.100.1.2.43763994011384233807675677973401758930/000000.dcm,mass,train,0,BENIGN
P_01411,RIGHT,MLO,mass,MALIGNANT,Mass-Training_P_01411_RIGHT_MLO/1.3.6.1.4.1.9590.100.1.2.405623933611470453628291482973545807783/1.3.6.1.4.1.9590.100.1.2.165346412312310465704419393343592419889/000000.dcm,mass,train,1,MALIGNANT
P_01412,LEFT,CC,mass,MALIGNANT,Mass-Training_P_01412_LEFT_CC/1.3.6.1.4.1.9590.100.1.2.422962531112132480415557462022573228781/1.3.6.1.4.1.9590.100.1.2.24320319313003073042785307052811674331/000000.dcm,mass,train,1,MALIGNANT
P_01412,LEFT,MLO,mass,MALIGNANT,Mass-Training_P_01412_LEFT_MLO/1.3.6.1.4.1.9590.100.1.2.228332630713883821219731002143246240017/1.3.6.1.4.1.9590.100.1.2.19175306412221051336720162903880247165/000000.dcm,mass,train,1,MALIGNANT
P_01413,RIGHT,CC,mass,MALIGNANT,Mass-Training_P_01413_RIGHT_CC/1.3.6.1.4.1.9590.100.1.2.278372010511939941433223888961325156832/1.3.6.1.4.1.9590.100.1.2.361011800613187938628920052961866947309/000000.dcm,mass,train,1,MALIGNANT
P_01413,RIGHT,MLO,mass,MALIGNANT,Mass-Training_P_01413_RIGHT_MLO/1.3.6.1.4.1.9590.100.1.2.322261701511313064208044187333288672034/1.3.6.1.4.1.9590.100.1.2.169135345510005275535172031303069712131/000000.dcm,mass,train,1,MALIGNANT
P_01417,RIGHT,MLO,mass,BENIGN,Mass-Training_P_01417_RIGHT_MLO/1.3.6.1.4.1.9590.100.1.2.165347352011978482800692699052284632267/1.3.6.1.4.1.9590.100.1.2.227873690711676823827576319042588800296/000000.dcm,mass,train,0,BENIGN
P_01418,RIGHT,CC,mass,MALIGNANT,Mass-Training_P_01418_RIGHT_CC/1.3.6.1.4.1.9590.100.1.2.292448690513319244206613129471760483651/1.3.6.1.4.1.9590.100.1.2.279484316912674361033310206722023521061/000000.dcm,mass,train,1,MALIGNANT
P_01418,RIGHT,MLO,mass,MALIGNANT,Mass-Training_P_01418_RIGHT_MLO/1.3.6.1.4.1.9590.100.1.2.81667313311342027033978825430504427648/1.3.6.1.4.1.9590.100.1.2.282051316111788314937294731583923174799/000000.dcm,mass,train,1,MALIGNANT
P_01423,RIGHT,CC,mass,BENIGN,Mass-Training_P_01423_RIGHT_CC/1.3.6.1.4.1.9590.100.1.2.18136143012617534118464795332066908077/1.3.6.1.4.1.9590.100.1.2.182687950511844256415217936913290715428/000000.dcm,mass,train,0,BENIGN
P_01423,RIGHT,MLO,mass,BENIGN,Mass-Training_P_01423_RIGHT_MLO/1.3.6.1.4.1.9590.100.1.2.336745085112222764014471175033324094543/1.3.6.1.4.1.9590.100.1.2.309950836612317995302482026643946726358/000000.dcm,mass,train,0,BENIGN
P_01426,RIGHT,CC,mass,MALIGNANT,Mass-Training_P_01426_RIGHT_CC/1.3.6.1.4.1.9590.100.1.2.223698696711150153306218170170376403743/1.3.6.1.4.1.9590.100.1.2.379056257212874666818466899260789254386/000000.dcm,mass,train,1,MALIGNANT
P_01426,RIGHT,MLO,mass,MALIGNANT,Mass-Training_P_01426_RIGHT_MLO/1.3.6.1.4.1.9590.100.1.2.160077766111790176321366176011574671500/1.3.6.1.4.1.9590.100.1.2.357739067210020964418830539562099744211/000000.dcm,mass,train,1,MALIGNANT
P_01427,LEFT,MLO,mass,MALIGNANT,Mass-Training_P_01427_LEFT_MLO/1.3.6.1.4.1.9590.100.1.2.345615643211763324703247628052594511217/1.3.6.1.4.1.9590.100.1.2.291023260312013420041950836552887962853/000000.dcm,mass,train,1,MALIGNANT
P_01430,RIGHT,MLO,mass,MALIGNANT,Mass-Training_P_01430_RIGHT_MLO/1.3.6.1.4.1.9590.100.1.2.390020240811918565818842366914275007692/1.3.6.1.4.1.9590.100.1.2.295967619312101214807652573813097665333/000000.dcm,mass,train,1,MALIGNANT
P_01431,LEFT,MLO,mass,BENIGN,Mass-Training_P_01431_LEFT_MLO/1.3.6.1.4.1.9590.100.1.2.338694788812105197809861717921252838478/1.3.6.1.4.1.9590.100.1.2.265953197912973660327069359641506533925/000000.dcm,mass,train,0,BENIGN
P_01433,LEFT,CC,mass,MALIGNANT,Mass-Training_P_01433_LEFT_CC/1.3.6.1.4.1.9590.100.1.2.121016902412977381609454242601889760818/1.3.6.1.4.1.9590.100.1.2.303424926912179382139572637601311551601/000000.dcm,mass,train,1,MALIGNANT
P_01433,LEFT,MLO,mass,MALIGNANT,Mass-Training_P_01433_LEFT_MLO/1.3.6.1.4.1.9590.100.1.2.365435593510474795421794008580845327901/1.3.6.1.4.1.9590.100.1.2.90944234511269225228698510670304304655/000000.dcm,mass,train,1,MALIGNANT
P_01434,LEFT,CC,mass,MALIGNANT,Mass-Training_P_01434_LEFT_CC/1.3.6.1.4.1.9590.100.1.2.349164765511746678006242092872687235129/1.3.6.1.4.1.9590.100.1.2.314089976710708762519458897023955523421/000000.dcm,mass,train,1,MALIGNANT
P_01434,LEFT,MLO,mass,MALIGNANT,Mass-Training_P_01434_LEFT_MLO/1.3.6.1.4.1.9590.100.1.2.294820118411669324119595936280042477994/1.3.6.1.4.1.9590.100.1.2.215178032810458477636946646383125292016/000000.dcm,mass,train,1,MALIGNANT
P_01438,LEFT,MLO,mass,MALIGNANT,Mass-Training_P_01438_LEFT_MLO/1.3.6.1.4.1.9590.100.1.2.377940736010220309221942388943868839589/1.3.6.1.4.1.9590.100.1.2.177609936211346220040721578244127910300/000000.dcm,mass,train,1,MALIGNANT
P_01439,LEFT,CC,mass,BENIGN,Mass-Training_P_01439_LEFT_CC/1.3.6.1.4.1.9590.100.1.2.199657383813263096217574780630127016741/1.3.6.1.4.1.9590.100.1.2.178403482613186499234197165043446533592/000000.dcm,mass,train,0,BENIGN
P_01439,LEFT,MLO,mass,BENIGN,Mass-Training_P_01439_LEFT_MLO/1.3.6.1.4.1.9590.100.1.2.182329050713541693504904480100280897624/1.3.6.1.4.1.9590.100.1.2.238793485912391945835649251180802187470/000000.dcm,mass,train,0,BENIGN
P_01441,RIGHT,CC,mass,MALIGNANT,Mass-Training_P_01441_RIGHT_CC/1.3.6.1.4.1.9590.100.1.2.357457547411634535539604593961494678834/1.3.6.1.4.1.9590.100.1.2.373574830711720536929060253783547284565/000000.dcm,mass,train,1,MALIGNANT
P_01441,RIGHT,MLO,mass,MALIGNANT,Mass-Training_P_01441_RIGHT_MLO/1.3.6.1.4.1.9590.100.1.2.10018523811427251932099934020250462524/1.3.6.1.4.1.9590.100.1.2.185548129912379580329255702111684791436/000000.dcm,mass,train,1,MALIGNANT
P_01442,RIGHT,CC,mass,BENIGN,Mass-Training_P_01442_RIGHT_CC/1.3.6.1.4.1.9590.100.1.2.28208991513512197820437843361181931722/1.3.6.1.4.1.9590.100.1.2.28833606713334344712341195742166287227/000000.dcm,mass,train,0,BENIGN
P_01442,RIGHT,MLO,mass,BENIGN,Mass-Training_P_01442_RIGHT_MLO/1.3.6.1.4.1.9590.100.1.2.42586274011406523711860901710326327669/1.3.6.1.4.1.9590.100.1.2.380875278311955950234827380751048602798/000000.dcm,mass,train,0,BENIGN
P_01444,RIGHT,MLO,mass,MALIGNANT,Mass-Training_P_01444_RIGHT_MLO/1.3.6.1.4.1.9590.100.1.2.382615099512333270312666408163516686405/1.3.6.1.4.1.9590.100.1.2.101929985112011768708063973172006585067/000000.dcm,mass,train,1,MALIGNANT
P_01445,RIGHT,CC,mass,MALIGNANT,Mass-Training_P_01445_RIGHT_CC/1.3.6.1.4.1.9590.100.1.2.331701711910544387207244212990645469918/1.3.6.1.4.1.9590.100.1.2.297863445712457620034684302690462565611/000000.dcm,mass,train,1,MALIGNANT
P_01445,RIGHT,MLO,mass,MALIGNANT,Mass-Training_P_01445_RIGHT_MLO/1.3.6.1.4.1.9590.100.1.2.415321206111879541533011800542581031440/1.3.6.1.4.1.9590.100.1.2.286070678812040982629328111432966528671/000000.dcm,mass,train,1,MALIGNANT
P_01447,RIGHT,CC,mass,BENIGN,Mass-Training_P_01447_RIGHT_CC/1.3.6.1.4.1.9590.100.1.2.273319441611737691619791738050045873986/1.3.6.1.4.1.9590.100.1.2.167697417011108999423644253862624856072/000000.dcm,mass,train,0,BENIGN
P_01447,RIGHT,MLO,mass,BENIGN,Mass-Training_P_01447_RIGHT_MLO/1.3.6.1.4.1.9590.100.1.2.374184552112009978506751299953492894518/1.3.6.1.4.1.9590.100.1.2.300349485812433462433011608891833744562/000000.dcm,mass,train,0,BENIGN
P_01452,RIGHT,CC,mass,BENIGN,Mass-Training_P_01452_RIGHT_CC/1.3.6.1.4.1.9590.100.1.2.99439295511567189130839771020367471325/1.3.6.1.4.1.9590.100.1.2.423456694712830769942236112733924236328/000000.dcm,mass,train,0,BENIGN
P_01453,LEFT,MLO,mass,BENIGN,Mass-Training_P_01453_LEFT_MLO/1.3.6.1.4.1.9590.100.1.2.422921624012459205102628166841208576160/1.3.6.1.4.1.9590.100.1.2.214012950512997243440545294560735825196/000000.dcm,mass,train,0,BENIGN
P_01454,LEFT,MLO,mass,MALIGNANT,Mass-Training_P_01454_LEFT_MLO/1.3.6.1.4.1.9590.100.1.2.414089865712844529511006503910276517270/1.3.6.1.4.1.9590.100.1.2.147393770811862507005947073503788504617/000000.dcm,mass,train,1,MALIGNANT
P_01461,RIGHT,CC,mass,MALIGNANT,Mass-Training_P_01461_RIGHT_CC/1.3.6.1.4.1.9590.100.1.2.177069327012473485001301943234113829010/1.3.6.1.4.1.9590.100.1.2.343599979312034701930436051711071015260/000000.dcm,mass,train,1,MALIGNANT
P_01461,RIGHT,MLO,mass,MALIGNANT,Mass-Training_P_01461_RIGHT_MLO/1.3.6.1.4.1.9590.100.1.2.150339554012064216510721000191873027750/1.3.6.1.4.1.9590.100.1.2.247594800112988856209160032211145354590/000000.dcm,mass,train,1,MALIGNANT
P_01473,RIGHT,MLO,mass,BENIGN,Mass-Training_P_01473_RIGHT_MLO/1.3.6.1.4.1.9590.100.1.2.212525300212365489732753808992490728497/1.3.6.1.4.1.9590.100.1.2.222681259613985116212786136560209167319/000000.dcm,mass,train,0,BENIGN
P_01474,RIGHT,CC,mass,MALIGNANT,Mass-Training_P_01474_RIGHT_CC/1.3.6.1.4.1.9590.100.1.2.233940831111882215610923798153332295173/1.3.6.1.4.1.9590.100.1.2.179982278813109219103552833302044865219/000000.dcm,mass,train,1,MALIGNANT
P_01474,RIGHT,MLO,mass,MALIGNANT,Mass-Training_P_01474_RIGHT_MLO/1.3.6.1.4.1.9590.100.1.2.138949503413533371916375727570221371924/1.3.6.1.4.1.9590.100.1.2.346085707011640067919675163271130398262/000000.dcm,mass,train,1,MALIGNANT
P_01475,LEFT,CC,mass,BENIGN,Mass-Training_P_01475_LEFT_CC/1.3.6.1.4.1.9590.100.1.2.155564335113066168207688846242485954868/1.3.6.1.4.1.9590.100.1.2.381280286813484985622860668700998869999/000000.dcm,mass,train,0,BENIGN
P_01475,LEFT,MLO,mass,BENIGN,Mass-Training_P_01475_LEFT_MLO/1.3.6.1.4.1.9590.100.1.2.58267285412118246520061754190067811992/1.3.6.1.4.1.9590.100.1.2.95515823212551133418348077222191174607/000000.dcm,mass,train,0,BENIGN
P_01481,RIGHT,CC,mass,MALIGNANT,Mass-Training_P_01481_RIGHT_CC/1.3.6.1.4.1.9590.100.1.2.158308323912474776300745266082305395026/1.3.6.1.4.1.9590.100.1.2.259684152811080267334633814192313787950/000000.dcm,mass,train,1,MALIGNANT
P_01481,RIGHT,MLO,mass,MALIGNANT,Mass-Training_P_01481_RIGHT_MLO/1.3.6.1.4.1.9590.100.1.2.207771936612138071607270504261021765942/1.3.6.1.4.1.9590.100.1.2.334778996011781732121276571471554160321/000000.dcm,mass,train,1,MALIGNANT
P_01482,RIGHT,CC,mass,BENIGN,Mass-Training_P_01482_RIGHT_CC/1.3.6.1.4.1.9590.100.1.2.167455201511693076103371769980766891914/1.3.6.1.4.1.9590.100.1.2.20802081713640268535505609210395450494/000000.dcm,mass,train,0,BENIGN
P_01482,RIGHT,MLO,mass,BENIGN,Mass-Training_P_01482_RIGHT_MLO/1.3.6.1.4.1.9590.100.1.2.380310129610562513838423566431777283712/1.3.6.1.4.1.9590.100.1.2.396797850412719728218194699542667759992/000000.dcm,mass,train,0,BENIGN
P_01484,RIGHT,MLO,mass,BENIGN,Mass-Training_P_01484_RIGHT_MLO/1.3.6.1.4.1.9590.100.1.2.394296843911878662923699245210764491111/1.3.6.1.4.1.9590.100.1.2.163643503213425886339553878203682287841/000000.dcm,mass,train,0,BENIGN
P_01485,LEFT,CC,mass,BENIGN,Mass-Training_P_01485_LEFT_CC/1.3.6.1.4.1.9590.100.1.2.249634393412155274316601916181741555770/1.3.6.1.4.1.9590.100.1.2.159478518911041568122069026733751473954/000000.dcm,mass,train,0,BENIGN
P_01485,LEFT,MLO,mass,BENIGN,Mass-Training_P_01485_LEFT_MLO/1.3.6.1.4.1.9590.100.1.2.209712601711984116904329824533876058352/1.3.6.1.4.1.9590.100.1.2.262065977613197613034905819274193764597/000000.dcm,mass,train,0,BENIGN
P_01486,RIGHT,CC,mass,BENIGN,Mass-Training_P_01486_RIGHT_CC/1.3.6.1.4.1.9590.100.1.2.207530788612284471000256777100626920065/1.3.6.1.4.1.9590.100.1.2.285231969113177337317414575960696322438/000000.dcm,mass,train,0,BENIGN
P_01486,RIGHT,MLO,mass,BENIGN,Mass-Training_P_01486_RIGHT_MLO/1.3.6.1.4.1.9590.100.1.2.188976024210016871218654132841924423670/1.3.6.1.4.1.9590.100.1.2.26049283710835788900556189471190240814/000000.dcm,mass,train,0,BENIGN
P_01491,RIGHT,MLO,mass,MALIGNANT,Mass-Training_P_01491_RIGHT_MLO/1.3.6.1.4.1.9590.100.1.2.73761162312191593237702232411750515552/1.3.6.1.4.1.9590.100.1.2.60156917810914737525620819822954849568/000000.dcm,mass,train,1,MALIGNANT
P_01493,RIGHT,CC,mass,MALIGNANT,Mass-Training_P_01493_RIGHT_CC/1.3.6.1.4.1.9590.100.1.2.407130703312327693327114853431064738329/1.3.6.1.4.1.9590.100.1.2.125237104712924961135001217662095600756/000000.dcm,mass,train,1,MALIGNANT
P_01494,LEFT,CC,mass,MALIGNANT,Mass-Training_P_01494_LEFT_CC/1.3.6.1.4.1.9590.100.1.2.152260842312645584206463819530024397598/1.3.6.1.4.1.9590.100.1.2.389065219613431726719665409391003097070/000000.dcm,mass,train,1,MALIGNANT
P_01494,LEFT,MLO,mass,MALIGNANT,Mass-Training_P_01494_LEFT_MLO/1.3.6.1.4.1.9590.100.1.2.335765266311912155703826825002207187052/1.3.6.1.4.1.9590.100.1.2.259301364012177611300819083632742554678/000000.dcm,mass,train,1,MALIGNANT
P_01494,LEFT,MLO,mass,MALIGNANT,Mass-Training_P_01494_LEFT_MLO/1.3.6.1.4.1.9590.100.1.2.335765266311912155703826825002207187052/1.3.6.1.4.1.9590.100.1.2.259301364012177611300819083632742554678/000000.dcm,mass,train,1,MALIGNANT
P_01495,RIGHT,MLO,mass,BENIGN,Mass-Training_P_01495_RIGHT_MLO/1.3.6.1.4.1.9590.100.1.2.159236001812580419742376600864092523538/1.3.6.1.4.1.9590.100.1.2.87762910012219476829285710430300540314/000000.dcm,mass,train,0,BENIGN
P_01498,RIGHT,MLO,mass,BENIGN_WITHOUT_CALLBACK,Mass-Training_P_01498_RIGHT_MLO/1.3.6.1.4.1.9590.100.1.2.27462480213859683738469357171429910047/1.3.6.1.4.1.9590.100.1.2.68070600612993674535050384751739982391/000000.dcm,mass,train,0,BENIGN
P_01499,RIGHT,CC,mass,BENIGN,Mass-Training_P_01499_RIGHT_CC/1.3.6.1.4.1.9590.100.1.2.78840863911494827137277475131130594072/1.3.6.1.4.1.9590.100.1.2.273757703512306341019020740191359065077/000000.dcm,mass,train,0,BENIGN
P_01499,RIGHT,MLO,mass,BENIGN,Mass-Training_P_01499_RIGHT_MLO/1.3.6.1.4.1.9590.100.1.2.279557258212785690638209855211694609190/1.3.6.1.4.1.9590.100.1.2.110502161611149520011463704441518604678/000000.dcm,mass,train,0,BENIGN
P_01501,RIGHT,CC,mass,MALIGNANT,Mass-Training_P_01501_RIGHT_CC/1.3.6.1.4.1.9590.100.1.2.289242216011940197237983292304039077223/1.3.6.1.4.1.9590.100.1.2.359653834712357915523724051462222236076/000000.dcm,mass,train,1,MALIGNANT
P_01501,RIGHT,MLO,mass,MALIGNANT,Mass-Training_P_01501_RIGHT_MLO/1.3.6.1.4.1.9590.100.1.2.386010481711254635226673934481771981575/1.3.6.1.4.1.9590.100.1.2.426840530611830774726928779551670982701/000000.dcm,mass,train,1,MALIGNANT
P_01503,LEFT,CC,mass,BENIGN,Mass-Training_P_01503_LEFT_CC/1.3.6.1.4.1.9590.100.1.2.147891377712683138606877032111345693756/1.3.6.1.4.1.9590.100.1.2.388945630510803488442407018273251518177/000000.dcm,mass,train,0,BENIGN
P_01503,LEFT,MLO,mass,BENIGN,Mass-Training_P_01503_LEFT_MLO/1.3.6.1.4.1.9590.100.1.2.395609070911781129011584088641175370743/1.3.6.1.4.1.9590.100.1.2.154978001811575941142411368263649992517/000000.dcm,mass,train,0,BENIGN
P_01504,LEFT,CC,mass,MALIGNANT,Mass-Training_P_01504_LEFT_CC/1.3.6.1.4.1.9590.100.1.2.341895335113635668407247310532590413542/1.3.6.1.4.1.9590.100.1.2.406227558310444421341794976282525029721/000000.dcm,mass,train,1,MALIGNANT
P_01504,LEFT,MLO,mass,MALIGNANT,Mass-Training_P_01504_LEFT_MLO/1.3.6.1.4.1.9590.100.1.2.137290885511636491113029221733299061144/1.3.6.1.4.1.9590.100.1.2.9383151312430789908711205212663448581/000000.dcm,mass,train,1,MALIGNANT
P_01506,LEFT,CC,mass,MALIGNANT,Mass-Training_P_01506_LEFT_CC/1.3.6.1.4.1.9590.100.1.2.255504005411675920441549103712315328927/1.3.6.1.4.1.9590.100.1.2.168526963911722969010607377261864876082/000000.dcm,mass,train,1,MALIGNANT
P_01506,LEFT,MLO,mass,MALIGNANT,Mass-Training_P_01506_LEFT_MLO/1.3.6.1.4.1.9590.100.1.2.242809503112891193608714771771305268165/1.3.6.1.4.1.9590.100.1.2.207572409711341229502231661183026713597/000000.dcm,mass,train,1,MALIGNANT
P_01508,LEFT,MLO,mass,BENIGN,Mass-Training_P_01508_LEFT_MLO/1.3.6.1.4.1.9590.100.1.2.256507400012182619115465391422003375871/1.3.6.1.4.1.9590.100.1.2.216102351611463725211949134263171261900/000000.dcm,mass,train,0,BENIGN
P_01509,RIGHT,CC,mass,MALIGNANT,Mass-Training_P_01509_RIGHT_CC/1.3.6.1.4.1.9590.100.1.2.234894150411221934400849903654187514556/1.3.6.1.4.1.9590.100.1.2.160288685211660472002602333723258772485/000000.dcm,mass,train,1,MALIGNANT
P_01509,RIGHT,MLO,mass,MALIGNANT,Mass-Training_P_01509_RIGHT_MLO/1.3.6.1.4.1.9590.100.1.2.120694745313627789912478081600249345208/1.3.6.1.4.1.9590.100.1.2.366224461512921462708991507481476230463/000000.dcm,mass,train,1,MALIGNANT
P_01514,LEFT,CC,mass,MALIGNANT,Mass-Training_P_01514_LEFT_CC/1.3.6.1.4.1.9590.100.1.2.165769746411565460307139400993471456876/1.3.6.1.4.1.9590.100.1.2.142444604511574386426436535482328944316/000000.dcm,mass,train,1,MALIGNANT
P_01514,LEFT,MLO,mass,MALIGNANT,Mass-Training_P_01514_LEFT_MLO/1.3.6.1.4.1.9590.100.1.2.32894677512399427928779222003284706013/1.3.6.1.4.1.9590.100.1.2.39687204412768757712585658151027219989/000000.dcm,mass,train,1,MALIGNANT
P_01516,RIGHT,CC,mass,BENIGN,Mass-Training_P_01516_RIGHT_CC/1.3.6.1.4.1.9590.100.1.2.169524845512383340730241980763040096733/1.3.6.1.4.1.9590.100.1.2.283164120712051268911744006692803176756/000000.dcm,mass,train,0,BENIGN
P_01516,RIGHT,MLO,mass,BENIGN,Mass-Training_P_01516_RIGHT_MLO/1.3.6.1.4.1.9590.100.1.2.56748321212184049228718127474048358817/1.3.6.1.4.1.9590.100.1.2.345504654311288462038285026702019249241/000000.dcm,mass,train,0,BENIGN
P_01517,LEFT,MLO,mass,MALIGNANT,Mass-Training_P_01517_LEFT_MLO/1.3.6.1.4.1.9590.100.1.2.397103309513659805040711697112486071183/1.3.6.1.4.1.9590.100.1.2.260097163812134737836791390063583834413/000000.dcm,mass,train,1,MALIGNANT
P_01529,RIGHT,CC,mass,MALIGNANT,Mass-Training_P_01529_RIGHT_CC/1.3.6.1.4.1.9590.100.1.2.361291735312599076629310342673446573481/1.3.6.1.4.1.9590.100.1.2.247490147911533287729916340634162491946/000000.dcm,mass,train,1,MALIGNANT
P_01529,RIGHT,MLO,mass,MALIGNANT,Mass-Training_P_01529_RIGHT_MLO/1.3.6.1.4.1.9590.100.1.2.68413432311143605442031343713253764295/1.3.6.1.4.1.9590.100.1.2.174614892811620217325392006831664307277/000000.dcm,mass,train,1,MALIGNANT
P_01531,RIGHT,MLO,mass,BENIGN_WITHOUT_CALLBACK,Mass-Training_P_01531_RIGHT_MLO/1.3.6.1.4.1.9590.100.1.2.65781636011234887405685610482587908081/1.3.6.1.4.1.9590.100.1.2.199967109912866426412787232101648660148/000000.dcm,mass,train,0,BENIGN
P_01532,LEFT,CC,mass,BENIGN,Mass-Training_P_01532_LEFT_CC/1.3.6.1.4.1.9590.100.1.2.1706431412116639020251646753315413348/1.3.6.1.4.1.9590.100.1.2.166407449713489341006907780000949344586/000000.dcm,mass,train,0,BENIGN
P_01532,LEFT,MLO,mass,BENIGN,Mass-Training_P_01532_LEFT_MLO/1.3.6.1.4.1.9590.100.1.2.164711716610730502601352398260404022570/1.3.6.1.4.1.9590.100.1.2.21615316111930020302624756632885461728/000000.dcm,mass,train,0,BENIGN
P_01540,LEFT,CC,mass,MALIGNANT,Mass-Training_P_01540_LEFT_CC/1.3.6.1.4.1.9590.100.1.2.404908739210385582023315035382934465195/1.3.6.1.4.1.9590.100.1.2.382785538911074403540003060950764875792/000000.dcm,mass,train,1,MALIGNANT
P_01540,LEFT,MLO,mass,MALIGNANT,Mass-Training_P_01540_LEFT_MLO/1.3.6.1.4.1.9590.100.1.2.11201977910375103606817939783679009642/1.3.6.1.4.1.9590.100.1.2.78684859813284664039916578740172712994/000000.dcm,mass,train,1,MALIGNANT
P_01543,RIGHT,CC,mass,BENIGN,Mass-Training_P_01543_RIGHT_CC/1.3.6.1.4.1.9590.100.1.2.222113876511270367313374883130282601932/1.3.6.1.4.1.9590.100.1.2.377936417510890071140663464102304556900/000000.dcm,mass,train,0,BENIGN
P_01543,RIGHT,MLO,mass,BENIGN,Mass-Training_P_01543_RIGHT_MLO/1.3.6.1.4.1.9590.100.1.2.171644238910331917712341502733454094415/1.3.6.1.4.1.9590.100.1.2.66871694913053462318787529210042793946/000000.dcm,mass,train,0,BENIGN
P_01544,RIGHT,CC,mass,MALIGNANT,Mass-Training_P_01544_RIGHT_CC/1.3.6.1.4.1.9590.100.1.2.111661920012533703914578067354211113268/1.3.6.1.4.1.9590.100.1.2.206770941310591831842617476460243335887/000000.dcm,mass,train,1,MALIGNANT
P_01544,RIGHT,MLO,mass,MALIGNANT,Mass-Training_P_01544_RIGHT_MLO/1.3.6.1.4.1.9590.100.1.2.4381928410640148519675278630573568568/1.3.6.1.4.1.9590.100.1.2.336294562711133796734275132653265929945/000000.dcm,mass,train,1,MALIGNANT
P_01553,RIGHT,MLO,mass,MALIGNANT,Mass-Training_P_01553_RIGHT_MLO/1.3.6.1.4.1.9590.100.1.2.121643443011108741317770023943392014568/1.3.6.1.4.1.9590.100.1.2.209782512812606525509897235331241811654/000000.dcm,mass,train,1,MALIGNANT
P_01556,LEFT,CC,mass,MALIGNANT,Mass-Training_P_01556_LEFT_CC/1.3.6.1.4.1.9590.100.1.2.148209889612663638538423942760289682966/1.3.6.1.4.1.9590.100.1.2.49055609010418986122843145482433179790/000000.dcm,mass,train,1,MALIGNANT
P_01557,RIGHT,CC,mass,BENIGN,Mass-Training_P_01557_RIGHT_CC/1.3.6.1.4.1.9590.100.1.2.12176605211639215630138082851961900822/1.3.6.1.4.1.9590.100.1.2.107360897713717564406875465542927267856/000000.dcm,mass,train,0,BENIGN
P_01557,RIGHT,MLO,mass,BENIGN,Mass-Training_P_01557_RIGHT_MLO/1.3.6.1.4.1.9590.100.1.2.44026382211321875740879783921844130092/1.3.6.1.4.1.9590.100.1.2.130444585411592082221982467883472644100/000000.dcm,mass,train,0,BENIGN
P_01559,RIGHT,MLO,mass,MALIGNANT,Mass-Training_P_01559_RIGHT_MLO/1.3.6.1.4.1.9590.100.1.2.263735054510255557624570781962501058267/1.3.6.1.4.1.9590.100.1.2.155550497511364708026317123900311555763/000000.dcm,mass,train,1,MALIGNANT
P_01560,RIGHT,CC,mass,BENIGN,Mass-Training_P_01560_RIGHT_CC/1.3.6.1.4.1.9590.100.1.2.233027971512075412203334409122504440416/1.3.6.1.4.1.9590.100.1.2.112101278711024457033889312581428483859/000000.dcm,mass,train,0,BENIGN
P_01560,RIGHT,MLO,mass,BENIGN,Mass-Training_P_01560_RIGHT_MLO/1.3.6.1.4.1.9590.100.1.2.380641286012078248020061247230214056326/1.3.6.1.4.1.9590.100.1.2.423418338111627617941958352860375625032/000000.dcm,mass,train,0,BENIGN
P_01564,RIGHT,CC,mass,MALIGNANT,Mass-Training_P_01564_RIGHT_CC/1.3.6.1.4.1.9590.100.1.2.293738074710484916424544057781204999819/1.3.6.1.4.1.9590.100.1.2.429272924712180645117932944751338112650/000000.dcm,mass,train,1,MALIGNANT
P_01564,RIGHT,MLO,mass,MALIGNANT,Mass-Training_P_01564_RIGHT_MLO/1.3.6.1.4.1.9590.100.1.2.939364711000758228342158641338290343/1.3.6.1.4.1.9590.100.1.2.361510015512526913136413449054168104152/000000.dcm,mass,train,1,MALIGNANT
P_01565,RIGHT,CC,mass,BENIGN,Mass-Training_P_01565_RIGHT_CC/1.3.6.1.4.1.9590.100.1.2.66211514310473972021694114840685676524/1.3.6.1.4.1.9590.100.1.2.142344826313488643220133946222507973443/000000.dcm,mass,train,0,BENIGN
P_01565,RIGHT,MLO,mass,BENIGN,Mass-Training_P_01565_RIGHT_MLO/1.3.6.1.4.1.9590.100.1.2.12141403811482296416803628950292207533/1.3.6.1.4.1.9590.100.1.2.54589971912845806600662511713175024068/000000.dcm,mass,train,0,BENIGN
P_01567,LEFT,MLO,mass,BENIGN,Mass-Training_P_01567_LEFT_MLO/1.3.6.1.4.1.9590.100.1.2.124799088211860151423414619054186555605/1.3.6.1.4.1.9590.100.1.2.255017621313106640527939798162564871905/000000.dcm,mass,train,0,BENIGN
P_01572,RIGHT,CC,mass,BENIGN,Mass-Training_P_01572_RIGHT_CC/1.3.6.1.4.1.9590.100.1.2.279280482211510303624657721871879543681/1.3.6.1.4.1.9590.100.1.2.159559579512083316010474042092089033078/000000.dcm,mass,train,0,BENIGN
P_01572,RIGHT,MLO,mass,BENIGN,Mass-Training_P_01572_RIGHT_MLO/1.3.6.1.4.1.9590.100.1.2.63951197613474889806172361521329987007/1.3.6.1.4.1.9590.100.1.2.416023076012080833905740875610727249164/000000.dcm,mass,train,0,BENIGN
P_01573,RIGHT,CC,mass,MALIGNANT,Mass-Training_P_01573_RIGHT_CC/1.3.6.1.4.1.9590.100.1.2.70473175912929927106611329573779780053/1.3.6.1.4.1.9590.100.1.2.380769145513002751412997507942250308234/000000.dcm,mass,train,1,MALIGNANT
P_01573,RIGHT,MLO,mass,MALIGNANT,Mass-Training_P_01573_RIGHT_MLO/1.3.6.1.4.1.9590.100.1.2.199523488211144313519124218233032488334/1.3.6.1.4.1.9590.100.1.2.362699455913932408830638593430497146185/000000.dcm,mass,train,1,MALIGNANT
P_01581,LEFT,CC,mass,BENIGN,Mass-Training_P_01581_LEFT_CC/1.3.6.1.4.1.9590.100.1.2.222260092711284346100093405691150954900/1.3.6.1.4.1.9590.100.1.2.344221963411161539011818472292368930034/000000.dcm,mass,train,0,BENIGN
P_01581,LEFT,MLO,mass,BENIGN,Mass-Training_P_01581_LEFT_MLO/1.3.6.1.4.1.9590.100.1.2.93117956711892676510742099483501694961/1.3.6.1.4.1.9590.100.1.2.194084118912652164632677195583265936023/000000.dcm,mass,train,0,BENIGN
P_01583,RIGHT,MLO,mass,BENIGN,Mass-Training_P_01583_RIGHT_MLO/1.3.6.1.4.1.9590.100.1.2.399452473711774494135991978560674473804/1.3.6.1.4.1.9590.100.1.2.129529196611590670528115209440757460485/000000.dcm,mass,train,0,BENIGN
P_01589,LEFT,CC,mass,MALIGNANT,Mass-Training_P_01589_LEFT_CC/1.3.6.1.4.1.9590.100.1.2.243084934311435985213516588974130114319/1.3.6.1.4.1.9590.100.1.2.311575927712504734306348916741325595887/000000.dcm,mass,train,1,MALIGNANT
P_01589,LEFT,MLO,mass,MALIGNANT,Mass-Training_P_01589_LEFT_MLO/1.3.6.1.4.1.9590.100.1.2.279477671813350038041224869180134187314/1.3.6.1.4.1.9590.100.1.2.229604156812957526940565152251405901053/000000.dcm,mass,train,1,MALIGNANT
P_01591,LEFT,CC,mass,MALIGNANT,Mass-Training_P_01591_LEFT_CC/1.3.6.1.4.1.9590.100.1.2.322190680813273106222608237170693885885/1.3.6.1.4.1.9590.100.1.2.350517798512131225026409122701622110184/000000.dcm,mass,train,1,MALIGNANT
P_01591,LEFT,MLO,mass,MALIGNANT,Mass-Training_P_01591_LEFT_MLO/1.3.6.1.4.1.9590.100.1.2.426228009211621001324005569692860657207/1.3.6.1.4.1.9590.100.1.2.95034519311634764136571565170699722402/000000.dcm,mass,train,1,MALIGNANT
P_01593,LEFT,CC,mass,MALIGNANT,Mass-Training_P_01593_LEFT_CC/1.3.6.1.4.1.9590.100.1.2.40969644812351465017541139513635785301/1.3.6.1.4.1.9590.100.1.2.418259643110644642039983722590451171445/000000.dcm,mass,train,1,MALIGNANT
P_01593,LEFT,MLO,mass,MALIGNANT,Mass-Training_P_01593_LEFT_MLO/1.3.6.1.4.1.9590.100.1.2.173703896413397362503320657013025991924/1.3.6.1.4.1.9590.100.1.2.396178191110460835408694483283901250731/000000.dcm,mass,train,1,MALIGNANT
P_01596,RIGHT,MLO,mass,MALIGNANT,Mass-Training_P_01596_RIGHT_MLO/1.3.6.1.4.1.9590.100.1.2.424165130412472204714532189770312196300/1.3.6.1.4.1.9590.100.1.2.336044071011107523906864513591103608112/000000.dcm,mass,train,1,MALIGNANT
P_01596,RIGHT,MLO,mass,MALIGNANT,Mass-Training_P_01596_RIGHT_MLO/1.3.6.1.4.1.9590.100.1.2.424165130412472204714532189770312196300/1.3.6.1.4.1.9590.100.1.2.336044071011107523906864513591103608112/000000.dcm,mass,train,1,MALIGNANT
P_01600,RIGHT,CC,mass,MALIGNANT,Mass-Training_P_01600_RIGHT_CC/1.3.6.1.4.1.9590.100.1.2.142646928413057883802291792842128040743/1.3.6.1.4.1.9590.100.1.2.358324866013494251003395178861808166302/000000.dcm,mass,train,1,MALIGNANT
P_01600,RIGHT,MLO,mass,MALIGNANT,Mass-Training_P_01600_RIGHT_MLO/1.3.6.1.4.1.9590.100.1.2.157093421912734634928867519350272758009/1.3.6.1.4.1.9590.100.1.2.132500902011360412524019406081490884813/000000.dcm,mass,train,1,MALIGNANT
P_01600,RIGHT,MLO,mass,MALIGNANT,Mass-Training_P_01600_RIGHT_MLO/1.3.6.1.4.1.9590.100.1.2.157093421912734634928867519350272758009/1.3.6.1.4.1.9590.100.1.2.132500902011360412524019406081490884813/000000.dcm,mass,train,1,MALIGNANT
P_01604,LEFT,CC,mass,MALIGNANT,Mass-Training_P_01604_LEFT_CC/1.3.6.1.4.1.9590.100.1.2.203729130811658201203960508261487767744/1.3.6.1.4.1.9590.100.1.2.244372785111268123236187043051295644391/000000.dcm,mass,train,1,MALIGNANT
P_01604,LEFT,MLO,mass,MALIGNANT,Mass-Training_P_01604_LEFT_MLO/1.3.6.1.4.1.9590.100.1.2.113532720311353960432587153242762412337/1.3.6.1.4.1.9590.100.1.2.321571514713247316135159699532641256508/000000.dcm,mass,train,1,MALIGNANT
P_01606,RIGHT,MLO,mass,MALIGNANT,Mass-Training_P_01606_RIGHT_MLO/1.3.6.1.4.1.9590.100.1.2.207554610412444724724945317490720966379/1.3.6.1.4.1.9590.100.1.2.126755783111508380316432377851876372912/000000.dcm,mass,train,1,MALIGNANT
P_01608,RIGHT,CC,mass,BENIGN,Mass-Training_P_01608_RIGHT_CC/1.3.6.1.4.1.9590.100.1.2.11363170411068165135568480231536171411/1.3.6.1.4.1.9590.100.1.2.245629699412487934826630043082456879548/000000.dcm,mass,train,0,BENIGN
P_01608,RIGHT,MLO,mass,BENIGN,Mass-Training_P_01608_RIGHT_MLO/1.3.6.1.4.1.9590.100.1.2.155302175711016114141919369313009118254/1.3.6.1.4.1.9590.100.1.2.392488603211344890628083772650111649786/000000.dcm,mass,train,0,BENIGN
P_01611,RIGHT,CC,mass,BENIGN,Mass-Training_P_01611_RIGHT_CC/1.3.6.1.4.1.9590.100.1.2.241654700511714626514949661641688333311/1.3.6.1.4.1.9590.100.1.2.69745952012889155812092274262822416242/000000.dcm,mass,train,0,BENIGN
P_01611,RIGHT,MLO,mass,BENIGN,Mass-Training_P_01611_RIGHT_MLO/1.3.6.1.4.1.9590.100.1.2.20014178211942000633038306592747347722/1.3.6.1.4.1.9590.100.1.2.28994390011193705314585586210966915731/000000.dcm,mass,train,0,BENIGN
P_01612,LEFT,CC,mass,BENIGN,Mass-Training_P_01612_LEFT_CC/1.3.6.1.4.1.9590.100.1.2.106890974011018447527269328641351001526/1.3.6.1.4.1.9590.100.1.2.6999357311007552812325812820232058556/000000.dcm,mass,train,0,BENIGN
P_01612,LEFT,MLO,mass,BENIGN,Mass-Training_P_01612_LEFT_MLO/1.3.6.1.4.1.9590.100.1.2.139918267513516432106928966661848755380/1.3.6.1.4.1.9590.100.1.2.334267647111477037330149142310079137997/000000.dcm,mass,train,0,BENIGN
P_01613,LEFT,CC,mass,BENIGN,Mass-Training_P_01613_LEFT_CC/1.3.6.1.4.1.9590.100.1.2.377584513211391597007037523410180321806/1.3.6.1.4.1.9590.100.1.2.417736898512050606627443457703960665791/000000.dcm,mass,train,0,BENIGN
P_01613,LEFT,MLO,mass,BENIGN,Mass-Training_P_01613_LEFT_MLO/1.3.6.1.4.1.9590.100.1.2.387962824911868826605926803262464712001/1.3.6.1.4.1.9590.100.1.2.210300122413242416033689056272809864377/000000.dcm,mass,train,0,BENIGN
P_01619,LEFT,CC,mass,BENIGN,Mass-Training_P_01619_LEFT_CC/1.3.6.1.4.1.9590.100.1.2.176870810911619446741966984970171093704/1.3.6.1.4.1.9590.100.1.2.261521794613721978940690958173191292096/000000.dcm,mass,train,0,BENIGN
P_01619,LEFT,MLO,mass,BENIGN,Mass-Training_P_01619_LEFT_MLO/1.3.6.1.4.1.9590.100.1.2.314365643711781414504765068071184745790/1.3.6.1.4.1.9590.100.1.2.25375892213900651026885971294019504132/000000.dcm,mass,train,0,BENIGN
P_01620,RIGHT,CC,mass,BENIGN,Mass-Training_P_01620_RIGHT_CC/1.3.6.1.4.1.9590.100.1.2.200385104012366926121803331990879846277/1.3.6.1.4.1.9590.100.1.2.355784709512717039526063735460090665012/000000.dcm,mass,train,0,BENIGN
P_01620,RIGHT,MLO,mass,BENIGN,Mass-Training_P_01620_RIGHT_MLO/1.3.6.1.4.1.9590.100.1.2.195874650612342885400176603513312119631/1.3.6.1.4.1.9590.100.1.2.26328160312807915105944979513644204307/000000.dcm,mass,train,0,BENIGN
P_01621,RIGHT,CC,mass,BENIGN,Mass-Training_P_01621_RIGHT_CC/1.3.6.1.4.1.9590.100.1.2.304454455712662014730761012712174557866/1.3.6.1.4.1.9590.100.1.2.393540200811993411831560257320707365010/000000.dcm,mass,train,0,BENIGN
P_01621,RIGHT,MLO,mass,BENIGN,Mass-Training_P_01621_RIGHT_MLO/1.3.6.1.4.1.9590.100.1.2.201607603912257124322684965674122300676/1.3.6.1.4.1.9590.100.1.2.128235415910764098233563211722593019632/000000.dcm,mass,train,0,BENIGN
P_01630,RIGHT,MLO,mass,BENIGN,Mass-Training_P_01630_RIGHT_MLO/1.3.6.1.4.1.9590.100.1.2.96712576013857758730361890663000796969/1.3.6.1.4.1.9590.100.1.2.241913331211544797634314927870155206169/000000.dcm,mass,train,0,BENIGN
P_01632,LEFT,CC,mass,BENIGN_WITHOUT_CALLBACK,Mass-Training_P_01632_LEFT_CC/1.3.6.1.4.1.9590.100.1.2.221594789011145888829339063340337630568/1.3.6.1.4.1.9590.100.1.2.397720794713249394831769852762428926860/000000.dcm,mass,train,0,BENIGN
P_01632,LEFT,CC,mass,BENIGN_WITHOUT_CALLBACK,Mass-Training_P_01632_LEFT_CC/1.3.6.1.4.1.9590.100.1.2.221594789011145888829339063340337630568/1.3.6.1.4.1.9590.100.1.2.397720794713249394831769852762428926860/000000.dcm,mass,train,0,BENIGN
P_01632,LEFT,MLO,mass,BENIGN_WITHOUT_CALLBACK,Mass-Training_P_01632_LEFT_MLO/1.3.6.1.4.1.9590.100.1.2.37983695012120008630808344351356539896/1.3.6.1.4.1.9590.100.1.2.152777647511283470839144395870634142142/000000.dcm,mass,train,0,BENIGN
P_01632,LEFT,MLO,mass,BENIGN_WITHOUT_CALLBACK,Mass-Training_P_01632_LEFT_MLO/1.3.6.1.4.1.9590.100.1.2.37983695012120008630808344351356539896/1.3.6.1.4.1.9590.100.1.2.152777647511283470839144395870634142142/000000.dcm,mass,train,0,BENIGN
P_01632,RIGHT,CC,mass,MALIGNANT,Mass-Training_P_01632_RIGHT_CC/1.3.6.1.4.1.9590.100.1.2.245093865812098999218118488340510738161/1.3.6.1.4.1.9590.100.1.2.256911302712545834712789594891981521682/000000.dcm,mass,train,1,MALIGNANT
P_01632,RIGHT,MLO,mass,MALIGNANT,Mass-Training_P_01632_RIGHT_MLO/1.3.6.1.4.1.9590.100.1.2.330652099212109112633518224833181582515/1.3.6.1.4.1.9590.100.1.2.174014585211651496903314748162396558249/000000.dcm,mass,train,1,MALIGNANT
P_01633,RIGHT,CC,mass,MALIGNANT,Mass-Training_P_01633_RIGHT_CC/1.3.6.1.4.1.9590.100.1.2.335421991111732729600551026081518452923/1.3.6.1.4.1.9590.100.1.2.35590170712015951402001860292316082102/000000.dcm,mass,train,1,MALIGNANT
P_01633,RIGHT,MLO,mass,MALIGNANT,Mass-Training_P_01633_RIGHT_MLO/1.3.6.1.4.1.9590.100.1.2.144696587911849184403998527331137093993/1.3.6.1.4.1.9590.100.1.2.218039118912098497207787511673044468477/000000.dcm,mass,train,1,MALIGNANT
P_01634,LEFT,CC,mass,MALIGNANT,Mass-Training_P_01634_LEFT_CC/1.3.6.1.4.1.9590.100.1.2.402317528911905169726243012210855462033/1.3.6.1.4.1.9590.100.1.2.143895727413987977609375947630248085794/000000.dcm,mass,train,1,MALIGNANT
P_01634,LEFT,MLO,mass,MALIGNANT,Mass-Training_P_01634_LEFT_MLO/1.3.6.1.4.1.9590.100.1.2.271977018412042014501736408780763208262/1.3.6.1.4.1.9590.100.1.2.205035326412001734142099619001097799248/000000.dcm,mass,train,1,MALIGNANT
P_01635,LEFT,CC,mass,BENIGN_WITHOUT_CALLBACK,Mass-Training_P_01635_LEFT_CC/1.3.6.1.4.1.9590.100.1.2.312302885511838861908635383590740703214/1.3.6.1.4.1.9590.100.1.2.382759899212490555525591376683178735829/000000.dcm,mass,train,0,BENIGN
P_01635,LEFT,MLO,mass,BENIGN_WITHOUT_CALLBACK,Mass-Training_P_01635_LEFT_MLO/1.3.6.1.4.1.9590.100.1.2.173651092313267666907907570013010974110/1.3.6.1.4.1.9590.100.1.2.198038869612079048331342389090875295128/000000.dcm,mass,train,0,BENIGN
P_01635,RIGHT,CC,mass,BENIGN_WITHOUT_CALLBACK,Mass-Training_P_01635_RIGHT_CC/1.3.6.1.4.1.9590.100.1.2.265195496811646451628830900570052651322/1.3.6.1.4.1.9590.100.1.2.421240757211052274135489665532712199918/000000.dcm,mass,train,0,BENIGN
P_01635,RIGHT,MLO,mass,BENIGN_WITHOUT_CALLBACK,Mass-Training_P_01635_RIGHT_MLO/1.3.6.1.4.1.9590.100.1.2.192333091013615876632338884061137923761/1.3.6.1.4.1.9590.100.1.2.81477356811861181220935482001650306572/000000.dcm,mass,train,0,BENIGN
P_01636,RIGHT,MLO,mass,MALIGNANT,Mass-Training_P_01636_RIGHT_MLO/1.3.6.1.4.1.9590.100.1.2.70170201111348693135249877801086603504/1.3.6.1.4.1.9590.100.1.2.277361223711626264434114039573876582751/000000.dcm,mass,train,1,MALIGNANT
P_01637,LEFT,MLO,mass,BENIGN,Mass-Training_P_01637_LEFT_MLO/1.3.6.1.4.1.9590.100.1.2.417927531911516234740408915370239012101/1.3.6.1.4.1.9590.100.1.2.257125356513344819041654017400318916287/000000.dcm,mass,train,0,BENIGN
P_01638,RIGHT,CC,mass,BENIGN,Mass-Training_P_01638_RIGHT_CC/1.3.6.1.4.1.9590.100.1.2.110348825212091899308567407602286284017/1.3.6.1.4.1.9590.100.1.2.113520701010845494417306400603477997325/000000.dcm,mass,train,0,BENIGN
P_01638,RIGHT,MLO,mass,BENIGN,Mass-Training_P_01638_RIGHT_MLO/1.3.6.1.4.1.9590.100.1.2.341561652411702469027691985251856974899/1.3.6.1.4.1.9590.100.1.2.386991383712188443442722182602752682136/000000.dcm,mass,train,0,BENIGN
P_01641,LEFT,CC,mass,MALIGNANT,Mass-Training_P_01641_LEFT_CC/1.3.6.1.4.1.9590.100.1.2.395153834112985849636120254813544057361/1.3.6.1.4.1.9590.100.1.2.164018835411132907128476003104160322102/000000.dcm,mass,train,1,MALIGNANT
P_01641,LEFT,MLO,mass,MALIGNANT,Mass-Training_P_01641_LEFT_MLO/1.3.6.1.4.1.9590.100.1.2.219352760311262375214184201331104411678/1.3.6.1.4.1.9590.100.1.2.423231217313173838131026205790640709929/000000.dcm,mass,train,1,MALIGNANT
P_01642,RIGHT,CC,mass,MALIGNANT,Mass-Training_P_01642_RIGHT_CC/1.3.6.1.4.1.9590.100.1.2.312409585911962315505322456550913942253/1.3.6.1.4.1.9590.100.1.2.197106573412873106303371015033275553782/000000.dcm,mass,train,1,MALIGNANT
P_01642,RIGHT,MLO,mass,MALIGNANT,Mass-Training_P_01642_RIGHT_MLO/1.3.6.1.4.1.9590.100.1.2.201988476611247972535854880260121394698/1.3.6.1.4.1.9590.100.1.2.177975320311501953700119425460117452375/000000.dcm,mass,train,1,MALIGNANT
P_01644,LEFT,CC,mass,BENIGN,Mass-Training_P_01644_LEFT_CC/1.3.6.1.4.1.9590.100.1.2.293928944212432857819413677211597250437/1.3.6.1.4.1.9590.100.1.2.68997620512236632317599893761737278860/000000.dcm,mass,train,0,BENIGN
P_01644,LEFT,MLO,mass,BENIGN,Mass-Training_P_01644_LEFT_MLO/1.3.6.1.4.1.9590.100.1.2.78944050112462074127055387380807859384/1.3.6.1.4.1.9590.100.1.2.373282707011960449216083283203138529156/000000.dcm,mass,train,0,BENIGN
P_01644,RIGHT,CC,mass,MALIGNANT,Mass-Training_P_01644_RIGHT_CC/1.3.6.1.4.1.9590.100.1.2.151729959711469118731808838420927713764/1.3.6.1.4.1.9590.100.1.2.426585149212376352035606570522150235343/000000.dcm,mass,train,1,MALIGNANT
P_01644,RIGHT,MLO,mass,MALIGNANT,Mass-Training_P_01644_RIGHT_MLO/1.3.6.1.4.1.9590.100.1.2.170330167112346204210802141843867841336/1.3.6.1.4.1.9590.100.1.2.150586274112163348618526888230648261161/000000.dcm,mass,train,1,MALIGNANT
P_01646,LEFT,CC,mass,MALIGNANT,Mass-Training_P_01646_LEFT_CC/1.3.6.1.4.1.9590.100.1.2.326602245311210105423333188284231805043/1.3.6.1.4.1.9590.100.1.2.198401805612744270313271998910596126739/000000.dcm,mass,train,1,MALIGNANT
P_01646,LEFT,MLO,mass,MALIGNANT,Mass-Training_P_01646_LEFT_MLO/1.3.6.1.4.1.9590.100.1.2.360255918213561795417167364021154005713/1.3.6.1.4.1.9590.100.1.2.108866617111898371226817993133688693886/000000.dcm,mass,train,1,MALIGNANT
P_01649,LEFT,CC,mass,BENIGN,Mass-Training_P_01649_LEFT_CC/1.3.6.1.4.1.9590.100.1.2.148454575911992137809379718731070745150/1.3.6.1.4.1.9590.100.1.2.327655230312565966225285546413557874297/000000.dcm,mass,train,0,BENIGN
P_01650,LEFT,CC,mass,BENIGN,Mass-Training_P_01650_LEFT_CC/1.3.6.1.4.1.9590.100.1.2.102016879911867964629314018581041428170/1.3.6.1.4.1.9590.100.1.2.340176900112618379904570070131663790830/000000.dcm,mass,train,0,BENIGN
P_01650,LEFT,MLO,mass,BENIGN,Mass-Training_P_01650_LEFT_MLO/1.3.6.1.4.1.9590.100.1.2.266448133110605092301313186982161513354/1.3.6.1.4.1.9590.100.1.2.59422632013480698306534357961741191465/000000.dcm,mass,train,0,BENIGN
P_01652,RIGHT,CC,mass,MALIGNANT,Mass-Training_P_01652_RIGHT_CC/1.3.6.1.4.1.9590.100.1.2.58137595612683523016756199842966730273/1.3.6.1.4.1.9590.100.1.2.193388471412891665142148097280465355326/000000.dcm,mass,train,1,MALIGNANT
P_01652,RIGHT,MLO,mass,MALIGNANT,Mass-Training_P_01652_RIGHT_MLO/1.3.6.1.4.1.9590.100.1.2.155477128311691748030352170780111788170/1.3.6.1.4.1.9590.100.1.2.293728369211975468236490743672836489355/000000.dcm,mass,train,1,MALIGNANT
P_01653,RIGHT,MLO,mass,BENIGN_WITHOUT_CALLBACK,Mass-Training_P_01653_RIGHT_MLO/1.3.6.1.4.1.9590.100.1.2.249675023511480809709641268501586918304/1.3.6.1.4.1.9590.100.1.2.168708123611864803310011639121807145719/000000.dcm,mass,train,0,BENIGN
P_01654,RIGHT,CC,mass,MALIGNANT,Mass-Training_P_01654_RIGHT_CC/1.3.6.1.4.1.9590.100.1.2.162600065113173919018782332570477090373/1.3.6.1.4.1.9590.100.1.2.220459760812954633030198434731145904621/000000.dcm,mass,train,1,MALIGNANT
P_01654,RIGHT,MLO,mass,MALIGNANT,Mass-Training_P_01654_RIGHT_MLO/1.3.6.1.4.1.9590.100.1.2.227206214211096369528786249030673354837/1.3.6.1.4.1.9590.100.1.2.76005815911745512701681591193753262513/000000.dcm,mass,train,1,MALIGNANT
P_01656,LEFT,CC,mass,MALIGNANT,Mass-Training_P_01656_LEFT_CC/1.3.6.1.4.1.9590.100.1.2.351036750811913564715528053081872456813/1.3.6.1.4.1.9590.100.1.2.73252707912341102508423261633005345630/000000.dcm,mass,train,1,MALIGNANT
P_01656,LEFT,CC,mass,MALIGNANT,Mass-Training_P_01656_LEFT_CC/1.3.6.1.4.1.9590.100.1.2.351036750811913564715528053081872456813/1.3.6.1.4.1.9590.100.1.2.73252707912341102508423261633005345630/000000.dcm,mass,train,1,MALIGNANT
P_01656,LEFT,MLO,mass,MALIGNANT,Mass-Training_P_01656_LEFT_MLO/1.3.6.1.4.1.9590.100.1.2.60890055811016710913754561713626451496/1.3.6.1.4.1.9590.100.1.2.45181171812179860242410412862000710959/000000.dcm,mass,train,1,MALIGNANT
P_01656,LEFT,MLO,mass,MALIGNANT,Mass-Training_P_01656_LEFT_MLO/1.3.6.1.4.1.9590.100.1.2.60890055811016710913754561713626451496/1.3.6.1.4.1.9590.100.1.2.45181171812179860242410412862000710959/000000.dcm,mass,train,1,MALIGNANT
P_01656,LEFT,MLO,mass,MALIGNANT,Mass-Training_P_01656_LEFT_MLO/1.3.6.1.4.1.9590.100.1.2.60890055811016710913754561713626451496/1.3.6.1.4.1.9590.100.1.2.45181171812179860242410412862000710959/000000.dcm,mass,train,1,MALIGNANT
P_01663,RIGHT,CC,mass,BENIGN,Mass-Training_P_01663_RIGHT_CC/1.3.6.1.4.1.9590.100.1.2.32707028212246017009838654742031097103/1.3.6.1.4.1.9590.100.1.2.303957848512101522805868401990218279006/000000.dcm,mass,train,0,BENIGN
P_01663,RIGHT,MLO,mass,BENIGN,Mass-Training_P_01663_RIGHT_MLO/1.3.6.1.4.1.9590.100.1.2.398313389611591386315098105911070574310/1.3.6.1.4.1.9590.100.1.2.323873351911762283127423474124042969679/000000.dcm,mass,train,0,BENIGN
P_01668,LEFT,CC,mass,MALIGNANT,Mass-Training_P_01668_LEFT_CC/1.3.6.1.4.1.9590.100.1.2.262347012811396717311478117702319238451/1.3.6.1.4.1.9590.100.1.2.187832534011911378915442136440038005023/000000.dcm,mass,train,1,MALIGNANT
P_01668,LEFT,MLO,mass,MALIGNANT,Mass-Training_P_01668_LEFT_MLO/1.3.6.1.4.1.9590.100.1.2.168687489610059623426606680892523913767/1.3.6.1.4.1.9590.100.1.2.246977598212870752926430767692883581128/000000.dcm,mass,train,1,MALIGNANT
P_01669,LEFT,CC,mass,MALIGNANT,Mass-Training_P_01669_LEFT_CC/1.3.6.1.4.1.9590.100.1.2.353118987212409656728323831200492868732/1.3.6.1.4.1.9590.100.1.2.139303772012718913911681962692308180465/000000.dcm,mass,train,1,MALIGNANT
P_01669,LEFT,MLO,mass,MALIGNANT,Mass-Training_P_01669_LEFT_MLO/1.3.6.1.4.1.9590.100.1.2.343091247513023974213928582911528314752/1.3.6.1.4.1.9590.100.1.2.336166961113240798312931567861261557568/000000.dcm,mass,train,1,MALIGNANT
P_01671,LEFT,CC,mass,MALIGNANT,Mass-Training_P_01671_LEFT_CC/1.3.6.1.4.1.9590.100.1.2.288989015311916165012341169953004482518/1.3.6.1.4.1.9590.100.1.2.83087165812778063119543525300880140008/000000.dcm,mass,train,1,MALIGNANT
P_01671,LEFT,MLO,mass,MALIGNANT,Mass-Training_P_01671_LEFT_MLO/1.3.6.1.4.1.9590.100.1.2.229240172312779218815946794483634563620/1.3.6.1.4.1.9590.100.1.2.246774080411150717028683145493724841249/000000.dcm,mass,train,1,MALIGNANT
P_01674,LEFT,CC,mass,MALIGNANT,Mass-Training_P_01674_LEFT_CC/1.3.6.1.4.1.9590.100.1.2.116002485310612195926970298143184062686/1.3.6.1.4.1.9590.100.1.2.21055311313804633718557804970214380283/000000.dcm,mass,train,1,MALIGNANT
P_01675,RIGHT,CC,mass,MALIGNANT,Mass-Training_P_01675_RIGHT_CC/1.3.6.1.4.1.9590.100.1.2.6594735211142338907981751563677375081/1.3.6.1.4.1.9590.100.1.2.364024163112729960621378871112074931708/000000.dcm,mass,train,1,MALIGNANT
P_01675,RIGHT,MLO,mass,MALIGNANT,Mass-Training_P_01675_RIGHT_MLO/1.3.6.1.4.1.9590.100.1.2.100140260013664080912232764341228425331/1.3.6.1.4.1.9590.100.1.2.65297355912072883341514625591784543812/000000.dcm,mass,train,1,MALIGNANT
P_01680,LEFT,MLO,mass,BENIGN,Mass-Training_P_01680_LEFT_MLO/1.3.6.1.4.1.9590.100.1.2.252497164012621654140758004613083634774/1.3.6.1.4.1.9590.100.1.2.89425131010256793914097816543123412421/000000.dcm,mass,train,0,BENIGN
P_01682,LEFT,CC,mass,MALIGNANT,Mass-Training_P_01682_LEFT_CC/1.3.6.1.4.1.9590.100.1.2.290933741313119769719064467394094500077/1.3.6.1.4.1.9590.100.1.2.379825687911615271529856495931027265130/000000.dcm,mass,train,1,MALIGNANT
P_01682,LEFT,MLO,mass,MALIGNANT,Mass-Training_P_01682_LEFT_MLO/1.3.6.1.4.1.9590.100.1.2.28290088812951772010527338342628949977/1.3.6.1.4.1.9590.100.1.2.77956721211037999703279136393091702299/000000.dcm,mass,train,1,MALIGNANT
P_01685,RIGHT,CC,mass,BENIGN,Mass-Training_P_01685_RIGHT_CC/1.3.6.1.4.1.9590.100.1.2.197106929711539773908680631144040647644/1.3.6.1.4.1.9590.100.1.2.141690078312425196829711709851898133059/000000.dcm,mass,train,0,BENIGN
P_01685,RIGHT,MLO,mass,BENIGN,Mass-Training_P_01685_RIGHT_MLO/1.3.6.1.4.1.9590.100.1.2.184581669011186688441743538360679849624/1.3.6.1.4.1.9590.100.1.2.346737023112059737441347004261542315105/000000.dcm,mass,train,0,BENIGN
P_01686,RIGHT,CC,mass,BENIGN,Mass-Training_P_01686_RIGHT_CC/1.3.6.1.4.1.9590.100.1.2.245166781611070181205746075310800497599/1.3.6.1.4.1.9590.100.1.2.67409892012207587532711656111341914913/000000.dcm,mass,train,0,BENIGN
P_01686,RIGHT,MLO,mass,BENIGN,Mass-Training_P_01686_RIGHT_MLO/1.3.6.1.4.1.9590.100.1.2.369956948312876757228654575780388851468/1.3.6.1.4.1.9590.100.1.2.178298986513826602929733741241564678914/000000.dcm,mass,train,0,BENIGN
P_01687,RIGHT,CC,mass,BENIGN,Mass-Training_P_01687_RIGHT_CC/1.3.6.1.4.1.9590.100.1.2.423390226712378601506284446010245654436/1.3.6.1.4.1.9590.100.1.2.264137553211283361808074930462068297097/000000.dcm,mass,train,0,BENIGN
P_01687,RIGHT,MLO,mass,BENIGN,Mass-Training_P_01687_RIGHT_MLO/1.3.6.1.4.1.9590.100.1.2.322928349111919890400050958163079775622/1.3.6.1.4.1.9590.100.1.2.281362808613757744319819657490061233376/000000.dcm,mass,train,0,BENIGN
P_01689,LEFT,MLO,mass,BENIGN,Mass-Training_P_01689_LEFT_MLO/1.3.6.1.4.1.9590.100.1.2.212341644511923169619383789020330504118/1.3.6.1.4.1.9590.100.1.2.27655563411193153813026594573787372096/000000.dcm,mass,train,0,BENIGN
P_01694,RIGHT,CC,mass,MALIGNANT,Mass-Training_P_01694_RIGHT_CC/1.3.6.1.4.1.9590.100.1.2.82543818312112052912367597412850058435/1.3.6.1.4.1.9590.100.1.2.226129505812120883531621472432273169435/000000.dcm,mass,train,1,MALIGNANT
P_01694,RIGHT,MLO,mass,MALIGNANT,Mass-Training_P_01694_RIGHT_MLO/1.3.6.1.4.1.9590.100.1.2.183038577911384043837190478302524296625/1.3.6.1.4.1.9590.100.1.2.113442706011768824426077733690823693046/000000.dcm,mass,train,1,MALIGNANT
P_01698,RIGHT,CC,mass,BENIGN,Mass-Training_P_01698_RIGHT_CC/1.3.6.1.4.1.9590.100.1.2.154635249912018379806867009471692616793/1.3.6.1.4.1.9590.100.1.2.12869627612231993827821925170759563675/000000.dcm,mass,train,0,BENIGN
P_01698,RIGHT,MLO,mass,BENIGN,Mass-Training_P_01698_RIGHT_MLO/1.3.6.1.4.1.9590.100.1.2.59842549412294348101834894401166720942/1.3.6.1.4.1.9590.100.1.2.334251952210807009101936723613306535511/000000.dcm,mass,train,0,BENIGN
P_01701,LEFT,CC,mass,MALIGNANT,Mass-Training_P_01701_LEFT_CC/1.3.6.1.4.1.9590.100.1.2.135567301712399670019337855154026941670/1.3.6.1.4.1.9590.100.1.2.73981681510834344532471573822608492548/000000.dcm,mass,train,1,MALIGNANT
P_01701,LEFT,MLO,mass,MALIGNANT,Mass-Training_P_01701_LEFT_MLO/1.3.6.1.4.1.9590.100.1.2.315724761613704366924155967133352082735/1.3.6.1.4.1.9590.100.1.2.92377848213012493428410717790585677790/000000.dcm,mass,train,1,MALIGNANT
P_01702,RIGHT,CC,mass,BENIGN,Mass-Training_P_01702_RIGHT_CC/1.3.6.1.4.1.9590.100.1.2.36130480812062263638399187690889621764/1.3.6.1.4.1.9590.100.1.2.348270716610650763428354323352429855657/000000.dcm,mass,train,0,BENIGN
P_01702,RIGHT,MLO,mass,BENIGN,Mass-Training_P_01702_RIGHT_MLO/1.3.6.1.4.1.9590.100.1.2.64903711811601405435873333030647385051/1.3.6.1.4.1.9590.100.1.2.293038857911312173107160364921364678470/000000.dcm,mass,train,0,BENIGN
P_01710,LEFT,CC,mass,BENIGN,Mass-Training_P_01710_LEFT_CC/1.3.6.1.4.1.9590.100.1.2.241473737412983928332987007231846840376/1.3.6.1.4.1.9590.100.1.2.69688454812257584638918432052709217066/000000.dcm,mass,train,0,BENIGN
P_01710,LEFT,MLO,mass,BENIGN,Mass-Training_P_01710_LEFT_MLO/1.3.6.1.4.1.9590.100.1.2.45729605311568527302255374630661063609/1.3.6.1.4.1.9590.100.1.2.147163746211244495732168608452246150997/000000.dcm,mass,train,0,BENIGN
P_01712,LEFT,CC,mass,BENIGN,Mass-Training_P_01712_LEFT_CC/1.3.6.1.4.1.9590.100.1.2.349355086510210919729388305103905775760/1.3.6.1.4.1.9590.100.1.2.291017408410243382531906013574257188846/000000.dcm,mass,train,0,BENIGN
P_01712,LEFT,MLO,mass,BENIGN,Mass-Training_P_01712_LEFT_MLO/1.3.6.1.4.1.9590.100.1.2.236861820911232592214741961191864399985/1.3.6.1.4.1.9590.100.1.2.343795299011463113000874569464265754436/000000.dcm,mass,train,0,BENIGN
P_01712,RIGHT,CC,mass,BENIGN,Mass-Training_P_01712_RIGHT_CC/1.3.6.1.4.1.9590.100.1.2.105079035211489644530285861152191845871/1.3.6.1.4.1.9590.100.1.2.31259250512210677619929353413444550889/000000.dcm,mass,train,0,BENIGN
P_01712,RIGHT,MLO,mass,BENIGN,Mass-Training_P_01712_RIGHT_MLO/1.3.6.1.4.1.9590.100.1.2.212150872112292835207736861500108910359/1.3.6.1.4.1.9590.100.1.2.107751848713697696607707227450395136936/000000.dcm,mass,train,0,BENIGN
P_01714,RIGHT,CC,mass,BENIGN,Mass-Training_P_01714_RIGHT_CC/1.3.6.1.4.1.9590.100.1.2.269931560011677205920554960732789014472/1.3.6.1.4.1.9590.100.1.2.348868297212093775021413390350222938098/000000.dcm,mass,train,0,BENIGN
P_01714,RIGHT,MLO,mass,BENIGN,Mass-Training_P_01714_RIGHT_MLO/1.3.6.1.4.1.9590.100.1.2.259859961910917185216843311892900352243/1.3.6.1.4.1.9590.100.1.2.364060989011924906113973441401696933428/000000.dcm,mass,train,0,BENIGN
P_01715,RIGHT,CC,mass,BENIGN,Mass-Training_P_01715_RIGHT_CC/1.3.6.1.4.1.9590.100.1.2.390978987812771996238443081211837405507/1.3.6.1.4.1.9590.100.1.2.139898770210050527323771373160292431627/000000.dcm,mass,train,0,BENIGN
P_01715,RIGHT,MLO,mass,BENIGN,Mass-Training_P_01715_RIGHT_MLO/1.3.6.1.4.1.9590.100.1.2.38349378011439445538249719600806022885/1.3.6.1.4.1.9590.100.1.2.73030337512457320122950127983637154516/000000.dcm,mass,train,0,BENIGN
P_01717,LEFT,CC,mass,BENIGN_WITHOUT_CALLBACK,Mass-Training_P_01717_LEFT_CC/1.3.6.1.4.1.9590.100.1.2.227663442513111664814025148250804483871/1.3.6.1.4.1.9590.100.1.2.368829861911576282017756338212676894767/000000.dcm,mass,train,0,BENIGN
P_01717,LEFT,MLO,mass,BENIGN_WITHOUT_CALLBACK,Mass-Training_P_01717_LEFT_MLO/1.3.6.1.4.1.9590.100.1.2.161995805412433228618992815892651215549/1.3.6.1.4.1.9590.100.1.2.161648718612990474133366465783157220339/000000.dcm,mass,train,0,BENIGN
P_01720,RIGHT,CC,mass,BENIGN,Mass-Training_P_01720_RIGHT_CC/1.3.6.1.4.1.9590.100.1.2.69343452611004985721368651552903382718/1.3.6.1.4.1.9590.100.1.2.241213639112627717226706279733585932152/000000.dcm,mass,train,0,BENIGN
P_01720,RIGHT,MLO,mass,BENIGN,Mass-Training_P_01720_RIGHT_MLO/1.3.6.1.4.1.9590.100.1.2.43010929612886703701725541632336787231/1.3.6.1.4.1.9590.100.1.2.150323819612132441535723590422155837976/000000.dcm,mass,train,0,BENIGN
P_01725,RIGHT,CC,mass,MALIGNANT,Mass-Training_P_01725_RIGHT_CC/1.3.6.1.4.1.9590.100.1.2.302959967213988795741747567471177468111/1.3.6.1.4.1.9590.100.1.2.361538391211564251229257821720576027765/000000.dcm,mass,train,1,MALIGNANT
P_01725,RIGHT,MLO,mass,MALIGNANT,Mass-Training_P_01725_RIGHT_MLO/1.3.6.1.4.1.9590.100.1.2.368269668213145852319650758580637671342/1.3.6.1.4.1.9590.100.1.2.247417861712820563602172120873369897997/000000.dcm,mass,train,1,MALIGNANT
P_01733,RIGHT,MLO,mass,BENIGN,Mass-Training_P_01733_RIGHT_MLO/1.3.6.1.4.1.9590.100.1.2.87137846611126793700448321431655225716/1.3.6.1.4.1.9590.100.1.2.392171542011764659539911676220252381146/000000.dcm,mass,train,0,BENIGN
P_01735,RIGHT,CC,mass,MALIGNANT,Mass-Training_P_01735_RIGHT_CC/1.3.6.1.4.1.9590.100.1.2.167329236813141870419639543551157518034/1.3.6.1.4.1.9590.100.1.2.426409412812409195109420025761008801742/000000.dcm,mass,train,1,MALIGNANT
P_01735,RIGHT,MLO,mass,MALIGNANT,Mass-Training_P_01735_RIGHT_MLO/1.3.6.1.4.1.9590.100.1.2.211316404513563477616998071040558538171/1.3.6.1.4.1.9590.100.1.2.288973280512087607133132579092497567120/000000.dcm,mass,train,1,MALIGNANT
P_01737,RIGHT,CC,mass,BENIGN,Mass-Training_P_01737_RIGHT_CC/1.3.6.1.4.1.9590.100.1.2.143487674812886559436493894992868928858/1.3.6.1.4.1.9590.100.1.2.83752007111221892540838447654069069225/000000.dcm,mass,train,0,BENIGN
P_01737,RIGHT,MLO,mass,BENIGN,Mass-Training_P_01737_RIGHT_MLO/1.3.6.1.4.1.9590.100.1.2.163431091210488237715452010691997658530/1.3.6.1.4.1.9590.100.1.2.362096355311749880109413095802268936069/000000.dcm,mass,train,0,BENIGN
P_01739,LEFT,CC,mass,BENIGN,Mass-Training_P_01739_LEFT_CC/1.3.6.1.4.1.9590.100.1.2.221856375511001861302920257411398192779/1.3.6.1.4.1.9590.100.1.2.388817403211989648609566063780661098092/000000.dcm,mass,train,0,BENIGN
P_01739,LEFT,MLO,mass,BENIGN,Mass-Training_P_01739_LEFT_MLO/1.3.6.1.4.1.9590.100.1.2.104199577911638672332574793490988324745/1.3.6.1.4.1.9590.100.1.2.53257343411379408834576408930551580268/000000.dcm,mass,train,0,BENIGN
P_01739,RIGHT,CC,mass,BENIGN,Mass-Training_P_01739_RIGHT_CC/1.3.6.1.4.1.9590.100.1.2.64854497411972148700434592583931826922/1.3.6.1.4.1.9590.100.1.2.147787526813244054224634751141770840380/000000.dcm,mass,train,0,BENIGN
P_01739,RIGHT,MLO,mass,BENIGN,Mass-Training_P_01739_RIGHT_MLO/1.3.6.1.4.1.9590.100.1.2.264966582012715085728300604521593539818/1.3.6.1.4.1.9590.100.1.2.287955945312594392121958885674105014184/000000.dcm,mass,train,0,BENIGN
P_01744,LEFT,MLO,mass,MALIGNANT,Mass-Training_P_01744_LEFT_MLO/1.3.6.1.4.1.9590.100.1.2.159296659312496276234712526403965406069/1.3.6.1.4.1.9590.100.1.2.349631263412733169813478724241195106333/000000.dcm,mass,train,1,MALIGNANT
P_01745,RIGHT,MLO,mass,MALIGNANT,Mass-Training_P_01745_RIGHT_MLO/1.3.6.1.4.1.9590.100.1.2.154006870011034639617098077514272741934/1.3.6.1.4.1.9590.100.1.2.212336070411287551012541326683809622945/000000.dcm,mass,train,1,MALIGNANT
P_01749,LEFT,CC,mass,BENIGN,Mass-Training_P_01749_LEFT_CC/1.3.6.1.4.1.9590.100.1.2.414394310412410937833917580141672945622/1.3.6.1.4.1.9590.100.1.2.265605356712090528205598534831893956192/000000.dcm,mass,train,0,BENIGN
P_01749,LEFT,MLO,mass,BENIGN,Mass-Training_P_01749_LEFT_MLO/1.3.6.1.4.1.9590.100.1.2.307605719911641268009644768273411305213/1.3.6.1.4.1.9590.100.1.2.75668329611112631828603828991797511086/000000.dcm,mass,train,0,BENIGN
P_01751,LEFT,CC,mass,BENIGN,Mass-Training_P_01751_LEFT_CC/1.3.6.1.4.1.9590.100.1.2.124437671911866814112075480642008869007/1.3.6.1.4.1.9590.100.1.2.89380153312835349441743238493754344206/000000.dcm,mass,train,0,BENIGN
P_01751,LEFT,MLO,mass,BENIGN,Mass-Training_P_01751_LEFT_MLO/1.3.6.1.4.1.9590.100.1.2.270015772013219006630630422373817000806/1.3.6.1.4.1.9590.100.1.2.17179439612364242913491828612897592599/000000.dcm,mass,train,0,BENIGN
P_01753,RIGHT,CC,mass,MALIGNANT,Mass-Training_P_01753_RIGHT_CC/1.3.6.1.4.1.9590.100.1.2.213019779713949817834177937181276062326/1.3.6.1.4.1.9590.100.1.2.276676868013258146141684133623086261949/000000.dcm,mass,train,1,MALIGNANT
P_01753,RIGHT,MLO,mass,MALIGNANT,Mass-Training_P_01753_RIGHT_MLO/1.3.6.1.4.1.9590.100.1.2.422943201312664005407723544670659858042/1.3.6.1.4.1.9590.100.1.2.158164935212165043120376357330832910201/000000.dcm,mass,train,1,MALIGNANT
P_01754,RIGHT,CC,mass,MALIGNANT,Mass-Training_P_01754_RIGHT_CC/1.3.6.1.4.1.9590.100.1.2.161516517311681906612443997862211969669/1.3.6.1.4.1.9590.100.1.2.248386742010678582309005372213277814849/000000.dcm,mass,train,1,MALIGNANT
P_01754,RIGHT,MLO,mass,MALIGNANT,Mass-Training_P_01754_RIGHT_MLO/1.3.6.1.4.1.9590.100.1.2.370236004711622627433158301812878205007/1.3.6.1.4.1.9590.100.1.2.147146643611798475428179365424197554020/000000.dcm,mass,train,1,MALIGNANT
P_01755,RIGHT,CC,mass,BENIGN_WITHOUT_CALLBACK,Mass-Training_P_01755_RIGHT_CC/1.3.6.1.4.1.9590.100.1.2.47649875513511063312812069481158147363/1.3.6.1.4.1.9590.100.1.2.329937826112576512207210758762324950579/000000.dcm,mass,train,0,BENIGN
P_01755,RIGHT,MLO,mass,BENIGN_WITHOUT_CALLBACK,Mass-Training_P_01755_RIGHT_MLO/1.3.6.1.4.1.9590.100.1.2.352110018811446066523491163482343005170/1.3.6.1.4.1.9590.100.1.2.158167540111402988020629106433871474335/000000.dcm,mass,train,0,BENIGN
P_01757,RIGHT,CC,mass,BENIGN,Mass-Training_P_01757_RIGHT_CC/1.3.6.1.4.1.9590.100.1.2.120155559212697412402248846631284749500/1.3.6.1.4.1.9590.100.1.2.327387078711475982721920741524139499720/000000.dcm,mass,train,0,BENIGN
P_01757,RIGHT,MLO,mass,BENIGN,Mass-Training_P_01757_RIGHT_MLO/1.3.6.1.4.1.9590.100.1.2.393618374213868492702347360441895450905/1.3.6.1.4.1.9590.100.1.2.41989107611765694601775510150758654763/000000.dcm,mass,train,0,BENIGN
P_01761,LEFT,CC,mass,MALIGNANT,Mass-Training_P_01761_LEFT_CC/1.3.6.1.4.1.9590.100.1.2.185980712212841852742105027931646036476/1.3.6.1.4.1.9590.100.1.2.94855395812079770126816595643794643222/000000.dcm,mass,train,1,MALIGNANT
P_01761,LEFT,MLO,mass,MALIGNANT,Mass-Training_P_01761_LEFT_MLO/1.3.6.1.4.1.9590.100.1.2.194672409610566566200409053641503746489/1.3.6.1.4.1.9590.100.1.2.171086958412340436700930910010748351795/000000.dcm,mass,train,1,MALIGNANT
P_01768,LEFT,CC,mass,MALIGNANT,Mass-Training_P_01768_LEFT_CC/1.3.6.1.4.1.9590.100.1.2.285580401611863091424878565491429677842/1.3.6.1.4.1.9590.100.1.2.146628635011929147902065931971286301658/000000.dcm,mass,train,1,MALIGNANT
P_01768,LEFT,MLO,mass,MALIGNANT,Mass-Training_P_01768_LEFT_MLO/1.3.6.1.4.1.9590.100.1.2.402664381511660126529273591301682818162/1.3.6.1.4.1.9590.100.1.2.129036127112464149631798606681001263060/000000.dcm,mass,train,1,MALIGNANT
P_01775,LEFT,MLO,mass,MALIGNANT,Mass-Training_P_01775_LEFT_MLO/1.3.6.1.4.1.9590.100.1.2.11230929312058407824753074273032065941/1.3.6.1.4.1.9590.100.1.2.239662930011406314903778231512720352112/000000.dcm,mass,train,1,MALIGNANT
P_01776,RIGHT,CC,mass,BENIGN,Mass-Training_P_01776_RIGHT_CC/1.3.6.1.4.1.9590.100.1.2.416869666812417907235193071371011234414/1.3.6.1.4.1.9590.100.1.2.270448668111592101400715897741647648945/000000.dcm,mass,train,0,BENIGN
P_01776,RIGHT,MLO,mass,BENIGN,Mass-Training_P_01776_RIGHT_MLO/1.3.6.1.4.1.9590.100.1.2.188013641513581634200511138893511285115/1.3.6.1.4.1.9590.100.1.2.374524690313732405614119264610057663073/000000.dcm,mass,train,0,BENIGN
P_01780,LEFT,CC,mass,MALIGNANT,Mass-Training_P_01780_LEFT_CC/1.3.6.1.4.1.9590.100.1.2.227470225111329019501178600010492301733/1.3.6.1.4.1.9590.100.1.2.309821214911630430905465276412969932117/000000.dcm,mass,train,1,MALIGNANT
P_01780,LEFT,MLO,mass,MALIGNANT,Mass-Training_P_01780_LEFT_MLO/1.3.6.1.4.1.9590.100.1.2.365638027913162111131789848692030338082/1.3.6.1.4.1.9590.100.1.2.398793644911131524114623794323678748526/000000.dcm,mass,train,1,MALIGNANT
P_01785,RIGHT,CC,mass,BENIGN,Mass-Training_P_01785_RIGHT_CC/1.3.6.1.4.1.9590.100.1.2.403398907412973636312532632710909452101/1.3.6.1.4.1.9590.100.1.2.20212308611474601739977355683144673897/000000.dcm,mass,train,0,BENIGN
P_01785,RIGHT,MLO,mass,BENIGN,Mass-Training_P_01785_RIGHT_MLO/1.3.6.1.4.1.9590.100.1.2.78406449110550732837953906400810519688/1.3.6.1.4.1.9590.100.1.2.226496395312887740508078232422990396199/000000.dcm,mass,train,0,BENIGN
P_01786,LEFT,CC,mass,BENIGN,Mass-Training_P_01786_LEFT_CC/1.3.6.1.4.1.9590.100.1.2.341965901411842210602498279810975985702/1.3.6.1.4.1.9590.100.1.2.391088729011850205527276097792881907407/000000.dcm,mass,train,0,BENIGN
P_01788,RIGHT,CC,mass,MALIGNANT,Mass-Training_P_01788_RIGHT_CC/1.3.6.1.4.1.9590.100.1.2.213050337110040908123176423992567396721/1.3.6.1.4.1.9590.100.1.2.5181236013935310013662575551285516309/000000.dcm,mass,train,1,MALIGNANT
P_01788,RIGHT,MLO,mass,MALIGNANT,Mass-Training_P_01788_RIGHT_MLO/1.3.6.1.4.1.9590.100.1.2.421300149712101918318872367683844416194/1.3.6.1.4.1.9590.100.1.2.268423762911818542327331296211466557896/000000.dcm,mass,train,1,MALIGNANT
P_01790,LEFT,CC,mass,MALIGNANT,Mass-Training_P_01790_LEFT_CC/1.3.6.1.4.1.9590.100.1.2.31145458912684144321319947770460598701/1.3.6.1.4.1.9590.100.1.2.303505575511389256316344654312567569645/000000.dcm,mass,train,1,MALIGNANT
P_01790,LEFT,MLO,mass,MALIGNANT,Mass-Training_P_01790_LEFT_MLO/1.3.6.1.4.1.9590.100.1.2.192741326011358820038324015934233902252/1.3.6.1.4.1.9590.100.1.2.28587234012045753428082041973144132184/000000.dcm,mass,train,1,MALIGNANT
P_01798,LEFT,CC,mass,BENIGN,Mass-Training_P_01798_LEFT_CC/1.3.6.1.4.1.9590.100.1.2.186111322712406075833417089423263978078/1.3.6.1.4.1.9590.100.1.2.249288692911422206836352244602269722096/000000.dcm,mass,train,0,BENIGN
P_01798,LEFT,MLO,mass,BENIGN,Mass-Training_P_01798_LEFT_MLO/1.3.6.1.4.1.9590.100.1.2.135392578112973182727850942973728764095/1.3.6.1.4.1.9590.100.1.2.64523857513182763328845210913693408348/000000.dcm,mass,train,0,BENIGN
P_01799,LEFT,CC,mass,MALIGNANT,Mass-Training_P_01799_LEFT_CC/1.3.6.1.4.1.9590.100.1.2.86184323211812068328991663602416360581/1.3.6.1.4.1.9590.100.1.2.389200965213160960901833524512921275503/000000.dcm,mass,train,1,MALIGNANT
P_01799,LEFT,MLO,mass,MALIGNANT,Mass-Training_P_01799_LEFT_MLO/1.3.6.1.4.1.9590.100.1.2.146603394611641019507824311520038456460/1.3.6.1.4.1.9590.100.1.2.63012065711309673533466083074151805587/000000.dcm,mass,train,1,MALIGNANT
P_01801,RIGHT,CC,mass,MALIGNANT,Mass-Training_P_01801_RIGHT_CC/1.3.6.1.4.1.9590.100.1.2.419582265012784866110033970532189211775/1.3.6.1.4.1.9590.100.1.2.382912580213452264934816946051837938528/000000.dcm,mass,train,1,MALIGNANT
P_01801,RIGHT,MLO,mass,MALIGNANT,Mass-Training_P_01801_RIGHT_MLO/1.3.6.1.4.1.9590.100.1.2.192942223112125117715436796200223343140/1.3.6.1.4.1.9590.100.1.2.308915153813280772336192648964051383488/000000.dcm,mass,train,1,MALIGNANT
P_01802,LEFT,MLO,mass,BENIGN,Mass-Training_P_01802_LEFT_MLO/1.3.6.1.4.1.9590.100.1.2.409327717211536444123715790101703039218/1.3.6.1.4.1.9590.100.1.2.57946273812699387823200621041286656332/000000.dcm,mass,train,0,BENIGN
P_01803,RIGHT,CC,mass,MALIGNANT,Mass-Training_P_01803_RIGHT_CC/1.3.6.1.4.1.9590.100.1.2.407718718913705537725964228401538328334/1.3.6.1.4.1.9590.100.1.2.284762492511939117113096431964067150055/000000.dcm,mass,train,1,MALIGNANT
P_01803,RIGHT,MLO,mass,MALIGNANT,Mass-Training_P_01803_RIGHT_MLO/1.3.6.1.4.1.9590.100.1.2.138933856711827644035179245323341891893/1.3.6.1.4.1.9590.100.1.2.283057547411492757733739237421644364669/000000.dcm,mass,train,1,MALIGNANT
P_01804,LEFT,MLO,mass,BENIGN_WITHOUT_CALLBACK,Mass-Training_P_01804_LEFT_MLO/1.3.6.1.4.1.9590.100.1.2.210837608213666378533780466543894943960/1.3.6.1.4.1.9590.100.1.2.38651866813010322230951085184233090099/000000.dcm,mass,train,0,BENIGN
P_01805,LEFT,CC,mass,BENIGN,Mass-Training_P_01805_LEFT_CC/1.3.6.1.4.1.9590.100.1.2.418490032511140443632565180693717136682/1.3.6.1.4.1.9590.100.1.2.192858107413072871142494695763905774079/000000.dcm,mass,train,0,BENIGN
P_01805,LEFT,MLO,mass,BENIGN,Mass-Training_P_01805_LEFT_MLO/1.3.6.1.4.1.9590.100.1.2.373603757112397634325304462211224458063/1.3.6.1.4.1.9590.100.1.2.400200172610431295237288042874054908510/000000.dcm,mass,train,0,BENIGN
P_01805,RIGHT,MLO,mass,BENIGN,Mass-Training_P_01805_RIGHT_MLO/1.3.6.1.4.1.9590.100.1.2.319883924311864677042556484071414108534/1.3.6.1.4.1.9590.100.1.2.181165050712928829222379083532213191967/000000.dcm,mass,train,0,BENIGN
P_01814,RIGHT,CC,mass,MALIGNANT,Mass-Training_P_01814_RIGHT_CC/1.3.6.1.4.1.9590.100.1.2.289555993511685767223151866181021368839/1.3.6.1.4.1.9590.100.1.2.311879772413692509211401737020929176955/000000.dcm,mass,train,1,MALIGNANT
P_01816,LEFT,CC,mass,MALIGNANT,Mass-Training_P_01816_LEFT_CC/1.3.6.1.4.1.9590.100.1.2.76592990813753175017918803270452681201/1.3.6.1.4.1.9590.100.1.2.298313146910425770935272485680824905058/000000.dcm,mass,train,1,MALIGNANT
P_01816,LEFT,MLO,mass,MALIGNANT,Mass-Training_P_01816_LEFT_MLO/1.3.6.1.4.1.9590.100.1.2.280037893312263953003981541531019039290/1.3.6.1.4.1.9590.100.1.2.299665718312676631426589111303357883600/000000.dcm,mass,train,1,MALIGNANT
P_01817,RIGHT,CC,mass,BENIGN,Mass-Training_P_01817_RIGHT_CC/1.3.6.1.4.1.9590.100.1.2.269336781111206710236608969161854704481/1.3.6.1.4.1.9590.100.1.2.186822590311550403138287445992473773397/000000.dcm,mass,train,0,BENIGN
P_01817,RIGHT,MLO,mass,BENIGN,Mass-Training_P_01817_RIGHT_MLO/1.3.6.1.4.1.9590.100.1.2.225398801511924696904123209073903153241/1.3.6.1.4.1.9590.100.1.2.380934280412039582606339669871279301358/000000.dcm,mass,train,0,BENIGN
P_01819,RIGHT,CC,mass,BENIGN_WITHOUT_CALLBACK,Mass-Training_P_01819_RIGHT_CC/1.3.6.1.4.1.9590.100.1.2.311053832610629535438144692922419337375/1.3.6.1.4.1.9590.100.1.2.423813146212543512414932494131336655782/000000.dcm,mass,train,0,BENIGN
P_01821,LEFT,CC,mass,BENIGN_WITHOUT_CALLBACK,Mass-Training_P_01821_LEFT_CC/1.3.6.1.4.1.9590.100.1.2.96935489511393722901943847891228896886/1.3.6.1.4.1.9590.100.1.2.424290135313609855032537396902471807364/000000.dcm,mass,train,0,BENIGN
P_01821,LEFT,MLO,mass,BENIGN_WITHOUT_CALLBACK,Mass-Training_P_01821_LEFT_MLO/1.3.6.1.4.1.9590.100.1.2.110462229613040132614400055423714501409/1.3.6.1.4.1.9590.100.1.2.200837204213010816335271282531366786390/000000.dcm,mass,train,0,BENIGN
P_01822,LEFT,CC,mass,BENIGN_WITHOUT_CALLBACK,Mass-Training_P_01822_LEFT_CC/1.3.6.1.4.1.9590.100.1.2.165022819113074003602913163733013966308/1.3.6.1.4.1.9590.100.1.2.183028839911111408326881903870672023916/000000.dcm,mass,train,0,BENIGN
P_01822,LEFT,MLO,mass,BENIGN_WITHOUT_CALLBACK,Mass-Training_P_01822_LEFT_MLO/1.3.6.1.4.1.9590.100.1.2.281252003012378312433398583103088571066/1.3.6.1.4.1.9590.100.1.2.273769113111204857614299989942753607249/000000.dcm,mass,train,0,BENIGN
P_01824,RIGHT,CC,mass,MALIGNANT,Mass-Training_P_01824_RIGHT_CC/1.3.6.1.4.1.9590.100.1.2.125997892811382517423718401302120959302/1.3.6.1.4.1.9590.100.1.2.154575378612974457201655678864280864459/000000.dcm,mass,train,1,MALIGNANT
P_01824,RIGHT,MLO,mass,MALIGNANT,Mass-Training_P_01824_RIGHT_MLO/1.3.6.1.4.1.9590.100.1.2.51004001111310141636109840961758359863/1.3.6.1.4.1.9590.100.1.2.55307148413799814332579214442886195340/000000.dcm,mass,train,1,MALIGNANT
P_01826,RIGHT,CC,mass,BENIGN,Mass-Training_P_01826_RIGHT_CC/1.3.6.1.4.1.9590.100.1.2.81777570611411200814782788394180336179/1.3.6.1.4.1.9590.100.1.2.396257418811843023229535205503491967422/000000.dcm,mass,train,0,BENIGN
P_01826,RIGHT,MLO,mass,BENIGN,Mass-Training_P_01826_RIGHT_MLO/1.3.6.1.4.1.9590.100.1.2.28318414512235035014192096322349049395/1.3.6.1.4.1.9590.100.1.2.94874468210500863217650692172401238913/000000.dcm,mass,train,0,BENIGN
P_01829,LEFT,MLO,mass,BENIGN,Mass-Training_P_01829_LEFT_MLO/1.3.6.1.4.1.9590.100.1.2.40130072711603838220218756044253746801/1.3.6.1.4.1.9590.100.1.2.359715110512043129718071699341048428218/000000.dcm,mass,train,0,BENIGN
P_01831,RIGHT,CC,mass,BENIGN,Mass-Training_P_01831_RIGHT_CC/1.3.6.1.4.1.9590.100.1.2.256579199411314609403323849500797740009/1.3.6.1.4.1.9590.100.1.2.223845628211173796734448562093137171383/000000.dcm,mass,train,0,BENIGN
P_01831,RIGHT,MLO,mass,BENIGN,Mass-Training_P_01831_RIGHT_MLO/1.3.6.1.4.1.9590.100.1.2.252211292711021268828541889572421374905/1.3.6.1.4.1.9590.100.1.2.278571609413662223200958613891688785467/000000.dcm,mass,train,0,BENIGN
P_01832,RIGHT,MLO,mass,MALIGNANT,Mass-Training_P_01832_RIGHT_MLO/1.3.6.1.4.1.9590.100.1.2.332966692710768594127879425611143449056/1.3.6.1.4.1.9590.100.1.2.217254428211446648828338377582448056934/000000.dcm,mass,train,1,MALIGNANT
P_01840,RIGHT,MLO,mass,BENIGN,Mass-Training_P_01840_RIGHT_MLO/1.3.6.1.4.1.9590.100.1.2.366201521712070139640950399053258689949/1.3.6.1.4.1.9590.100.1.2.92873692112697289717564934862862198857/000000.dcm,mass,train,0,BENIGN
P_01841,RIGHT,CC,mass,MALIGNANT,Mass-Training_P_01841_RIGHT_CC/1.3.6.1.4.1.9590.100.1.2.58126661711024409132252635491706177254/1.3.6.1.4.1.9590.100.1.2.339469163112320703021780519901127687387/000000.dcm,mass,train,1,MALIGNANT
P_01841,RIGHT,MLO,mass,MALIGNANT,Mass-Training_P_01841_RIGHT_MLO/1.3.6.1.4.1.9590.100.1.2.389275847312033070915292064130078075656/1.3.6.1.4.1.9590.100.1.2.123030281511153496033751955263016960778/000000.dcm,mass,train,1,MALIGNANT
P_01844,RIGHT,MLO,mass,MALIGNANT,Mass-Training_P_01844_RIGHT_MLO/1.3.6.1.4.1.9590.100.1.2.292218337211475698528819275623492980546/1.3.6.1.4.1.9590.100.1.2.229153389010770069434497957601415230725/000000.dcm,mass,train,1,MALIGNANT
P_01848,RIGHT,CC,mass,MALIGNANT,Mass-Training_P_01848_RIGHT_CC/1.3.6.1.4.1.9590.100.1.2.122446871712447863220014373492494013247/1.3.6.1.4.1.9590.100.1.2.177085422412716374501318823693120672594/000000.dcm,mass,train,1,MALIGNANT
P_01848,RIGHT,MLO,mass,MALIGNANT,Mass-Training_P_01848_RIGHT_MLO/1.3.6.1.4.1.9590.100.1.2.412435945213812386316626134053952788079/1.3.6.1.4.1.9590.100.1.2.304001531413917597335029692233222603277/000000.dcm,mass,train,1,MALIGNANT
P_01849,RIGHT,CC,mass,BENIGN_WITHOUT_CALLBACK,Mass-Training_P_01849_RIGHT_CC/1.3.6.1.4.1.9590.100.1.2.307011835511225612227516161840354677588/1.3.6.1.4.1.9590.100.1.2.38512514910593500021099892600692781287/000000.dcm,mass,train,0,BENIGN
P_01849,RIGHT,MLO,mass,BENIGN_WITHOUT_CALLBACK,Mass-Training_P_01849_RIGHT_MLO/1.3.6.1.4.1.9590.100.1.2.224376243210405577436636696911892634235/1.3.6.1.4.1.9590.100.1.2.241308587310796722637862780492998843596/000000.dcm,mass,train,0,BENIGN
P_01850,RIGHT,CC,mass,BENIGN,Mass-Training_P_01850_RIGHT_CC/1.3.6.1.4.1.9590.100.1.2.16544030212337613934114991982813935189/1.3.6.1.4.1.9590.100.1.2.208107019711811342522242530712542759282/000000.dcm,mass,train,0,BENIGN
P_01850,RIGHT,MLO,mass,BENIGN,Mass-Training_P_01850_RIGHT_MLO/1.3.6.1.4.1.9590.100.1.2.207366493312672435039953158600653489673/1.3.6.1.4.1.9590.100.1.2.52911228912044066036741669740519618759/000000.dcm,mass,train,0,BENIGN
P_01853,LEFT,CC,mass,MALIGNANT,Mass-Training_P_01853_LEFT_CC/1.3.6.1.4.1.9590.100.1.2.359137289212180387800921578333704319217/1.3.6.1.4.1.9590.100.1.2.90049668411003307234280101243836805116/000000.dcm,mass,train,1,MALIGNANT
P_01853,LEFT,MLO,mass,MALIGNANT,Mass-Training_P_01853_LEFT_MLO/1.3.6.1.4.1.9590.100.1.2.49779649911413366232855174680640206263/1.3.6.1.4.1.9590.100.1.2.326721637012010321626898042221173930361/000000.dcm,mass,train,1,MALIGNANT
P_01860,RIGHT,CC,mass,MALIGNANT,Mass-Training_P_01860_RIGHT_CC/1.3.6.1.4.1.9590.100.1.2.154581113211451520431132514594184169131/1.3.6.1.4.1.9590.100.1.2.273104176312975794115853377520445198068/000000.dcm,mass,train,1,MALIGNANT
P_01864,LEFT,CC,mass,BENIGN_WITHOUT_CALLBACK,Mass-Training_P_01864_LEFT_CC/1.3.6.1.4.1.9590.100.1.2.404893004713025096334604558601132069121/1.3.6.1.4.1.9590.100.1.2.290364663411069470323696390944134717011/000000.dcm,mass,train,0,BENIGN
P_01866,RIGHT,CC,mass,BENIGN,Mass-Training_P_01866_RIGHT_CC/1.3.6.1.4.1.9590.100.1.2.322027788312892399239223471662506282139/1.3.6.1.4.1.9590.100.1.2.304645495911706483111438481251619390979/000000.dcm,mass,train,0,BENIGN
P_01866,RIGHT,MLO,mass,BENIGN,Mass-Training_P_01866_RIGHT_MLO/1.3.6.1.4.1.9590.100.1.2.426080994410453759015659168212928868631/1.3.6.1.4.1.9590.100.1.2.260375335412969300725092873432811791261/000000.dcm,mass,train,0,BENIGN
P_01876,LEFT,CC,mass,BENIGN,Mass-Training_P_01876_LEFT_CC/1.3.6.1.4.1.9590.100.1.2.159744379511382394221474067622190644683/1.3.6.1.4.1.9590.100.1.2.219117506712389849824896987400722855437/000000.dcm,mass,train,0,BENIGN
P_01876,LEFT,MLO,mass,BENIGN,Mass-Training_P_01876_LEFT_MLO/1.3.6.1.4.1.9590.100.1.2.308138844913860046630467503371808181356/1.3.6.1.4.1.9590.100.1.2.393042232112539766937729493943726657474/000000.dcm,mass,train,0,BENIGN
P_01877,LEFT,CC,mass,BENIGN,Mass-Training_P_01877_LEFT_CC/1.3.6.1.4.1.9590.100.1.2.393373500111896591907792864310529998947/1.3.6.1.4.1.9590.100.1.2.247437061111103930327214488590934752276/000000.dcm,mass,train,0,BENIGN
P_01877,LEFT,MLO,mass,BENIGN,Mass-Training_P_01877_LEFT_MLO/1.3.6.1.4.1.9590.100.1.2.417386636012660724442192703263923075502/1.3.6.1.4.1.9590.100.1.2.277834850111844445628102460182594509736/000000.dcm,mass,train,0,BENIGN
P_01878,RIGHT,CC,mass,BENIGN,Mass-Training_P_01878_RIGHT_CC/1.3.6.1.4.1.9590.100.1.2.408795217512049000601382158654104419551/1.3.6.1.4.1.9590.100.1.2.391822368011278016029379162891017489915/000000.dcm,mass,train,0,BENIGN
P_01878,RIGHT,MLO,mass,BENIGN,Mass-Training_P_01878_RIGHT_MLO/1.3.6.1.4.1.9590.100.1.2.294773428510387744635185721971506674727/1.3.6.1.4.1.9590.100.1.2.181451480612899648126683644433168917530/000000.dcm,mass,train,0,BENIGN
P_01883,LEFT,CC,mass,BENIGN,Mass-Training_P_01883_LEFT_CC/1.3.6.1.4.1.9590.100.1.2.131787811612244665602159507363416255434/1.3.6.1.4.1.9590.100.1.2.329723112512864132612362932722416742076/000000.dcm,mass,train,0,BENIGN
P_01886,RIGHT,CC,mass,BENIGN,Mass-Training_P_01886_RIGHT_CC/1.3.6.1.4.1.9590.100.1.2.37363886312586867131472009112890904229/1.3.6.1.4.1.9590.100.1.2.180869746613853192241744905213634425726/000000.dcm,mass,train,0,BENIGN
P_01887,LEFT,CC,mass,BENIGN,Mass-Training_P_01887_LEFT_CC/1.3.6.1.4.1.9590.100.1.2.125161979211690642005332538201064860228/1.3.6.1.4.1.9590.100.1.2.284507638613416758207872997261004998521/000000.dcm,mass,train,0,BENIGN
P_01887,LEFT,MLO,mass,BENIGN,Mass-Training_P_01887_LEFT_MLO/1.3.6.1.4.1.9590.100.1.2.260791863913740800825105982731259077691/1.3.6.1.4.1.9590.100.1.2.156462442713483525908710752592316394215/000000.dcm,mass,train,0,BENIGN
P_01888,RIGHT,MLO,mass,MALIGNANT,Mass-Training_P_01888_RIGHT_MLO/1.3.6.1.4.1.9590.100.1.2.52714646711140716223973641090769059598/1.3.6.1.4.1.9590.100.1.2.318215987711391365112451298662215339278/000000.dcm,mass,train,1,MALIGNANT
P_01889,RIGHT,CC,mass,BENIGN,Mass-Training_P_01889_RIGHT_CC/1.3.6.1.4.1.9590.100.1.2.114942472410069947717800792720618051519/1.3.6.1.4.1.9590.100.1.2.383456076011585200833133247132360576495/000000.dcm,mass,train,0,BENIGN
P_01889,RIGHT,MLO,mass,BENIGN,Mass-Training_P_01889_RIGHT_MLO/1.3.6.1.4.1.9590.100.1.2.260133460312564743436207627701239511333/1.3.6.1.4.1.9590.100.1.2.88567571811865245834350703782525414557/000000.dcm,mass,train,0,BENIGN
P_01890,LEFT,MLO,mass,MALIGNANT,Mass-Training_P_01890_LEFT_MLO/1.3.6.1.4.1.9590.100.1.2.311707626813377314026318250730941637683/1.3.6.1.4.1.9590.100.1.2.149772059212195203914176201483014915047/000000.dcm,mass,train,1,MALIGNANT
P_01908,LEFT,CC,mass,MALIGNANT,Mass-Training_P_01908_LEFT_CC/1.3.6.1.4.1.9590.100.1.2.168967575613958568203792659673240720296/1.3.6.1.4.1.9590.100.1.2.70055575411327114507601381440700639808/000000.dcm,mass,train,1,MALIGNANT
P_01946,RIGHT,CC,mass,MALIGNANT,Mass-Training_P_01946_RIGHT_CC/1.3.6.1.4.1.9590.100.1.2.157010537712280824004686893040407527399/1.3.6.1.4.1.9590.100.1.2.146562048712352276901801184130547373645/000000.dcm,mass,train,1,MALIGNANT
P_01946,RIGHT,MLO,mass,MALIGNANT,Mass-Training_P_01946_RIGHT_MLO/1.3.6.1.4.1.9590.100.1.2.274578630010656623012496943892194673156/1.3.6.1.4.1.9590.100.1.2.109260810611334542122453682220561164301/000000.dcm,mass,train,1,MALIGNANT
P_01981,RIGHT,CC,mass,MALIGNANT,Mass-Training_P_01981_RIGHT_CC/1.3.6.1.4.1.9590.100.1.2.352886575512288888838686163391725194258/1.3.6.1.4.1.9590.100.1.2.65146854411116044628397515693673807312/000000.dcm,mass,train,1,MALIGNANT
P_01981,RIGHT,MLO,mass,MALIGNANT,Mass-Training_P_01981_RIGHT_MLO/1.3.6.1.4.1.9590.100.1.2.386788840110746120710923224911558371482/1.3.6.1.4.1.9590.100.1.2.104604449710490862429464129700252625138/000000.dcm,mass,train,1,MALIGNANT
P_01983,LEFT,MLO,mass,MALIGNANT,Mass-Training_P_01983_LEFT_MLO/1.3.6.1.4.1.9590.100.1.2.40646661413927941219382954521469467431/1.3.6.1.4.1.9590.100.1.2.128936079213945485802619555173666843230/000000.dcm,mass,train,1,MALIGNANT
P_02033,RIGHT,CC,mass,MALIGNANT,Mass-Training_P_02033_RIGHT_CC/1.3.6.1.4.1.9590.100.1.2.234173957511271177932445887232937973336/1.3.6.1.4.1.9590.100.1.2.336120486712406273923832111983569913869/000000.dcm,mass,train,1,MALIGNANT
P_02033,RIGHT,MLO,mass,MALIGNANT,Mass-Training_P_02033_RIGHT_MLO/1.3.6.1.4.1.9590.100.1.2.96404273311485845838623929652892337767/1.3.6.1.4.1.9590.100.1.2.399742535611893168217294560510610315389/000000.dcm,mass,train,1,MALIGNANT
P_02079,RIGHT,CC,mass,MALIGNANT,Mass-Training_P_02079_RIGHT_CC/1.3.6.1.4.1.9590.100.1.2.268797464411367674311421201011804739196/1.3.6.1.4.1.9590.100.1.2.174087037012311934636262526800138239589/000000.dcm,mass,train,1,MALIGNANT
P_02079,RIGHT,MLO,mass,MALIGNANT,Mass-Training_P_02079_RIGHT_MLO/1.3.6.1.4.1.9590.100.1.2.79168706212562046504764996222502629838/1.3.6.1.4.1.9590.100.1.2.412558050811722685411988228462651590663/000000.dcm,mass,train,1,MALIGNANT
P_02092,LEFT,CC,mass,MALIGNANT,Mass-Training_P_02092_LEFT_CC/1.3.6.1.4.1.9590.100.1.2.420341693811920799600818661313506180250/1.3.6.1.4.1.9590.100.1.2.150311422512072857220647947940958267422/000000.dcm,mass,train,1,MALIGNANT
P_02092,LEFT,MLO,mass,MALIGNANT,Mass-Training_P_02092_LEFT_MLO/1.3.6.1.4.1.9590.100.1.2.322851018411213611731661082961359065216/1.3.6.1.4.1.9590.100.1.2.290251769212905477734669932883242291615/000000.dcm,mass,train,1,MALIGNANT
P_00016,LEFT,CC,mass,MALIGNANT,Mass-Test_P_00016_LEFT_CC/1.3.6.1.4.1.9590.100.1.2.416403281812750683720028031170500130104/1.3.6.1.4.1.9590.100.1.2.245063149211255120613007755642780114172/000000.dcm,mass,test,1,MALIGNANT
P_00016,LEFT,MLO,mass,MALIGNANT,Mass-Test_P_00016_LEFT_MLO/1.3.6.1.4.1.9590.100.1.2.125010935311829990124529079264106154392/1.3.6.1.4.1.9590.100.1.2.85952214611170506017891429690540035518/000000.dcm,mass,test,1,MALIGNANT
P_00017,LEFT,CC,mass,MALIGNANT,Mass-Test_P_00017_LEFT_CC/1.3.6.1.4.1.9590.100.1.2.289610447411344525237308079592285912683/1.3.6.1.4.1.9590.100.1.2.22131189612893294827907969600765582967/000000.dcm,mass,test,1,MALIGNANT
P_00017,LEFT,MLO,mass,MALIGNANT,Mass-Test_P_00017_LEFT_MLO/1.3.6.1.4.1.9590.100.1.2.22378064110931464632702821421529389998/1.3.6.1.4.1.9590.100.1.2.239949064412092068706566726490415129934/000000.dcm,mass,test,1,MALIGNANT
P_00032,RIGHT,CC,mass,BENIGN,Mass-Test_P_00032_RIGHT_CC/1.3.6.1.4.1.9590.100.1.2.304236983211992984124654432490357131069/1.3.6.1.4.1.9590.100.1.2.215081818713600536113960661873725083371/000000.dcm,mass,test,0,BENIGN
P_00032,RIGHT,MLO,mass,BENIGN,Mass-Test_P_00032_RIGHT_MLO/1.3.6.1.4.1.9590.100.1.2.383460844111861145315621774372145221963/1.3.6.1.4.1.9590.100.1.2.318799084911119262430780458250312419361/000000.dcm,mass,test,0,BENIGN
P_00037,RIGHT,CC,mass,MALIGNANT,Mass-Test_P_00037_RIGHT_CC/1.3.6.1.4.1.9590.100.1.2.103263415712637900541513993551878074559/1.3.6.1.4.1.9590.100.1.2.345140832810160378520078721331878282316/000000.dcm,mass,test,1,MALIGNANT
P_00037,RIGHT,MLO,mass,MALIGNANT,Mass-Test_P_00037_RIGHT_MLO/1.3.6.1.4.1.9590.100.1.2.49507331912048398437734209542790648441/1.3.6.1.4.1.9590.100.1.2.59887648512379053809277845872128232362/000000.dcm,mass,test,1,MALIGNANT
P_00056,LEFT,MLO,mass,BENIGN,Mass-Test_P_00056_LEFT_MLO/1.3.6.1.4.1.9590.100.1.2.220166110811135536606332995863320150322/1.3.6.1.4.1.9590.100.1.2.302678903112208607702983192631368637142/000000.dcm,mass,test,0,BENIGN
P_00066,LEFT,CC,mass,MALIGNANT,Mass-Test_P_00066_LEFT_CC/1.3.6.1.4.1.9590.100.1.2.428538815312301622227987772360359712982/1.3.6.1.4.1.9590.100.1.2.398695186611278204714097118000162925433/000000.dcm,mass,test,1,MALIGNANT
P_00066,LEFT,MLO,mass,MALIGNANT,Mass-Test_P_00066_LEFT_MLO/1.3.6.1.4.1.9590.100.1.2.341876953111803431629477262642555898300/1.3.6.1.4.1.9590.100.1.2.334704328611391643805508991083300190349/000000.dcm,mass,test,1,MALIGNANT
P_00099,LEFT,MLO,mass,BENIGN,Mass-Test_P_00099_LEFT_MLO/1.3.6.1.4.1.9590.100.1.2.11386095112357691228887883950248511792/1.3.6.1.4.1.9590.100.1.2.188340832412548997809157866361536031816/000000.dcm,mass,test,0,BENIGN
P_00114,LEFT,MLO,mass,BENIGN_WITHOUT_CALLBACK,Mass-Test_P_00114_LEFT_MLO/1.3.6.1.4.1.9590.100.1.2.426642259212039288537619531820319957563/1.3.6.1.4.1.9590.100.1.2.17873451612287715806233693563532897726/000000.dcm,mass,test,0,BENIGN
P_00116,RIGHT,CC,mass,MALIGNANT,Mass-Test_P_00116_RIGHT_CC/1.3.6.1.4.1.9590.100.1.2.276034807912119504205504050531568173393/1.3.6.1.4.1.9590.100.1.2.18321540012684193708096260002352282494/000000.dcm,mass,test,1,MALIGNANT
P_00116,RIGHT,CC,mass,MALIGNANT,Mass-Test_P_00116_RIGHT_CC/1.3.6.1.4.1.9590.100.1.2.276034807912119504205504050531568173393/1.3.6.1.4.1.9590.100.1.2.18321540012684193708096260002352282494/000000.dcm,mass,test,1,MALIGNANT
P_00116,RIGHT,MLO,mass,MALIGNANT,Mass-Test_P_00116_RIGHT_MLO/1.3.6.1.4.1.9590.100.1.2.54031833512564486812025066801666499311/1.3.6.1.4.1.9590.100.1.2.170208377412670496001193197311058787253/000000.dcm,mass,test,1,MALIGNANT
P_00116,RIGHT,MLO,mass,MALIGNANT,Mass-Test_P_00116_RIGHT_MLO/1.3.6.1.4.1.9590.100.1.2.54031833512564486812025066801666499311/1.3.6.1.4.1.9590.100.1.2.170208377412670496001193197311058787253/000000.dcm,mass,test,1,MALIGNANT
P_00118,RIGHT,CC,mass,MALIGNANT,Mass-Test_P_00118_RIGHT_CC/1.3.6.1.4.1.9590.100.1.2.104062888312124395110472196303497517337/1.3.6.1.4.1.9590.100.1.2.145324071712988313837851767370236088245/000000.dcm,mass,test,1,MALIGNANT
P_00118,RIGHT,MLO,mass,MALIGNANT,Mass-Test_P_00118_RIGHT_MLO/1.3.6.1.4.1.9590.100.1.2.173091565613714337803258515592848516144/1.3.6.1.4.1.9590.100.1.2.180398664411489277541426804902596097273/000000.dcm,mass,test,1,MALIGNANT
P_00124,RIGHT,CC,mass,BENIGN,Mass-Test_P_00124_RIGHT_CC/1.3.6.1.4.1.9590.100.1.2.144034819812726139802846846992892981924/1.3.6.1.4.1.9590.100.1.2.184354810011854598636596678663775491735/000000.dcm,mass,test,0,BENIGN
P_00126,RIGHT,CC,mass,BENIGN,Mass-Test_P_00126_RIGHT_CC/1.3.6.1.4.1.9590.100.1.2.22747084312140507728161754942663795488/1.3.6.1.4.1.9590.100.1.2.191684932212508771025952925500117559600/000000.dcm,mass,test,0,BENIGN
P_00126,RIGHT,MLO,mass,BENIGN,Mass-Test_P_00126_RIGHT_MLO/1.3.6.1.4.1.9590.100.1.2.70667478211944840709051303932659614839/1.3.6.1.4.1.9590.100.1.2.53981029411515416635208605883563819654/000000.dcm,mass,test,0,BENIGN
P_00131,LEFT,CC,mass,BENIGN,Mass-Test_P_00131_LEFT_CC/1.3.6.1.4.1.9590.100.1.2.199600843512816293417556051482777314613/1.3.6.1.4.1.9590.100.1.2.260826680211463150629506377090181207701/000000.dcm,mass,test,0,BENIGN
P_00131,LEFT,MLO,mass,BENIGN,Mass-Test_P_00131_LEFT_MLO/1.3.6.1.4.1.9590.100.1.2.309375440111278883708566178901157546005/1.3.6.1.4.1.9590.100.1.2.401212390711913852429512943903151027124/000000.dcm,mass,test,0,BENIGN
P_00145,LEFT,CC,mass,BENIGN,Mass-Test_P_00145_LEFT_CC/1.3.6.1.4.1.9590.100.1.2.1690300211339647707524717243145291907/1.3.6.1.4.1.9590.100.1.2.417157466613270187342040774840270966760/000000.dcm,mass,test,0,BENIGN
P_00145,LEFT,MLO,mass,BENIGN,Mass-Test_P_00145_LEFT_MLO/1.3.6.1.4.1.9590.100.1.2.402597752311106363226439584340743106894/1.3.6.1.4.1.9590.100.1.2.259283265213236844915772927081591873003/000000.dcm,mass,test,0,BENIGN
P_00147,RIGHT,CC,mass,MALIGNANT,Mass-Test_P_00147_RIGHT_CC/1.3.6.1.4.1.9590.100.1.2.92589011013893283212073821540402173445/1.3.6.1.4.1.9590.100.1.2.124069151812440873834583830380563934034/000000.dcm,mass,test,1,MALIGNANT
P_00147,RIGHT,MLO,mass,MALIGNANT,Mass-Test_P_00147_RIGHT_MLO/1.3.6.1.4.1.9590.100.1.2.424993968812431368220412069700568987396/1.3.6.1.4.1.9590.100.1.2.175596647411836779119790938952148519597/000000.dcm,mass,test,1,MALIGNANT
P_00156,RIGHT,MLO,mass,BENIGN,Mass-Test_P_00156_RIGHT_MLO/1.3.6.1.4.1.9590.100.1.2.2171149411655952503932194831517133044/1.3.6.1.4.1.9590.100.1.2.339564316712843853222719131073480450951/000000.dcm,mass,test,0,BENIGN
P_00158,RIGHT,MLO,mass,BENIGN_WITHOUT_CALLBACK,Mass-Test_P_00158_RIGHT_MLO/1.3.6.1.4.1.9590.100.1.2.107220511411815482713935056993319412742/1.3.6.1.4.1.9590.100.1.2.337692867012177696402442541140093720047/000000.dcm,mass,test,0,BENIGN
P_00159,RIGHT,MLO,mass,BENIGN_WITHOUT_CALLBACK,Mass-Test_P_00159_RIGHT_MLO/1.3.6.1.4.1.9590.100.1.2.332244550411559930737926378704265726558/1.3.6.1.4.1.9590.100.1.2.318175244011353566129653618441084786424/000000.dcm,mass,test,0,BENIGN
P_00171,RIGHT,CC,mass,BENIGN,Mass-Test_P_00171_RIGHT_CC/1.3.6.1.4.1.9590.100.1.2.283603431611705161727833381652354841440/1.3.6.1.4.1.9590.100.1.2.53164963713539945704420389270899642316/000000.dcm,mass,test,0,BENIGN
P_00171,RIGHT,MLO,mass,BENIGN,Mass-Test_P_00171_RIGHT_MLO/1.3.6.1.4.1.9590.100.1.2.379336906213809032941283959373753195797/1.3.6.1.4.1.9590.100.1.2.272584833612462853710337893452059578587/000000.dcm,mass,test,0,BENIGN
P_00173,LEFT,CC,mass,BENIGN,Mass-Test_P_00173_LEFT_CC/1.3.6.1.4.1.9590.100.1.2.141041603211541608539911824931783400682/1.3.6.1.4.1.9590.100.1.2.280437157711493692000884645494047094463/000000.dcm,mass,test,0,BENIGN
P_00173,LEFT,MLO,mass,BENIGN,Mass-Test_P_00173_LEFT_MLO/1.3.6.1.4.1.9590.100.1.2.307793166912734364002335835122757098128/1.3.6.1.4.1.9590.100.1.2.116019378912146865822367996522433813122/000000.dcm,mass,test,0,BENIGN
P_00173,RIGHT,CC,mass,BENIGN,Mass-Test_P_00173_RIGHT_CC/1.3.6.1.4.1.9590.100.1.2.332975382811750735925404835072209681216/1.3.6.1.4.1.9590.100.1.2.164477615412098522241149597592405252179/000000.dcm,mass,test,0,BENIGN
P_00173,RIGHT,CC,mass,BENIGN,Mass-Test_P_00173_RIGHT_CC/1.3.6.1.4.1.9590.100.1.2.332975382811750735925404835072209681216/1.3.6.1.4.1.9590.100.1.2.164477615412098522241149597592405252179/000000.dcm,mass,test,0,BENIGN
P_00173,RIGHT,MLO,mass,BENIGN,Mass-Test_P_00173_RIGHT_MLO/1.3.6.1.4.1.9590.100.1.2.246073522010210423031364901130375270352/1.3.6.1.4.1.9590.100.1.2.95930514311143196521379851620797527375/000000.dcm,mass,test,0,BENIGN
P_00173,RIGHT,MLO,mass,BENIGN,Mass-Test_P_00173_RIGHT_MLO/1.3.6.1.4.1.9590.100.1.2.246073522010210423031364901130375270352/1.3.6.1.4.1.9590.100.1.2.95930514311143196521379851620797527375/000000.dcm,mass,test,0,BENIGN
P_00177,LEFT,CC,mass,BENIGN,Mass-Test_P_00177_LEFT_CC/1.3.6.1.4.1.9590.100.1.2.316631552611307158136515125023285356852/1.3.6.1.4.1.9590.100.1.2.358353735511679745623895707213815894557/000000.dcm,mass,test,0,BENIGN
P_00177,LEFT,MLO,mass,BENIGN,Mass-Test_P_00177_LEFT_MLO/1.3.6.1.4.1.9590.100.1.2.74773407310762170613570899683308661988/1.3.6.1.4.1.9590.100.1.2.277904999011825388509729900852338577655/000000.dcm,mass,test,0,BENIGN
P_00192,RIGHT,CC,mass,BENIGN,Mass-Test_P_00192_RIGHT_CC/1.3.6.1.4.1.9590.100.1.2.67829310312682266325756632422415740063/1.3.6.1.4.1.9590.100.1.2.3137485612561155103546988960022747853/000000.dcm,mass,test,0,BENIGN
P_00194,RIGHT,CC,mass,MALIGNANT,Mass-Test_P_00194_RIGHT_CC/1.3.6.1.4.1.9590.100.1.2.278178041811791482632634750984059952705/1.3.6.1.4.1.9590.100.1.2.81893494413544881216885610760867316033/000000.dcm,mass,test,1,MALIGNANT
P_00194,RIGHT,MLO,mass,MALIGNANT,Mass-Test_P_00194_RIGHT_MLO/1.3.6.1.4.1.9590.100.1.2.144420560111936994726624821041575264001/1.3.6.1.4.1.9590.100.1.2.327009617710603607241815735472292092939/000000.dcm,mass,test,1,MALIGNANT
P_00198,LEFT,CC,mass,MALIGNANT,Mass-Test_P_00198_LEFT_CC/1.3.6.1.4.1.9590.100.1.2.129145373112085287530335284941027251212/1.3.6.1.4.1.9590.100.1.2.118047428013786503524914809830264670736/000000.dcm,mass,test,1,MALIGNANT
P_00198,LEFT,MLO,mass,MALIGNANT,Mass-Test_P_00198_LEFT_MLO/1.3.6.1.4.1.9590.100.1.2.278334670211287129516034046724147967253/1.3.6.1.4.1.9590.100.1.2.297424856211796189434977419630658917185/000000.dcm,mass,test,1,MALIGNANT
P_00200,LEFT,CC,mass,BENIGN_WITHOUT_CALLBACK,Mass-Test_P_00200_LEFT_CC/1.3.6.1.4.1.9590.100.1.2.193058208811441705135781600144020416066/1.3.6.1.4.1.9590.100.1.2.336327858311367277236448869284215926808/000000.dcm,mass,test,0,BENIGN
P_00200,LEFT,MLO,mass,BENIGN_WITHOUT_CALLBACK,Mass-Test_P_00200_LEFT_MLO/1.3.6.1.4.1.9590.100.1.2.70212433210977313502720313700461826092/1.3.6.1.4.1.9590.100.1.2.113744146612261609941896651823281963481/000000.dcm,mass,test,0,BENIGN
P_00200,RIGHT,CC,mass,BENIGN_WITHOUT_CALLBACK,Mass-Test_P_00200_RIGHT_CC/1.3.6.1.4.1.9590.100.1.2.427289514011749298904722090804103695196/1.3.6.1.4.1.9590.100.1.2.201851292211399543509571257810125997042/000000.dcm,mass,test,0,BENIGN
P_00200,RIGHT,MLO,mass,BENIGN_WITHOUT_CALLBACK,Mass-Test_P_00200_RIGHT_MLO/1.3.6.1.4.1.9590.100.1.2.95778807111053541542586669133850991269/1.3.6.1.4.1.9590.100.1.2.69686622212106490038029293173339040059/000000.dcm,mass,test,0,BENIGN
P_00202,RIGHT,CC,mass,MALIGNANT,Mass-Test_P_00202_RIGHT_CC/1.3.6.1.4.1.9590.100.1.2.77406354712754913430881806481509468559/1.3.6.1.4.1.9590.100.1.2.132656983910181108503657484122092972733/000000.dcm,mass,test,1,MALIGNANT
P_00202,RIGHT,MLO,mass,MALIGNANT,Mass-Test_P_00202_RIGHT_MLO/1.3.6.1.4.1.9590.100.1.2.246157077711172962303524727432887467921/1.3.6.1.4.1.9590.100.1.2.170386073613548467332046481102197058911/000000.dcm,mass,test,1,MALIGNANT
P_00203,LEFT,CC,mass,BENIGN,Mass-Test_P_00203_LEFT_CC/1.3.6.1.4.1.9590.100.1.2.214508597112088100806823366811701442866/1.3.6.1.4.1.9590.100.1.2.175010300012308982630819024942281381026/000000.dcm,mass,test,0,BENIGN
P_00203,LEFT,MLO,mass,BENIGN,Mass-Test_P_00203_LEFT_MLO/1.3.6.1.4.1.9590.100.1.2.301206022312300491938608480084267101428/1.3.6.1.4.1.9590.100.1.2.169525683711334536206873499174168331981/000000.dcm,mass,test,0,BENIGN
P_00209,LEFT,MLO,mass,MALIGNANT,Mass-Test_P_00209_LEFT_MLO/1.3.6.1.4.1.9590.100.1.2.110894301512319490714396067070435759659/1.3.6.1.4.1.9590.100.1.2.47772150812629014000458732812506911221/000000.dcm,mass,test,1,MALIGNANT
P_00212,RIGHT,CC,mass,MALIGNANT,Mass-Test_P_00212_RIGHT_CC/1.3.6.1.4.1.9590.100.1.2.304819043612291927818412317741257361874/1.3.6.1.4.1.9590.100.1.2.40622628512047589915317930394080917323/000000.dcm,mass,test,1,MALIGNANT
P_00212,RIGHT,MLO,mass,MALIGNANT,Mass-Test_P_00212_RIGHT_MLO/1.3.6.1.4.1.9590.100.1.2.175135239313414612231331977442876789373/1.3.6.1.4.1.9590.100.1.2.177929476110549993317101953522390335518/000000.dcm,mass,test,1,MALIGNANT
P_00230,RIGHT,CC,mass,BENIGN,Mass-Test_P_00230_RIGHT_CC/1.3.6.1.4.1.9590.100.1.2.348272782711983609927401596461451619979/1.3.6.1.4.1.9590.100.1.2.134743574310440887201636991320859455163/000000.dcm,mass,test,0,BENIGN
P_00230,RIGHT,MLO,mass,BENIGN,Mass-Test_P_00230_RIGHT_MLO/1.3.6.1.4.1.9590.100.1.2.361474835511928032521827270411170463965/1.3.6.1.4.1.9590.100.1.2.122412824712147762939479957811560709947/000000.dcm,mass,test,0,BENIGN
P_00238,RIGHT,CC,mass,BENIGN,Mass-Test_P_00238_RIGHT_CC/1.3.6.1.4.1.9590.100.1.2.224586949013320248619599729922169804117/1.3.6.1.4.1.9590.100.1.2.397840223011442643919447320932472056409/000000.dcm,mass,test,0,BENIGN
P_00238,RIGHT,MLO,mass,BENIGN,Mass-Test_P_00238_RIGHT_MLO/1.3.6.1.4.1.9590.100.1.2.204609510310476843515148808982890875793/1.3.6.1.4.1.9590.100.1.2.168730890811804516407075565330555398040/000000.dcm,mass,test,0,BENIGN
P_00278,RIGHT,CC,mass,BENIGN,Mass-Test_P_00278_RIGHT_CC/1.3.6.1.4.1.9590.100.1.2.348635564211310077701760285563271347081/1.3.6.1.4.1.9590.100.1.2.405986879113620060932111527932552308724/000000.dcm,mass,test,0,BENIGN
P_00278,RIGHT,MLO,mass,BENIGN,Mass-Test_P_00278_RIGHT_MLO/1.3.6.1.4.1.9590.100.1.2.320954110112954182705665250920940369065/1.3.6.1.4.1.9590.100.1.2.71398149011079150828226233641279923807/000000.dcm,mass,test,0,BENIGN
P_00296,LEFT,CC,mass,MALIGNANT,Mass-Test_P_00296_LEFT_CC/1.3.6.1.4.1.9590.100.1.2.207779880412992357819311615290974833773/1.3.6.1.4.1.9590.100.1.2.37253217512123502836460931953438745187/000000.dcm,mass,test,1,MALIGNANT
P_00296,LEFT,MLO,mass,MALIGNANT,Mass-Test_P_00296_LEFT_MLO/1.3.6.1.4.1.9590.100.1.2.46633561611317248602685766601411837204/1.3.6.1.4.1.9590.100.1.2.205940907212865861439105350533077325098/000000.dcm,mass,test,1,MALIGNANT
P_00324,RIGHT,CC,mass,MALIGNANT,Mass-Test_P_00324_RIGHT_CC/1.3.6.1.4.1.9590.100.1.2.23798243612549432342300868271642896658/1.3.6.1.4.1.9590.100.1.2.315919034211749245501471318130559908439/000000.dcm,mass,test,1,MALIGNANT
P_00324,RIGHT,MLO,mass,MALIGNANT,Mass-Test_P_00324_RIGHT_MLO/1.3.6.1.4.1.9590.100.1.2.265349619213448676727231558813508544098/1.3.6.1.4.1.9590.100.1.2.99008179012572848208364353570880638263/000000.dcm,mass,test,1,MALIGNANT
P_00340,LEFT,CC,mass,BENIGN,Mass-Test_P_00340_LEFT_CC/1.3.6.1.4.1.9590.100.1.2.411206264212209372130854394011207620743/1.3.6.1.4.1.9590.100.1.2.374553695313635103709420138272111327091/000000.dcm,mass,test,0,BENIGN
P_00343,LEFT,CC,mass,BENIGN_WITHOUT_CALLBACK,Mass-Test_P_00343_LEFT_CC/1.3.6.1.4.1.9590.100.1.2.329903390613781393242876389260155932968/1.3.6.1.4.1.9590.100.1.2.379745782313287003838481581422265534239/000000.dcm,mass,test,0,BENIGN
P_00343,LEFT,MLO,mass,BENIGN_WITHOUT_CALLBACK,Mass-Test_P_00343_LEFT_MLO/1.3.6.1.4.1.9590.100.1.2.395025358513765826917771508570352603922/1.3.6.1.4.1.9590.100.1.2.232043140012455442340816109393409527243/000000.dcm,mass,test,0,BENIGN
P_00343,RIGHT,CC,mass,BENIGN_WITHOUT_CALLBACK,Mass-Test_P_00343_RIGHT_CC/1.3.6.1.4.1.9590.100.1.2.311521757211415820700903584620806761970/1.3.6.1.4.1.9590.100.1.2.35067210511731963308204215142101876938/000000.dcm,mass,test,0,BENIGN
P_00343,RIGHT,CC,mass,BENIGN_WITHOUT_CALLBACK,Mass-Test_P_00343_RIGHT_CC/1.3.6.1.4.1.9590.100.1.2.311521757211415820700903584620806761970/1.3.6.1.4.1.9590.100.1.2.35067210511731963308204215142101876938/000000.dcm,mass,test,0,BENIGN
P_00343,RIGHT,MLO,mass,BENIGN_WITHOUT_CALLBACK,Mass-Test_P_00343_RIGHT_MLO/1.3.6.1.4.1.9590.100.1.2.396308336010759896505416900221197852073/1.3.6.1.4.1.9590.100.1.2.150648858511947639230634691850393302661/000000.dcm,mass,test,0,BENIGN
P_00343,RIGHT,MLO,mass,BENIGN_WITHOUT_CALLBACK,Mass-Test_P_00343_RIGHT_MLO/1.3.6.1.4.1.9590.100.1.2.396308336010759896505416900221197852073/1.3.6.1.4.1.9590.100.1.2.150648858511947639230634691850393302661/000000.dcm,mass,test,0,BENIGN
P_00347,LEFT,CC,mass,MALIGNANT,Mass-Test_P_00347_LEFT_CC/1.3.6.1.4.1.9590.100.1.2.33458012512610619941658759000297212213/1.3.6.1.4.1.9590.100.1.2.299089859011811216702959702283135393884/000000.dcm,mass,test,1,MALIGNANT
P_00347,LEFT,MLO,mass,MALIGNANT,Mass-Test_P_00347_LEFT_MLO/1.3.6.1.4.1.9590.100.1.2.102984702812742722305823922360699156228/1.3.6.1.4.1.9590.100.1.2.328888964910420470437557917552593278246/000000.dcm,mass,test,1,MALIGNANT
P_00358,RIGHT,CC,mass,BENIGN,Mass-Test_P_00358_RIGHT_CC/1.3.6.1.4.1.9590.100.1.2.42654775111803589207110496051688737990/1.3.6.1.4.1.9590.100.1.2.413890656112604639030656894860865210722/000000.dcm,mass,test,0,BENIGN
P_00358,RIGHT,MLO,mass,BENIGN,Mass-Test_P_00358_RIGHT_MLO/1.3.6.1.4.1.9590.100.1.2.327625143211602151126827109692833083025/1.3.6.1.4.1.9590.100.1.2.206770272312843689332399740791908277748/000000.dcm,mass,test,0,BENIGN
P_00359,LEFT,MLO,mass,BENIGN,Mass-Test_P_00359_LEFT_MLO/1.3.6.1.4.1.9590.100.1.2.283648483511052571004645049943952404273/1.3.6.1.4.1.9590.100.1.2.349416630510389001238937099742685821816/000000.dcm,mass,test,0,BENIGN
P_00369,LEFT,CC,mass,BENIGN,Mass-Test_P_00369_LEFT_CC/1.3.6.1.4.1.9590.100.1.2.412076010412413889739386082853381744063/1.3.6.1.4.1.9590.100.1.2.74504296312163760305056065661669925702/000000.dcm,mass,test,0,BENIGN
P_00369,LEFT,MLO,mass,BENIGN,Mass-Test_P_00369_LEFT_MLO/1.3.6.1.4.1.9590.100.1.2.292201099311839565209160490702237660288/1.3.6.1.4.1.9590.100.1.2.237080668813961677812731068531533210068/000000.dcm,mass,test,0,BENIGN
P_00375,RIGHT,CC,mass,MALIGNANT,Mass-Test_P_00375_RIGHT_CC/1.3.6.1.4.1.9590.100.1.2.219383711513646075707004689251702714222/1.3.6.1.4.1.9590.100.1.2.392008025111320666713741270121973626961/000000.dcm,mass,test,1,MALIGNANT
P_00375,RIGHT,MLO,mass,MALIGNANT,Mass-Test_P_00375_RIGHT_MLO/1.3.6.1.4.1.9590.100.1.2.124361309412986232739236865683202605072/1.3.6.1.4.1.9590.100.1.2.344262099412871449018520272690029800443/000000.dcm,mass,test,1,MALIGNANT
P_00379,LEFT,CC,mass,BENIGN,Mass-Test_P_00379_LEFT_CC/1.3.6.1.4.1.9590.100.1.2.426163144911347602400453075440308074266/1.3.6.1.4.1.9590.100.1.2.183705503811223732021100304830605567536/000000.dcm,mass,test,0,BENIGN
P_00379,LEFT,MLO,mass,BENIGN,Mass-Test_P_00379_LEFT_MLO/1.3.6.1.4.1.9590.100.1.2.228320650712773108829541661890049883531/1.3.6.1.4.1.9590.100.1.2.317216124410630220004117216344047489299/000000.dcm,mass,test,0,BENIGN
P_00381,LEFT,CC,mass,BENIGN,Mass-Test_P_00381_LEFT_CC/1.3.6.1.4.1.9590.100.1.2.270295168510989073523749075262334882168/1.3.6.1.4.1.9590.100.1.2.325293736011893421816901315930122472763/000000.dcm,mass,test,0,BENIGN
P_00381,LEFT,MLO,mass,BENIGN,Mass-Test_P_00381_LEFT_MLO/1.3.6.1.4.1.9590.100.1.2.98237180810313132028590178903103810372/1.3.6.1.4.1.9590.100.1.2.272184723711385047630954095450427972031/000000.dcm,mass,test,0,BENIGN
P_00387,RIGHT,CC,mass,BENIGN,Mass-Test_P_00387_RIGHT_CC/1.3.6.1.4.1.9590.100.1.2.220717451511013488730367400092102903792/1.3.6.1.4.1.9590.100.1.2.135422454012874067009601501804111887370/000000.dcm,mass,test,0,BENIGN
P_00387,RIGHT,MLO,mass,BENIGN,Mass-Test_P_00387_RIGHT_MLO/1.3.6.1.4.1.9590.100.1.2.22728997612947626641255031662915574638/1.3.6.1.4.1.9590.100.1.2.127573706913869996130561460512292009618/000000.dcm,mass,test,0,BENIGN
P_00391,LEFT,CC,mass,BENIGN,Mass-Test_P_00391_LEFT_CC/1.3.6.1.4.1.9590.100.1.2.201685147112795981302371851723367214353/1.3.6.1.4.1.9590.100.1.2.422849860111676111028201908821884934975/000000.dcm,mass,test,0,BENIGN
P_00391,LEFT,MLO,mass,BENIGN,Mass-Test_P_00391_LEFT_MLO/1.3.6.1.4.1.9590.100.1.2.362198158711539139332458070241144429158/1.3.6.1.4.1.9590.100.1.2.306024108010728918506901922744233626490/000000.dcm,mass,test,0,BENIGN
P_00391,RIGHT,CC,mass,BENIGN,Mass-Test_P_00391_RIGHT_CC/1.3.6.1.4.1.9590.100.1.2.293001722510960030317773313840500267444/1.3.6.1.4.1.9590.100.1.2.152720263010139371308913271273146037889/000000.dcm,mass,test,0,BENIGN
P_00391,RIGHT,MLO,mass,BENIGN,Mass-Test_P_00391_RIGHT_MLO/1.3.6.1.4.1.9590.100.1.2.104968367711981823934985450582106589558/1.3.6.1.4.1.9590.100.1.2.216221514411130349135227372933512912158/000000.dcm,mass,test,0,BENIGN
P_00394,RIGHT,MLO,mass,BENIGN_WITHOUT_CALLBACK,Mass-Test_P_00394_RIGHT_MLO/1.3.6.1.4.1.9590.100.1.2.104132190812221830802273402011140109503/1.3.6.1.4.1.9590.100.1.2.147260159312295831203581664391899835969/000000.dcm,mass,test,0,BENIGN
P_00405,LEFT,CC,mass,BENIGN,Mass-Test_P_00405_LEFT_CC/1.3.6.1.4.1.9590.100.1.2.198428826912765780420874469423328901140/1.3.6.1.4.1.9590.100.1.2.81471011312650121631650241400160900958/000000.dcm,mass,test,0,BENIGN
P_00405,LEFT,MLO,mass,BENIGN,Mass-Test_P_00405_LEFT_MLO/1.3.6.1.4.1.9590.100.1.2.376118328312798564436027426910914272383/1.3.6.1.4.1.9590.100.1.2.134769761712283351009294739412953750298/000000.dcm,mass,test,0,BENIGN
P_00409,RIGHT,CC,mass,BENIGN,Mass-Test_P_00409_RIGHT_CC/1.3.6.1.4.1.9590.100.1.2.419686157113021525826861085810597214697/1.3.6.1.4.1.9590.100.1.2.96513597513029391720964120841854212659/000000.dcm,mass,test,0,BENIGN
P_00409,RIGHT,MLO,mass,BENIGN,Mass-Test_P_00409_RIGHT_MLO/1.3.6.1.4.1.9590.100.1.2.156047702613672149341296574791819202642/1.3.6.1.4.1.9590.100.1.2.399153417611060546131475739452590070447/000000.dcm,mass,test,0,BENIGN
P_00429,LEFT,CC,mass,BENIGN_WITHOUT_CALLBACK,Mass-Test_P_00429_LEFT_CC/1.3.6.1.4.1.9590.100.1.2.341094100813124737934238980421579429605/1.3.6.1.4.1.9590.100.1.2.279036464210524758620840078703971245005/000000.dcm,mass,test,0,BENIGN
P_00429,LEFT,MLO,mass,BENIGN_WITHOUT_CALLBACK,Mass-Test_P_00429_LEFT_MLO/1.3.6.1.4.1.9590.100.1.2.337750753511727036742114845623434225882/1.3.6.1.4.1.9590.100.1.2.113583792311212383210951763561565368299/000000.dcm,mass,test,0,BENIGN
P_00433,LEFT,CC,mass,BENIGN,Mass-Test_P_00433_LEFT_CC/1.3.6.1.4.1.9590.100.1.2.402204983911471114906141443862402146676/1.3.6.1.4.1.9590.100.1.2.83882081811707961806397341681542038535/000000.dcm,mass,test,0,BENIGN
P_00433,LEFT,MLO,mass,BENIGN,Mass-Test_P_00433_LEFT_MLO/1.3.6.1.4.1.9590.100.1.2.378442270211064066115590900502479402559/1.3.6.1.4.1.9590.100.1.2.317382923213614689928747109691347347957/000000.dcm,mass,test,0,BENIGN
P_00457,LEFT,CC,mass,BENIGN,Mass-Test_P_00457_LEFT_CC/1.3.6.1.4.1.9590.100.1.2.395231684311158920716285508164182758224/1.3.6.1.4.1.9590.100.1.2.282465505413067883739353092010390100823/000000.dcm,mass,test,0,BENIGN
P_00457,LEFT,MLO,mass,BENIGN,Mass-Test_P_00457_LEFT_MLO/1.3.6.1.4.1.9590.100.1.2.79819638912274319915015425472934521448/1.3.6.1.4.1.9590.100.1.2.79352214011910536602988061690782315986/000000.dcm,mass,test,0,BENIGN
P_00464,RIGHT,CC,mass,BENIGN,Mass-Test_P_00464_RIGHT_CC/1.3.6.1.4.1.9590.100.1.2.61543175811526130603109059941447491305/1.3.6.1.4.1.9590.100.1.2.299745035111229031813860197373015983117/000000.dcm,mass,test,0,BENIGN
P_00464,RIGHT,MLO,mass,BENIGN,Mass-Test_P_00464_RIGHT_MLO/1.3.6.1.4.1.9590.100.1.2.37672307311258517000064736181081442588/1.3.6.1.4.1.9590.100.1.2.151178406511629586605682927950166107710/000000.dcm,mass,test,0,BENIGN
P_00470,RIGHT,CC,mass,BENIGN,Mass-Test_P_00470_RIGHT_CC/1.3.6.1.4.1.9590.100.1.2.418020592112256692640323616492530859530/1.3.6.1.4.1.9590.100.1.2.156596883311683592237672265011108716388/000000.dcm,mass,test,0,BENIGN
P_00470,RIGHT,MLO,mass,BENIGN,Mass-Test_P_00470_RIGHT_MLO/1.3.6.1.4.1.9590.100.1.2.348829264011366775319712336672118718553/1.3.6.1.4.1.9590.100.1.2.154058962613328519929136864181603772657/000000.dcm,mass,test,0,BENIGN
P_00481,RIGHT,CC,mass,MALIGNANT,Mass-Test_P_00481_RIGHT_CC/1.3.6.1.4.1.9590.100.1.2.385553533011298516115462540021198542679/1.3.6.1.4.1.9590.100.1.2.158701771611343537008509708103278053068/000000.dcm,mass,test,1,MALIGNANT
P_00481,RIGHT,MLO,mass,MALIGNANT,Mass-Test_P_00481_RIGHT_MLO/1.3.6.1.4.1.9590.100.1.2.170900922412173816635461485263328832511/1.3.6.1.4.1.9590.100.1.2.361080532611041680227688608041486125163/000000.dcm,mass,test,1,MALIGNANT
P_00482,LEFT,CC,mass,BENIGN,Mass-Test_P_00482_LEFT_CC/1.3.6.1.4.1.9590.100.1.2.335152570412855937225924095142858992086/1.3.6.1.4.1.9590.100.1.2.317683329413111068336146607743308707151/000000.dcm,mass,test,0,BENIGN
P_00482,LEFT,MLO,mass,BENIGN,Mass-Test_P_00482_LEFT_MLO/1.3.6.1.4.1.9590.100.1.2.166891064513012519637355588382712251006/1.3.6.1.4.1.9590.100.1.2.280715336413264839123954197972783877415/000000.dcm,mass,test,0,BENIGN
P_00490,RIGHT,CC,mass,BENIGN,Mass-Test_P_00490_RIGHT_CC/1.3.6.1.4.1.9590.100.1.2.151743772611139240730267035353635982206/1.3.6.1.4.1.9590.100.1.2.12070919312880382900449340673073871236/000000.dcm,mass,test,0,BENIGN
P_00490,RIGHT,MLO,mass,BENIGN,Mass-Test_P_00490_RIGHT_MLO/1.3.6.1.4.1.9590.100.1.2.284932183513800867025828021114195685430/1.3.6.1.4.1.9590.100.1.2.304568701412374073029222916421322882504/000000.dcm,mass,test,0,BENIGN
P_00493,RIGHT,CC,mass,BENIGN,Mass-Test_P_00493_RIGHT_CC/1.3.6.1.4.1.9590.100.1.2.350966015712780076314492691611058808053/1.3.6.1.4.1.9590.100.1.2.126368079812214812515905537283750153339/000000.dcm,mass,test,0,BENIGN
P_00494,RIGHT,CC,mass,BENIGN,Mass-Test_P_00494_RIGHT_CC/1.3.6.1.4.1.9590.100.1.2.189486411412896278938380832121520507830/1.3.6.1.4.1.9590.100.1.2.360339937711853457637083324233810696192/000000.dcm,mass,test,0,BENIGN
P_00494,RIGHT,MLO,mass,BENIGN,Mass-Test_P_00494_RIGHT_MLO/1.3.6.1.4.1.9590.100.1.2.323461092012217329620015760722936877786/1.3.6.1.4.1.9590.100.1.2.365545388913113620222934826503707312382/000000.dcm,mass,test,0,BENIGN
P_00498,LEFT,CC,mass,MALIGNANT,Mass-Test_P_00498_LEFT_CC/1.3.6.1.4.1.9590.100.1.2.296387352911345019727287914604243421494/1.3.6.1.4.1.9590.100.1.2.188171322412490158916861741203390183722/000000.dcm,mass,test,1,MALIGNANT
P_00498,LEFT,MLO,mass,MALIGNANT,Mass-Test_P_00498_LEFT_MLO/1.3.6.1.4.1.9590.100.1.2.234236345511824586519712247073742987265/1.3.6.1.4.1.9590.100.1.2.225497890412984571941445661550697944888/000000.dcm,mass,test,1,MALIGNANT
P_00500,RIGHT,MLO,mass,MALIGNANT,Mass-Test_P_00500_RIGHT_MLO/1.3.6.1.4.1.9590.100.1.2.209443820711109504802956020620332600552/1.3.6.1.4.1.9590.100.1.2.14152124510259544530080853970896041923/000000.dcm,mass,test,1,MALIGNANT
P_00510,LEFT,CC,mass,BENIGN_WITHOUT_CALLBACK,Mass-Test_P_00510_LEFT_CC/1.3.6.1.4.1.9590.100.1.2.206318526111677905103092097822032036085/1.3.6.1.4.1.9590.100.1.2.147311580212826126738141223861016749378/000000.dcm,mass,test,0,BENIGN
P_00510,LEFT,MLO,mass,BENIGN_WITHOUT_CALLBACK,Mass-Test_P_00510_LEFT_MLO/1.3.6.1.4.1.9590.100.1.2.122700669611208933831880823222472443734/1.3.6.1.4.1.9590.100.1.2.96055546212612146511521525081909597765/000000.dcm,mass,test,0,BENIGN
P_00514,LEFT,MLO,mass,MALIGNANT,Mass-Test_P_00514_LEFT_MLO/1.3.6.1.4.1.9590.100.1.2.47648711410311655019783617703774126687/1.3.6.1.4.1.9590.100.1.2.4140531212071306626669661820377250615/000000.dcm,mass,test,1,MALIGNANT
P_00516,LEFT,CC,mass,MALIGNANT,Mass-Test_P_00516_LEFT_CC/1.3.6.1.4.1.9590.100.1.2.394765662212772229321250889073060397493/1.3.6.1.4.1.9590.100.1.2.141379382010521670602698630473237052486/000000.dcm,mass,test,1,MALIGNANT
P_00516,LEFT,MLO,mass,MALIGNANT,Mass-Test_P_00516_LEFT_MLO/1.3.6.1.4.1.9590.100.1.2.209395396213857238122717101362054881745/1.3.6.1.4.1.9590.100.1.2.65600667311336576717304559970374263647/000000.dcm,mass,test,1,MALIGNANT
P_00524,LEFT,CC,mass,MALIGNANT,Mass-Test_P_00524_LEFT_CC/1.3.6.1.4.1.9590.100.1.2.283722079512616189503347657070124594299/1.3.6.1.4.1.9590.100.1.2.16947996813964256337239120813794077871/000000.dcm,mass,test,1,MALIGNANT
P_00524,LEFT,MLO,mass,MALIGNANT,Mass-Test_P_00524_LEFT_MLO/1.3.6.1.4.1.9590.100.1.2.216869178413635659608224326800653970880/1.3.6.1.4.1.9590.100.1.2.366557165612782681202292343440774546974/000000.dcm,mass,test,1,MALIGNANT
P_00533,LEFT,CC,mass,BENIGN_WITHOUT_CALLBACK,Mass-Test_P_00533_LEFT_CC/1.3.6.1.4.1.9590.100.1.2.116806464113997775918756824721076645627/1.3.6.1.4.1.9590.100.1.2.267140124212547754319082735671199457584/000000.dcm,mass,test,0,BENIGN
P_00533,LEFT,MLO,mass,BENIGN_WITHOUT_CALLBACK,Mass-Test_P_00533_LEFT_MLO/1.3.6.1.4.1.9590.100.1.2.238665597813959652708855474073148230544/1.3.6.1.4.1.9590.100.1.2.175476572912204146233170994160170991797/000000.dcm,mass,test,0,BENIGN
P_00544,LEFT,CC,mass,MALIGNANT,Mass-Test_P_00544_LEFT_CC/1.3.6.1.4.1.9590.100.1.2.394935433712056545141766355653478266082/1.3.6.1.4.1.9590.100.1.2.65603312513435703008593993544017526418/000000.dcm,mass,test,1,MALIGNANT
P_00544,LEFT,MLO,mass,MALIGNANT,Mass-Test_P_00544_LEFT_MLO/1.3.6.1.4.1.9590.100.1.2.366820573312842861205965259892582548178/1.3.6.1.4.1.9590.100.1.2.258503939211307921301965554251595328151/000000.dcm,mass,test,1,MALIGNANT
P_00576,LEFT,CC,mass,MALIGNANT,Mass-Test_P_00576_LEFT_CC/1.3.6.1.4.1.9590.100.1.2.343964584010215963114742494070977753810/1.3.6.1.4.1.9590.100.1.2.212566885810817325830568575112613373106/000000.dcm,mass,test,1,MALIGNANT
P_00576,LEFT,MLO,mass,MALIGNANT,Mass-Test_P_00576_LEFT_MLO/1.3.6.1.4.1.9590.100.1.2.286066835611001826026599822472773283217/1.3.6.1.4.1.9590.100.1.2.100522099512256189513864912954167862869/000000.dcm,mass,test,1,MALIGNANT
P_00587,RIGHT,CC,mass,BENIGN,Mass-Test_P_00587_RIGHT_CC/1.3.6.1.4.1.9590.100.1.2.276589759211006552805778077913362157947/1.3.6.1.4.1.9590.100.1.2.264906955811106358522569461023509978726/000000.dcm,mass,test,0,BENIGN
P_00587,RIGHT,MLO,mass,BENIGN,Mass-Test_P_00587_RIGHT_MLO/1.3.6.1.4.1.9590.100.1.2.313371927311113793604580151152072298522/1.3.6.1.4.1.9590.100.1.2.167297865211327762901863635683148127999/000000.dcm,mass,test,0,BENIGN
P_00591,RIGHT,MLO,mass,MALIGNANT,Mass-Test_P_00591_RIGHT_MLO/1.3.6.1.4.1.9590.100.1.2.385170918813623598302934307071213167898/1.3.6.1.4.1.9590.100.1.2.20451842012947487407679988681863733854/000000.dcm,mass,test,1,MALIGNANT
P_00598,LEFT,CC,mass,MALIGNANT,Mass-Test_P_00598_LEFT_CC/1.3.6.1.4.1.9590.100.1.2.305362803610007954926164822022441443480/1.3.6.1.4.1.9590.100.1.2.249341090513371521918814112271071302823/000000.dcm,mass,test,1,MALIGNANT
P_00598,LEFT,MLO,mass,MALIGNANT,Mass-Test_P_00598_LEFT_MLO/1.3.6.1.4.1.9590.100.1.2.404742099011686818523319371653379799335/1.3.6.1.4.1.9590.100.1.2.57356823611525636036904521060745035167/000000.dcm,mass,test,1,MALIGNANT
P_00601,LEFT,CC,mass,BENIGN,Mass-Test_P_00601_LEFT_CC/1.3.6.1.4.1.9590.100.1.2.329070348213711088642769330260826004891/1.3.6.1.4.1.9590.100.1.2.48473032313233605538418748780882019557/000000.dcm,mass,test,0,BENIGN
P_00601,LEFT,MLO,mass,BENIGN,Mass-Test_P_00601_LEFT_MLO/1.3.6.1.4.1.9590.100.1.2.142065133612748878536601581221344377684/1.3.6.1.4.1.9590.100.1.2.271770296112689949720751010963599745032/000000.dcm,mass,test,0,BENIGN
P_00612,RIGHT,MLO,mass,BENIGN_WITHOUT_CALLBACK,Mass-Test_P_00612_RIGHT_MLO/1.3.6.1.4.1.9590.100.1.2.424236903113754915118525700063172090417/1.3.6.1.4.1.9590.100.1.2.303187804912710561742283155760426369730/000000.dcm,mass,test,0,BENIGN
P_00615,RIGHT,CC,mass,BENIGN,Mass-Test_P_00615_RIGHT_CC/1.3.6.1.4.1.9590.100.1.2.220466764011663446727888828262221551589/1.3.6.1.4.1.9590.100.1.2.63254124010382412106140886080421874346/000000.dcm,mass,test,0,BENIGN
P_00615,RIGHT,MLO,mass,BENIGN,Mass-Test_P_00615_RIGHT_MLO/1.3.6.1.4.1.9590.100.1.2.54075095911318333313183067510503459484/1.3.6.1.4.1.9590.100.1.2.201527583611463430741068294442740798624/000000.dcm,mass,test,0,BENIGN
P_00623,LEFT,CC,mass,BENIGN,Mass-Test_P_00623_LEFT_CC/1.3.6.1.4.1.9590.100.1.2.139291821111408879518883567473190227728/1.3.6.1.4.1.9590.100.1.2.270534843010768821512804269102368391525/000000.dcm,mass,test,0,BENIGN
P_00623,LEFT,MLO,mass,BENIGN,Mass-Test_P_00623_LEFT_MLO/1.3.6.1.4.1.9590.100.1.2.411058129612886181107598304021248619757/1.3.6.1.4.1.9590.100.1.2.51274773610140560532925725820714319150/000000.dcm,mass,test,0,BENIGN
P_00629,RIGHT,CC,mass,BENIGN,Mass-Test_P_00629_RIGHT_CC/1.3.6.1.4.1.9590.100.1.2.380224825612296059117344682271703587356/1.3.6.1.4.1.9590.100.1.2.266411285312966427931464733992684501075/000000.dcm,mass,test,0,BENIGN
P_00629,RIGHT,MLO,mass,BENIGN,Mass-Test_P_00629_RIGHT_MLO/1.3.6.1.4.1.9590.100.1.2.34699415612078675109649079373929313491/1.3.6.1.4.1.9590.100.1.2.52961829611670829303289191680479351305/000000.dcm,mass,test,0,BENIGN
P_00636,RIGHT,CC,mass,MALIGNANT,Mass-Test_P_00636_RIGHT_CC/1.3.6.1.4.1.9590.100.1.2.300944476311908539819532799283590259978/1.3.6.1.4.1.9590.100.1.2.68570444110011189929790796053164855558/000000.dcm,mass,test,1,MALIGNANT
P_00636,RIGHT,MLO,mass,MALIGNANT,Mass-Test_P_00636_RIGHT_MLO/1.3.6.1.4.1.9590.100.1.2.317065045112732181740799740534211168646/1.3.6.1.4.1.9590.100.1.2.385242189912588347312359400063863796094/000000.dcm,mass,test,1,MALIGNANT
P_00639,LEFT,MLO,mass,BENIGN,Mass-Test_P_00639_LEFT_MLO/1.3.6.1.4.1.9590.100.1.2.275032527712705804423388550742431252529/1.3.6.1.4.1.9590.100.1.2.308758825912337947930849727183058208921/000000.dcm,mass,test,0,BENIGN
P_00641,RIGHT,CC,mass,MALIGNANT,Mass-Test_P_00641_RIGHT_CC/1.3.6.1.4.1.9590.100.1.2.17455265011245071123000121871726076887/1.3.6.1.4.1.9590.100.1.2.268773746013947447819288936172589383858/000000.dcm,mass,test,1,MALIGNANT
P_00641,RIGHT,MLO,mass,MALIGNANT,Mass-Test_P_00641_RIGHT_MLO/1.3.6.1.4.1.9590.100.1.2.85781086712648335920239187553840218396/1.3.6.1.4.1.9590.100.1.2.298182292911092851330265757910945773003/000000.dcm,mass,test,1,MALIGNANT
P_00652,LEFT,CC,mass,BENIGN,Mass-Test_P_00652_LEFT_CC/1.3.6.1.4.1.9590.100.1.2.163146166812080534715560331731679187823/1.3.6.1.4.1.9590.100.1.2.351095773812262405525829356842200610924/000000.dcm,mass,test,0,BENIGN
P_00656,RIGHT,MLO,mass,MALIGNANT,Mass-Test_P_00656_RIGHT_MLO/1.3.6.1.4.1.9590.100.1.2.63039306312841401342009645423452657417/1.3.6.1.4.1.9590.100.1.2.228321467711661695217126616462194081040/000000.dcm,mass,test,1,MALIGNANT
P_00662,LEFT,CC,mass,BENIGN,Mass-Test_P_00662_LEFT_CC/1.3.6.1.4.1.9590.100.1.2.56775618912628948026420568611980445570/1.3.6.1.4.1.9590.100.1.2.367256477812693815717371345252508663163/000000.dcm,mass,test,0,BENIGN
P_00662,LEFT,MLO,mass,BENIGN,Mass-Test_P_00662_LEFT_MLO/1.3.6.1.4.1.9590.100.1.2.84155558310188130907182783163098734648/1.3.6.1.4.1.9590.100.1.2.403050124711420404835698594840910402827/000000.dcm,mass,test,0,BENIGN
P_00671,LEFT,CC,mass,BENIGN,Mass-Test_P_00671_LEFT_CC/1.3.6.1.4.1.9590.100.1.2.331085664511154197724851660143212334610/1.3.6.1.4.1.9590.100.1.2.361646451612645136338469362150071379257/000000.dcm,mass,test,0,BENIGN
P_00671,LEFT,MLO,mass,BENIGN,Mass-Test_P_00671_LEFT_MLO/1.3.6.1.4.1.9590.100.1.2.214290124011786326828407996673574398976/1.3.6.1.4.1.9590.100.1.2.149608967312503353909450618211677669934/000000.dcm,mass,test,0,BENIGN
P_00677,RIGHT,CC,mass,MALIGNANT,Mass-Test_P_00677_RIGHT_CC/1.3.6.1.4.1.9590.100.1.2.249883409011145752310989525882920491074/1.3.6.1.4.1.9590.100.1.2.258538260613959366301046032761392246135/000000.dcm,mass,test,1,MALIGNANT
P_00677,RIGHT,MLO,mass,MALIGNANT,Mass-Test_P_00677_RIGHT_MLO/1.3.6.1.4.1.9590.100.1.2.255174901411321049933932632551809838217/1.3.6.1.4.1.9590.100.1.2.242629471012127869529548965622673332057/000000.dcm,mass,test,1,MALIGNANT
P_00699,RIGHT,CC,mass,BENIGN,Mass-Test_P_00699_RIGHT_CC/1.3.6.1.4.1.9590.100.1.2.303934672311391817417174604110279148625/1.3.6.1.4.1.9590.100.1.2.204033481911004862841422657551673864032/000000.dcm,mass,test,0,BENIGN
P_00699,RIGHT,MLO,mass,BENIGN,Mass-Test_P_00699_RIGHT_MLO/1.3.6.1.4.1.9590.100.1.2.299756943812133215705506123732454626533/1.3.6.1.4.1.9590.100.1.2.338795836012549040207248221723714291947/000000.dcm,mass,test,0,BENIGN
P_00707,RIGHT,CC,mass,BENIGN,Mass-Test_P_00707_RIGHT_CC/1.3.6.1.4.1.9590.100.1.2.386386991512317807301086947183063262654/1.3.6.1.4.1.9590.100.1.2.382574224611462782629539373151799262608/000000.dcm,mass,test,0,BENIGN
P_00707,RIGHT,MLO,mass,BENIGN,Mass-Test_P_00707_RIGHT_MLO/1.3.6.1.4.1.9590.100.1.2.399075731511392623812781592773673496961/1.3.6.1.4.1.9590.100.1.2.104175843212955332137248400671186776872/000000.dcm,mass,test,0,BENIGN
P_00718,RIGHT,MLO,mass,BENIGN,Mass-Test_P_00718_RIGHT_MLO/1.3.6.1.4.1.9590.100.1.2.222108155111975981006863758683740679243/1.3.6.1.4.1.9590.100.1.2.211754276610265292729942197084289485442/000000.dcm,mass,test,0,BENIGN
P_00738,RIGHT,CC,mass,BENIGN,Mass-Test_P_00738_RIGHT_CC/1.3.6.1.4.1.9590.100.1.2.237842889913165090707315395980357953345/1.3.6.1.4.1.9590.100.1.2.91499954013996703516414818583573199018/000000.dcm,mass,test,0,BENIGN
P_00738,RIGHT,MLO,mass,BENIGN,Mass-Test_P_00738_RIGHT_MLO/1.3.6.1.4.1.9590.100.1.2.9896479812261675412908678882861083311/1.3.6.1.4.1.9590.100.1.2.71997710712252113428035035082879692119/000000.dcm,mass,test,0,BENIGN
P_00741,LEFT,CC,mass,MALIGNANT,Mass-Test_P_00741_LEFT_CC/1.3.6.1.4.1.9590.100.1.2.106986190213174277819818766593165956533/1.3.6.1.4.1.9590.100.1.2.406501635410171818639933528422385577029/000000.dcm,mass,test,1,MALIGNANT
P_00741,LEFT,MLO,mass,MALIGNANT,Mass-Test_P_00741_LEFT_MLO/1.3.6.1.4.1.9590.100.1.2.107913070910162975722644071942575698190/1.3.6.1.4.1.9590.100.1.2.195619769212745505323965034531436697402/000000.dcm,mass,test,1,MALIGNANT
P_00758,LEFT,CC,mass,MALIGNANT,Mass-Test_P_00758_LEFT_CC/1.3.6.1.4.1.9590.100.1.2.122959151811624258835757060402564196045/1.3.6.1.4.1.9590.100.1.2.298973629312152448729346533244186987306/000000.dcm,mass,test,1,MALIGNANT
P_00758,LEFT,MLO,mass,MALIGNANT,Mass-Test_P_00758_LEFT_MLO/1.3.6.1.4.1.9590.100.1.2.349813524112278023427513110261774999016/1.3.6.1.4.1.9590.100.1.2.181964220211788732005628241150068875694/000000.dcm,mass,test,1,MALIGNANT
P_00766,LEFT,CC,mass,BENIGN,Mass-Test_P_00766_LEFT_CC/1.3.6.1.4.1.9590.100.1.2.354227322713629010240414606440412353012/1.3.6.1.4.1.9590.100.1.2.360559152513252260107127896703987027920/000000.dcm,mass,test,0,BENIGN
P_00766,LEFT,MLO,mass,BENIGN,Mass-Test_P_00766_LEFT_MLO/1.3.6.1.4.1.9590.100.1.2.290488875311976289709664764594098895558/1.3.6.1.4.1.9590.100.1.2.91058729212200153403438754930629868603/000000.dcm,mass,test,0,BENIGN
P_00773,LEFT,CC,mass,MALIGNANT,Mass-Test_P_00773_LEFT_CC/1.3.6.1.4.1.9590.100.1.2.286034646612146265718438872431547487920/1.3.6.1.4.1.9590.100.1.2.385754322612458255422314848630057330699/000000.dcm,mass,test,1,MALIGNANT
P_00773,LEFT,MLO,mass,MALIGNANT,Mass-Test_P_00773_LEFT_MLO/1.3.6.1.4.1.9590.100.1.2.54676027212850848630497939592478538819/1.3.6.1.4.1.9590.100.1.2.168723303711163006237543443632206381882/000000.dcm,mass,test,1,MALIGNANT
P_00788,RIGHT,MLO,mass,BENIGN,Mass-Test_P_00788_RIGHT_MLO/1.3.6.1.4.1.9590.100.1.2.215407989712634569730161427754066309320/1.3.6.1.4.1.9590.100.1.2.184888501511497207031410602342795983342/000000.dcm,mass,test,0,BENIGN
P_00813,RIGHT,MLO,mass,MALIGNANT,Mass-Test_P_00813_RIGHT_MLO/1.3.6.1.4.1.9590.100.1.2.96699930111611146740318739371000200310/1.3.6.1.4.1.9590.100.1.2.188910146210758900616731337481078908438/000000.dcm,mass,test,1,MALIGNANT
P_00820,LEFT,CC,mass,MALIGNANT,Mass-Test_P_00820_LEFT_CC/1.3.6.1.4.1.9590.100.1.2.34438217611956039403009824232777984891/1.3.6.1.4.1.9590.100.1.2.268423938412010621940435047711718112693/000000.dcm,mass,test,1,MALIGNANT
P_00820,LEFT,MLO,mass,MALIGNANT,Mass-Test_P_00820_LEFT_MLO/1.3.6.1.4.1.9590.100.1.2.76398558910572625609162945830940591262/1.3.6.1.4.1.9590.100.1.2.362620324812321450233913983280182210137/000000.dcm,mass,test,1,MALIGNANT
P_00820,RIGHT,CC,mass,BENIGN,Mass-Test_P_00820_RIGHT_CC/1.3.6.1.4.1.9590.100.1.2.147539254913338701133033555822646613454/1.3.6.1.4.1.9590.100.1.2.250494629811387716326401222903538266699/000000.dcm,mass,test,0,BENIGN
P_00820,RIGHT,MLO,mass,BENIGN,Mass-Test_P_00820_RIGHT_MLO/1.3.6.1.4.1.9590.100.1.2.364519632711789981742814583090035383638/1.3.6.1.4.1.9590.100.1.2.204433294712596606213536280693657707372/000000.dcm,mass,test,0,BENIGN
P_00837,RIGHT,CC,mass,BENIGN,Mass-Test_P_00837_RIGHT_CC/1.3.6.1.4.1.9590.100.1.2.352087445312823998821701385361318396683/1.3.6.1.4.1.9590.100.1.2.61602306212554287925778904670142684861/000000.dcm,mass,test,0,BENIGN
P_00837,RIGHT,MLO,mass,BENIGN,Mass-Test_P_00837_RIGHT_MLO/1.3.6.1.4.1.9590.100.1.2.369836889412522901821119067100405299035/1.3.6.1.4.1.9590.100.1.2.387376052612398043313028230883987785975/000000.dcm,mass,test,0,BENIGN
P_00875,RIGHT,CC,mass,MALIGNANT,Mass-Test_P_00875_RIGHT_CC/1.3.6.1.4.1.9590.100.1.2.304468497512427067025430952223515643376/1.3.6.1.4.1.9590.100.1.2.49242335311260400338112751602458001814/000000.dcm,mass,test,1,MALIGNANT
P_00875,RIGHT,MLO,mass,MALIGNANT,Mass-Test_P_00875_RIGHT_MLO/1.3.6.1.4.1.9590.100.1.2.15875122611788616719928815921311518972/1.3.6.1.4.1.9590.100.1.2.398219774612448517402302058261533052307/000000.dcm,mass,test,1,MALIGNANT
P_00882,RIGHT,CC,mass,BENIGN,Mass-Test_P_00882_RIGHT_CC/1.3.6.1.4.1.9590.100.1.2.394610216011595946720687594342259429926/1.3.6.1.4.1.9590.100.1.2.156666634411136072728329168882908966996/000000.dcm,mass,test,0,BENIGN
P_00882,RIGHT,MLO,mass,BENIGN,Mass-Test_P_00882_RIGHT_MLO/1.3.6.1.4.1.9590.100.1.2.126293451411765115636830107382927439106/1.3.6.1.4.1.9590.100.1.2.412937317312184318725880587670963604709/000000.dcm,mass,test,0,BENIGN
P_00893,LEFT,CC,mass,BENIGN_WITHOUT_CALLBACK,Mass-Test_P_00893_LEFT_CC/1.3.6.1.4.1.9590.100.1.2.221627852812647094020498622822409600228/1.3.6.1.4.1.9590.100.1.2.216202987611560920141595662430329374783/000000.dcm,mass,test,0,BENIGN
P_00893,LEFT,MLO,mass,BENIGN_WITHOUT_CALLBACK,Mass-Test_P_00893_LEFT_MLO/1.3.6.1.4.1.9590.100.1.2.137267015413412800200196056851784565417/1.3.6.1.4.1.9590.100.1.2.85686461910787171020983218554121150052/000000.dcm,mass,test,0,BENIGN
P_00922,RIGHT,CC,mass,BENIGN,Mass-Test_P_00922_RIGHT_CC/1.3.6.1.4.1.9590.100.1.2.105282391613694825127916484242144849285/1.3.6.1.4.1.9590.100.1.2.350758500711977203105438437652746485768/000000.dcm,mass,test,0,BENIGN
P_00922,RIGHT,MLO,mass,BENIGN,Mass-Test_P_00922_RIGHT_MLO/1.3.6.1.4.1.9590.100.1.2.307765987913830592231162067513992852623/1.3.6.1.4.1.9590.100.1.2.419552524112122749501984836111617727698/000000.dcm,mass,test,0,BENIGN
P_00924,RIGHT,CC,mass,BENIGN_WITHOUT_CALLBACK,Mass-Test_P_00924_RIGHT_CC/1.3.6.1.4.1.9590.100.1.2.94839763811052759818530819882241384780/1.3.6.1.4.1.9590.100.1.2.80498641111280800807291969642715338491/000000.dcm,mass,test,0,BENIGN
P_00928,RIGHT,CC,mass,BENIGN_WITHOUT_CALLBACK,Mass-Test_P_00928_RIGHT_CC/1.3.6.1.4.1.9590.100.1.2.131670539511948624814893956461595515795/1.3.6.1.4.1.9590.100.1.2.403427335312961258003933894882074211899/000000.dcm,mass,test,0,BENIGN
P_00928,RIGHT,MLO,mass,BENIGN_WITHOUT_CALLBACK,Mass-Test_P_00928_RIGHT_MLO/1.3.6.1.4.1.9590.100.1.2.287010310312721064539727699412552153061/1.3.6.1.4.1.9590.100.1.2.95066275112816836637397827910274893726/000000.dcm,mass,test,0,BENIGN
P_00928,RIGHT,MLO,mass,BENIGN_WITHOUT_CALLBACK,Mass-Test_P_00928_RIGHT_MLO/1.3.6.1.4.1.9590.100.1.2.287010310312721064539727699412552153061/1.3.6.1.4.1.9590.100.1.2.95066275112816836637397827910274893726/000000.dcm,mass,test,0,BENIGN
P_00932,LEFT,MLO,mass,MALIGNANT,Mass-Test_P_00932_LEFT_MLO/1.3.6.1.4.1.9590.100.1.2.246382107012116143522367210260152248675/1.3.6.1.4.1.9590.100.1.2.157187471911823962532191108302754240733/000000.dcm,mass,test,1,MALIGNANT
P_00942,LEFT,CC,mass,MALIGNANT,Mass-Test_P_00942_LEFT_CC/1.3.6.1.4.1.9590.100.1.2.384019052912917613231947337030074457318/1.3.6.1.4.1.9590.100.1.2.340899045412691612316983079840633999565/000000.dcm,mass,test,1,MALIGNANT
P_00947,RIGHT,CC,mass,MALIGNANT,Mass-Test_P_00947_RIGHT_CC/1.3.6.1.4.1.9590.100.1.2.17519802211752321005050868571951483286/1.3.6.1.4.1.9590.100.1.2.241767253112981316208761762850200425270/000000.dcm,mass,test,1,MALIGNANT
P_00947,RIGHT,MLO,mass,MALIGNANT,Mass-Test_P_00947_RIGHT_MLO/1.3.6.1.4.1.9590.100.1.2.60614718911418323504828701890036687399/1.3.6.1.4.1.9590.100.1.2.117084389913299906908339818803604961351/000000.dcm,mass,test,1,MALIGNANT
P_00951,LEFT,CC,mass,BENIGN_WITHOUT_CALLBACK,Mass-Test_P_00951_LEFT_CC/1.3.6.1.4.1.9590.100.1.2.206866863912334888710736782413642755797/1.3.6.1.4.1.9590.100.1.2.258560655311028193625111499672480670508/000000.dcm,mass,test,0,BENIGN
P_00951,RIGHT,CC,mass,MALIGNANT,Mass-Test_P_00951_RIGHT_CC/1.3.6.1.4.1.9590.100.1.2.58773537913540612414380671210246041467/1.3.6.1.4.1.9590.100.1.2.79040702411772004907422243033911584465/000000.dcm,mass,test,1,MALIGNANT
P_00951,RIGHT,MLO,mass,MALIGNANT,Mass-Test_P_00951_RIGHT_MLO/1.3.6.1.4.1.9590.100.1.2.383409867511088495020697417051972487232/1.3.6.1.4.1.9590.100.1.2.309442487611565870504132812100361660014/000000.dcm,mass,test,1,MALIGNANT
P_00962,RIGHT,CC,mass,MALIGNANT,Mass-Test_P_00962_RIGHT_CC/1.3.6.1.4.1.9590.100.1.2.175105189612861434340672802663864341482/1.3.6.1.4.1.9590.100.1.2.1171337510424515733644328272589553771/000000.dcm,mass,test,1,MALIGNANT
P_00962,RIGHT,MLO,mass,MALIGNANT,Mass-Test_P_00962_RIGHT_MLO/1.3.6.1.4.1.9590.100.1.2.62117521413698712606660509642063730065/1.3.6.1.4.1.9590.100.1.2.306729082811125941800587634072424887532/000000.dcm,mass,test,1,MALIGNANT
P_00966,RIGHT,MLO,mass,BENIGN_WITHOUT_CALLBACK,Mass-Test_P_00966_RIGHT_MLO/1.3.6.1.4.1.9590.100.1.2.362920871912473281638856073004209871125/1.3.6.1.4.1.9590.100.1.2.120985041711985744633300778561327463509/000000.dcm,mass,test,0,BENIGN
P_00969,LEFT,CC,mass,BENIGN,Mass-Test_P_00969_LEFT_CC/1.3.6.1.4.1.9590.100.1.2.299046805113807331415286181222482206229/1.3.6.1.4.1.9590.100.1.2.231418499611483562804956443353410908413/000000.dcm,mass,test,0,BENIGN
P_00969,LEFT,CC,mass,MALIGNANT,Mass-Test_P_00969_LEFT_CC/1.3.6.1.4.1.9590.100.1.2.299046805113807331415286181222482206229/1.3.6.1.4.1.9590.100.1.2.231418499611483562804956443353410908413/000000.dcm,mass,test,1,MALIGNANT
P_00969,LEFT,MLO,mass,BENIGN,Mass-Test_P_00969_LEFT_MLO/1.3.6.1.4.1.9590.100.1.2.283787128612482388610801015602551009326/1.3.6.1.4.1.9590.100.1.2.87340566612403392138506082870553990204/000000.dcm,mass,test,0,BENIGN
P_00969,LEFT,MLO,mass,MALIGNANT,Mass-Test_P_00969_LEFT_MLO/1.3.6.1.4.1.9590.100.1.2.283787128612482388610801015602551009326/1.3.6.1.4.1.9590.100.1.2.87340566612403392138506082870553990204/000000.dcm,mass,test,1,MALIGNANT
P_00979,LEFT,CC,mass,BENIGN,Mass-Test_P_00979_LEFT_CC/1.3.6.1.4.1.9590.100.1.2.292832270711093406919652550453193275064/1.3.6.1.4.1.9590.100.1.2.326151466811725669429426336100792405365/000000.dcm,mass,test,0,BENIGN
P_00979,LEFT,MLO,mass,BENIGN,Mass-Test_P_00979_LEFT_MLO/1.3.6.1.4.1.9590.100.1.2.246896536912401556922360621230107671881/1.3.6.1.4.1.9590.100.1.2.82451256810567773234664593024013708203/000000.dcm,mass,test,0,BENIGN
P_00980,LEFT,CC,mass,BENIGN,Mass-Test_P_00980_LEFT_CC/1.3.6.1.4.1.9590.100.1.2.284615475911204864017551502513172821058/1.3.6.1.4.1.9590.100.1.2.381671445610116503409972432783917608005/000000.dcm,mass,test,0,BENIGN
P_00980,LEFT,MLO,mass,BENIGN,Mass-Test_P_00980_LEFT_MLO/1.3.6.1.4.1.9590.100.1.2.167312971012136020131761384261006439500/1.3.6.1.4.1.9590.100.1.2.286542792612531423524162779134074947913/000000.dcm,mass,test,0,BENIGN
P_00985,RIGHT,CC,mass,MALIGNANT,Mass-Test_P_00985_RIGHT_CC/1.3.6.1.4.1.9590.100.1.2.429334851111936579025061231861124198556/1.3.6.1.4.1.9590.100.1.2.210585126811165985111231968121433141186/000000.dcm,mass,test,1,MALIGNANT
P_00985,RIGHT,MLO,mass,MALIGNANT,Mass-Test_P_00985_RIGHT_MLO/1.3.6.1.4.1.9590.100.1.2.390854114210160611124757710432581521571/1.3.6.1.4.1.9590.100.1.2.246952079511624844122725654052379578089/000000.dcm,mass,test,1,MALIGNANT
P_00986,LEFT,MLO,mass,MALIGNANT,Mass-Test_P_00986_LEFT_MLO/1.3.6.1.4.1.9590.100.1.2.325370204011113924805095305313326489020/1.3.6.1.4.1.9590.100.1.2.305351311011244422336760229722009789853/000000.dcm,mass,test,1,MALIGNANT
P_00987,LEFT,CC,mass,MALIGNANT,Mass-Test_P_00987_LEFT_CC/1.3.6.1.4.1.9590.100.1.2.14287263811200567918049261380272273932/1.3.6.1.4.1.9590.100.1.2.171435556710400664014003890362257537372/000000.dcm,mass,test,1,MALIGNANT
P_00987,LEFT,MLO,mass,MALIGNANT,Mass-Test_P_00987_LEFT_MLO/1.3.6.1.4.1.9590.100.1.2.217719462511591550104129225361223135269/1.3.6.1.4.1.9590.100.1.2.398628524713287710904731104423091230967/000000.dcm,mass,test,1,MALIGNANT
P_01014,LEFT,CC,mass,MALIGNANT,Mass-Test_P_01014_LEFT_CC/1.3.6.1.4.1.9590.100.1.2.231177958612340513916870414352081325222/1.3.6.1.4.1.9590.100.1.2.241373291113146079201090362062950810254/000000.dcm,mass,test,1,MALIGNANT
P_01014,LEFT,MLO,mass,MALIGNANT,Mass-Test_P_01014_LEFT_MLO/1.3.6.1.4.1.9590.100.1.2.417313735313975768904785197403507406666/1.3.6.1.4.1.9590.100.1.2.140253583611820528916127617581848234269/000000.dcm,mass,test,1,MALIGNANT
P_01044,LEFT,MLO,mass,MALIGNANT,Mass-Test_P_01044_LEFT_MLO/1.3.6.1.4.1.9590.100.1.2.355978625513548306019784521273464913020/1.3.6.1.4.1.9590.100.1.2.124772957612833829620931175812629105841/000000.dcm,mass,test,1,MALIGNANT
P_01068,RIGHT,MLO,mass,MALIGNANT,Mass-Test_P_01068_RIGHT_MLO/1.3.6.1.4.1.9590.100.1.2.286698459511536072742434999671352499782/1.3.6.1.4.1.9590.100.1.2.397907536313523879542944165183924374769/000000.dcm,mass,test,1,MALIGNANT
P_01090,LEFT,CC,mass,BENIGN,Mass-Test_P_01090_LEFT_CC/1.3.6.1.4.1.9590.100.1.2.94036901610243474216891536873048956206/1.3.6.1.4.1.9590.100.1.2.160987656411484124609972133343310451785/000000.dcm,mass,test,0,BENIGN
P_01090,LEFT,CC,mass,BENIGN,Mass-Test_P_01090_LEFT_CC/1.3.6.1.4.1.9590.100.1.2.94036901610243474216891536873048956206/1.3.6.1.4.1.9590.100.1.2.160987656411484124609972133343310451785/000000.dcm,mass,test,0,BENIGN
P_01090,LEFT,CC,mass,BENIGN,Mass-Test_P_01090_LEFT_CC/1.3.6.1.4.1.9590.100.1.2.94036901610243474216891536873048956206/1.3.6.1.4.1.9590.100.1.2.160987656411484124609972133343310451785/000000.dcm,mass,test,0,BENIGN
P_01090,LEFT,MLO,mass,BENIGN,Mass-Test_P_01090_LEFT_MLO/1.3.6.1.4.1.9590.100.1.2.311637863511285208417402812340477564904/1.3.6.1.4.1.9590.100.1.2.292605978712963936606864280561587921668/000000.dcm,mass,test,0,BENIGN
P_01090,LEFT,MLO,mass,BENIGN,Mass-Test_P_01090_LEFT_MLO/1.3.6.1.4.1.9590.100.1.2.311637863511285208417402812340477564904/1.3.6.1.4.1.9590.100.1.2.292605978712963936606864280561587921668/000000.dcm,mass,test,0,BENIGN
P_01090,LEFT,MLO,mass,BENIGN,Mass-Test_P_01090_LEFT_MLO/1.3.6.1.4.1.9590.100.1.2.311637863511285208417402812340477564904/1.3.6.1.4.1.9590.100.1.2.292605978712963936606864280561587921668/000000.dcm,mass,test,0,BENIGN
P_01090,LEFT,MLO,mass,BENIGN,Mass-Test_P_01090_LEFT_MLO/1.3.6.1.4.1.9590.100.1.2.311637863511285208417402812340477564904/1.3.6.1.4.1.9590.100.1.2.292605978712963936606864280561587921668/000000.dcm,mass,test,0,BENIGN
P_01090,RIGHT,MLO,mass,BENIGN,Mass-Test_P_01090_RIGHT_MLO/1.3.6.1.4.1.9590.100.1.2.94237583712222378926073391650518883485/1.3.6.1.4.1.9590.100.1.2.233363484412206214942278982962693471990/000000.dcm,mass,test,0,BENIGN
P_01101,LEFT,CC,mass,BENIGN,Mass-Test_P_01101_LEFT_CC/1.3.6.1.4.1.9590.100.1.2.403920480612868358504213049893453961939/1.3.6.1.4.1.9590.100.1.2.396779088912623727014031648363906780688/000000.dcm,mass,test,0,BENIGN
P_01106,LEFT,MLO,mass,BENIGN,Mass-Test_P_01106_LEFT_MLO/1.3.6.1.4.1.9590.100.1.2.352468022212807005711883365282501475803/1.3.6.1.4.1.9590.100.1.2.2079161612681329922043367840425735709/000000.dcm,mass,test,0,BENIGN
P_01108,RIGHT,CC,mass,BENIGN,Mass-Test_P_01108_RIGHT_CC/1.3.6.1.4.1.9590.100.1.2.69780798612158892925081683814214468980/1.3.6.1.4.1.9590.100.1.2.135126056112780974433437774491962300014/000000.dcm,mass,test,0,BENIGN
P_01108,RIGHT,MLO,mass,BENIGN,Mass-Test_P_01108_RIGHT_MLO/1.3.6.1.4.1.9590.100.1.2.271257129012256344012565116701502574660/1.3.6.1.4.1.9590.100.1.2.172911718912115580339885823151208599645/000000.dcm,mass,test,0,BENIGN
P_01110,RIGHT,CC,mass,MALIGNANT,Mass-Test_P_01110_RIGHT_CC/1.3.6.1.4.1.9590.100.1.2.168531566311720526519976731010007084293/1.3.6.1.4.1.9590.100.1.2.265901326713324251300096756542729360549/000000.dcm,mass,test,1,MALIGNANT
P_01114,RIGHT,MLO,mass,MALIGNANT,Mass-Test_P_01114_RIGHT_MLO/1.3.6.1.4.1.9590.100.1.2.395243846311371424036483242352112724425/1.3.6.1.4.1.9590.100.1.2.129508080612269630619997185364133098663/000000.dcm,mass,test,1,MALIGNANT
P_01119,LEFT,CC,mass,MALIGNANT,Mass-Test_P_01119_LEFT_CC/1.3.6.1.4.1.9590.100.1.2.15373797812729525806496902861677061225/1.3.6.1.4.1.9590.100.1.2.419044019813820059711217919343293185293/000000.dcm,mass,test,1,MALIGNANT
P_01119,LEFT,MLO,mass,MALIGNANT,Mass-Test_P_01119_LEFT_MLO/1.3.6.1.4.1.9590.100.1.2.68970895913187158430095801822779233678/1.3.6.1.4.1.9590.100.1.2.176644109211998948237592199011935494353/000000.dcm,mass,test,1,MALIGNANT
P_01140,LEFT,CC,mass,MALIGNANT,Mass-Test_P_01140_LEFT_CC/1.3.6.1.4.1.9590.100.1.2.285514232412035914606409555403214964520/1.3.6.1.4.1.9590.100.1.2.56397010612184979228325845912252762401/000000.dcm,mass,test,1,MALIGNANT
P_01140,LEFT,MLO,mass,MALIGNANT,Mass-Test_P_01140_LEFT_MLO/1.3.6.1.4.1.9590.100.1.2.411667347210840706409545888222151372359/1.3.6.1.4.1.9590.100.1.2.122021345013646747206526189243167005276/000000.dcm,mass,test,1,MALIGNANT
P_01145,LEFT,MLO,mass,BENIGN_WITHOUT_CALLBACK,Mass-Test_P_01145_LEFT_MLO/1.3.6.1.4.1.9590.100.1.2.294685009612228114920805152431365130130/1.3.6.1.4.1.9590.100.1.2.67072533512190470842884944993776071739/000000.dcm,mass,test,0,BENIGN
P_01167,LEFT,MLO,mass,MALIGNANT,Mass-Test_P_01167_LEFT_MLO/1.3.6.1.4.1.9590.100.1.2.87614700013077663510083260731102774909/1.3.6.1.4.1.9590.100.1.2.8846141612920489319812758360158257270/000000.dcm,mass,test,1,MALIGNANT
P_01183,LEFT,CC,mass,BENIGN,Mass-Test_P_01183_LEFT_CC/1.3.6.1.4.1.9590.100.1.2.277165040212988822917358655013072802655/1.3.6.1.4.1.9590.100.1.2.151921867211455761539297089830816565284/000000.dcm,mass,test,0,BENIGN
P_01183,LEFT,MLO,mass,BENIGN,Mass-Test_P_01183_LEFT_MLO/1.3.6.1.4.1.9590.100.1.2.170763400411053663627904088573114815664/1.3.6.1.4.1.9590.100.1.2.366675862512371182301533283073110139218/000000.dcm,mass,test,0,BENIGN
P_01187,LEFT,MLO,mass,BENIGN,Mass-Test_P_01187_LEFT_MLO/1.3.6.1.4.1.9590.100.1.2.133469271212721994825041437742276444754/1.3.6.1.4.1.9590.100.1.2.128110220510263998502063254390605854196/000000.dcm,mass,test,0,BENIGN
P_01192,LEFT,CC,mass,BENIGN,Mass-Test_P_01192_LEFT_CC/1.3.6.1.4.1.9590.100.1.2.168577251411966905114876903904283532519/1.3.6.1.4.1.9590.100.1.2.271237765413545063531649473550653785880/000000.dcm,mass,test,0,BENIGN
P_01192,LEFT,MLO,mass,BENIGN,Mass-Test_P_01192_LEFT_MLO/1.3.6.1.4.1.9590.100.1.2.100210975711214204106582816201933983420/1.3.6.1.4.1.9590.100.1.2.168514120512803990613563780034231941511/000000.dcm,mass,test,0,BENIGN
P_01204,RIGHT,CC,mass,MALIGNANT,Mass-Test_P_01204_RIGHT_CC/1.3.6.1.4.1.9590.100.1.2.142981110311507723807622173503538544813/1.3.6.1.4.1.9590.100.1.2.207955692512553065721936485542515560358/000000.dcm,mass,test,1,MALIGNANT
P_01204,RIGHT,MLO,mass,MALIGNANT,Mass-Test_P_01204_RIGHT_MLO/1.3.6.1.4.1.9590.100.1.2.72527243910466428704373016634064384294/1.3.6.1.4.1.9590.100.1.2.205651953210680281101758191891575315691/000000.dcm,mass,test,1,MALIGNANT
P_01210,RIGHT,MLO,mass,MALIGNANT,Mass-Test_P_01210_RIGHT_MLO/1.3.6.1.4.1.9590.100.1.2.407754461513590231401797766701779606629/1.3.6.1.4.1.9590.100.1.2.12401071411205615803596648021142548197/000000.dcm,mass,test,1,MALIGNANT
P_01213,LEFT,CC,mass,MALIGNANT,Mass-Test_P_01213_LEFT_CC/1.3.6.1.4.1.9590.100.1.2.76323482411640044433950757420422414301/1.3.6.1.4.1.9590.100.1.2.139051271411881139019982240242711370769/000000.dcm,mass,test,1,MALIGNANT
P_01213,LEFT,MLO,mass,MALIGNANT,Mass-Test_P_01213_LEFT_MLO/1.3.6.1.4.1.9590.100.1.2.320068183913828912836067285972446744538/1.3.6.1.4.1.9590.100.1.2.306175076913701454642258715421050090639/000000.dcm,mass,test,1,MALIGNANT
P_01235,RIGHT,MLO,mass,MALIGNANT,Mass-Test_P_01235_RIGHT_MLO/1.3.6.1.4.1.9590.100.1.2.273360944211922805716117651653240506321/1.3.6.1.4.1.9590.100.1.2.234382511511881701404236658333859285053/000000.dcm,mass,test,1,MALIGNANT
P_01251,LEFT,CC,mass,BENIGN,Mass-Test_P_01251_LEFT_CC/1.3.6.1.4.1.9590.100.1.2.239062335212019081538855430420697525244/1.3.6.1.4.1.9590.100.1.2.55935511011140411233514241600281387403/000000.dcm,mass,test,0,BENIGN
P_01251,LEFT,MLO,mass,BENIGN,Mass-Test_P_01251_LEFT_MLO/1.3.6.1.4.1.9590.100.1.2.376906438111138045319929847361219021846/1.3.6.1.4.1.9590.100.1.2.25318507511285224327654173482726209866/000000.dcm,mass,test,0,BENIGN
P_01254,RIGHT,CC,mass,BENIGN,Mass-Test_P_01254_RIGHT_CC/1.3.6.1.4.1.9590.100.1.2.370565065012450732400552954081694475569/1.3.6.1.4.1.9590.100.1.2.99017291911272763110515301683654595331/000000.dcm,mass,test,0,BENIGN
P_01254,RIGHT,MLO,mass,BENIGN,Mass-Test_P_01254_RIGHT_MLO/1.3.6.1.4.1.9590.100.1.2.195184813812588677028230035290530472614/1.3.6.1.4.1.9590.100.1.2.214746037912661544138012412671704691611/000000.dcm,mass,test,0,BENIGN
P_01257,RIGHT,CC,mass,BENIGN,Mass-Test_P_01257_RIGHT_CC/1.3.6.1.4.1.9590.100.1.2.412276852813414594041385934482580944562/1.3.6.1.4.1.9590.100.1.2.43214406912972958709223686422311649479/000000.dcm,mass,test,0,BENIGN
P_01257,RIGHT,MLO,mass,BENIGN,Mass-Test_P_01257_RIGHT_MLO/1.3.6.1.4.1.9590.100.1.2.126889603912290287025551154162136219479/1.3.6.1.4.1.9590.100.1.2.128610930012277969524545675822048951667/000000.dcm,mass,test,0,BENIGN
P_01277,RIGHT,CC,mass,MALIGNANT,Mass-Test_P_01277_RIGHT_CC/1.3.6.1.4.1.9590.100.1.2.132536891811343000638648646952895171748/1.3.6.1.4.1.9590.100.1.2.55129276511942380138161752772183127043/000000.dcm,mass,test,1,MALIGNANT
P_01277,RIGHT,MLO,mass,MALIGNANT,Mass-Test_P_01277_RIGHT_MLO/1.3.6.1.4.1.9590.100.1.2.23216922511178635514842318620966794268/1.3.6.1.4.1.9590.100.1.2.284816948411750963022363301570356728600/000000.dcm,mass,test,1,MALIGNANT
P_01294,RIGHT,CC,mass,MALIGNANT,Mass-Test_P_01294_RIGHT_CC/1.3.6.1.4.1.9590.100.1.2.383081096511912788534527256762315019389/1.3.6.1.4.1.9590.100.1.2.146877317212333453834344894890577693516/000000.dcm,mass,test,1,MALIGNANT
P_01294,RIGHT,MLO,mass,MALIGNANT,Mass-Test_P_01294_RIGHT_MLO/1.3.6.1.4.1.9590.100.1.2.52100205712685358841737934490671226365/1.3.6.1.4.1.9590.100.1.2.100632214012866120117337678502539182046/000000.dcm,mass,test,1,MALIGNANT
P_01298,LEFT,CC,mass,MALIGNANT,Mass-Test_P_01298_LEFT_CC/1.3.6.1.4.1.9590.100.1.2.262206116610678392837813057471447228219/1.3.6.1.4.1.9590.100.1.2.114418132811537842711838788072789722154/000000.dcm,mass,test,1,MALIGNANT
P_01298,LEFT,MLO,mass,MALIGNANT,Mass-Test_P_01298_LEFT_MLO/1.3.6.1.4.1.9590.100.1.2.166066593711463490941202019011232763356/1.3.6.1.4.1.9590.100.1.2.191721762511589361409478578201302211758/000000.dcm,mass,test,1,MALIGNANT
P_01307,RIGHT,CC,mass,BENIGN,Mass-Test_P_01307_RIGHT_CC/1.3.6.1.4.1.9590.100.1.2.404030781112251323141550601410695570425/1.3.6.1.4.1.9590.100.1.2.184527952212663278031651160931758086446/000000.dcm,mass,test,0,BENIGN
P_01307,RIGHT,MLO,mass,BENIGN,Mass-Test_P_01307_RIGHT_MLO/1.3.6.1.4.1.9590.100.1.2.365496612013087439817834763852424848940/1.3.6.1.4.1.9590.100.1.2.295013346213524930335568562470686281441/000000.dcm,mass,test,0,BENIGN
P_01316,RIGHT,CC,mass,BENIGN,Mass-Test_P_01316_RIGHT_CC/1.3.6.1.4.1.9590.100.1.2.184821188712443521321726649793625183611/1.3.6.1.4.1.9590.100.1.2.394636780211288993834413664462575701980/000000.dcm,mass,test,0,BENIGN
P_01316,RIGHT,MLO,mass,BENIGN,Mass-Test_P_01316_RIGHT_MLO/1.3.6.1.4.1.9590.100.1.2.34465418512017251703497834481926931325/1.3.6.1.4.1.9590.100.1.2.26400396011206511000423668640895243516/000000.dcm,mass,test,0,BENIGN
P_01322,RIGHT,CC,mass,BENIGN,Mass-Test_P_01322_RIGHT_CC/1.3.6.1.4.1.9590.100.1.2.52707006411534546102445694840838017243/1.3.6.1.4.1.9590.100.1.2.110761936610289988725412322881302135556/000000.dcm,mass,test,0,BENIGN
P_01322,RIGHT,MLO,mass,BENIGN,Mass-Test_P_01322_RIGHT_MLO/1.3.6.1.4.1.9590.100.1.2.393398199112534185821843045671899142383/1.3.6.1.4.1.9590.100.1.2.71672783912077369939347398821490159819/000000.dcm,mass,test,0,BENIGN
P_01323,LEFT,CC,mass,MALIGNANT,Mass-Test_P_01323_LEFT_CC/1.3.6.1.4.1.9590.100.1.2.151236174513218751818310386082840533771/1.3.6.1.4.1.9590.100.1.2.169719971213050310437220166871345611617/000000.dcm,mass,test,1,MALIGNANT
P_01323,LEFT,MLO,mass,MALIGNANT,Mass-Test_P_01323_LEFT_MLO/1.3.6.1.4.1.9590.100.1.2.174062668611584461142085674612278765000/1.3.6.1.4.1.9590.100.1.2.167341484812977614204597137241772720067/000000.dcm,mass,test,1,MALIGNANT
P_01331,LEFT,CC,mass,BENIGN_WITHOUT_CALLBACK,Mass-Test_P_01331_LEFT_CC/1.3.6.1.4.1.9590.100.1.2.367062015710558849440490323632210428018/1.3.6.1.4.1.9590.100.1.2.191305610011404039529053251901206642540/000000.dcm,mass,test,0,BENIGN
P_01331,LEFT,MLO,mass,BENIGN_WITHOUT_CALLBACK,Mass-Test_P_01331_LEFT_MLO/1.3.6.1.4.1.9590.100.1.2.363914023512728579822074743113088288038/1.3.6.1.4.1.9590.100.1.2.401153662911342587122031292242810957327/000000.dcm,mass,test,0,BENIGN
P_01333,LEFT,CC,mass,MALIGNANT,Mass-Test_P_01333_LEFT_CC/1.3.6.1.4.1.9590.100.1.2.158916405511087734329761719530198170888/1.3.6.1.4.1.9590.100.1.2.298020356712967522222512661851326623824/000000.dcm,mass,test,1,MALIGNANT
P_01333,LEFT,MLO,mass,MALIGNANT,Mass-Test_P_01333_LEFT_MLO/1.3.6.1.4.1.9590.100.1.2.397755499912905224004358473441284768854/1.3.6.1.4.1.9590.100.1.2.313320260312335825215652094932408846389/000000.dcm,mass,test,1,MALIGNANT
P_01347,RIGHT,CC,mass,MALIGNANT,Mass-Test_P_01347_RIGHT_CC/1.3.6.1.4.1.9590.100.1.2.158001671211501643118443429600407643919/1.3.6.1.4.1.9590.100.1.2.4698136811233263002514303042348259208/000000.dcm,mass,test,1,MALIGNANT
P_01347,RIGHT,MLO,mass,MALIGNANT,Mass-Test_P_01347_RIGHT_MLO/1.3.6.1.4.1.9590.100.1.2.216674635413324344327382368531620188061/1.3.6.1.4.1.9590.100.1.2.208804211712387573322761307433285253031/000000.dcm,mass,test,1,MALIGNANT
P_01348,LEFT,MLO,mass,MALIGNANT,Mass-Test_P_01348_LEFT_MLO/1.3.6.1.4.1.9590.100.1.2.26401226212089094113308412570971859725/1.3.6.1.4.1.9590.100.1.2.98372511711217371421923452494072543418/000000.dcm,mass,test,1,MALIGNANT
P_01351,LEFT,CC,mass,MALIGNANT,Mass-Test_P_01351_LEFT_CC/1.3.6.1.4.1.9590.100.1.2.210796469212726064906048175661188744072/1.3.6.1.4.1.9590.100.1.2.251130205811673047141172596702804417464/000000.dcm,mass,test,1,MALIGNANT
P_01365,LEFT,CC,mass,BENIGN_WITHOUT_CALLBACK,Mass-Test_P_01365_LEFT_CC/1.3.6.1.4.1.9590.100.1.2.407309539912295400320902979953166338001/1.3.6.1.4.1.9590.100.1.2.190178845412089478108126327520309953929/000000.dcm,mass,test,0,BENIGN
P_01378,LEFT,CC,mass,BENIGN,Mass-Test_P_01378_LEFT_CC/1.3.6.1.4.1.9590.100.1.2.267702489812075283927297512060049025768/1.3.6.1.4.1.9590.100.1.2.116383283013442748804294560243606289677/000000.dcm,mass,test,0,BENIGN
P_01378,RIGHT,CC,mass,BENIGN,Mass-Test_P_01378_RIGHT_CC/1.3.6.1.4.1.9590.100.1.2.114572461211733036325966696000747551756/1.3.6.1.4.1.9590.100.1.2.373687394012570965941373994540969979679/000000.dcm,mass,test,0,BENIGN
P_01378,RIGHT,MLO,mass,BENIGN,Mass-Test_P_01378_RIGHT_MLO/1.3.6.1.4.1.9590.100.1.2.285300097113410570101435972182735186303/1.3.6.1.4.1.9590.100.1.2.359364813512439601905403222364266504901/000000.dcm,mass,test,0,BENIGN
P_01381,RIGHT,CC,mass,BENIGN_WITHOUT_CALLBACK,Mass-Test_P_01381_RIGHT_CC/1.3.6.1.4.1.9590.100.1.2.46326440212985441635716153670932738063/1.3.6.1.4.1.9590.100.1.2.252008157812068835400630232722004875760/000000.dcm,mass,test,0,BENIGN
P_01381,RIGHT,MLO,mass,BENIGN_WITHOUT_CALLBACK,Mass-Test_P_01381_RIGHT_MLO/1.3.6.1.4.1.9590.100.1.2.279115724411367474725648933643306818288/1.3.6.1.4.1.9590.100.1.2.228960110612387596011025683724161969896/000000.dcm,mass,test,0,BENIGN
P_01395,RIGHT,CC,mass,BENIGN,Mass-Test_P_01395_RIGHT_CC/1.3.6.1.4.1.9590.100.1.2.130575050911245620138860210042236878421/1.3.6.1.4.1.9590.100.1.2.103793785010398755306162075153377121682/000000.dcm,mass,test,0,BENIGN
P_01395,RIGHT,MLO,mass,BENIGN,Mass-Test_P_01395_RIGHT_MLO/1.3.6.1.4.1.9590.100.1.2.341904992912998335902563580790499510885/1.3.6.1.4.1.9590.100.1.2.57854390411125252714525874340062956276/000000.dcm,mass,test,0,BENIGN
P_01416,RIGHT,CC,mass,BENIGN,Mass-Test_P_01416_RIGHT_CC/1.3.6.1.4.1.9590.100.1.2.428275243912740341916269523600513762366/1.3.6.1.4.1.9590.100.1.2.17013629211628263208575305094053577396/000000.dcm,mass,test,0,BENIGN
P_01416,RIGHT,MLO,mass,BENIGN,Mass-Test_P_01416_RIGHT_MLO/1.3.6.1.4.1.9590.100.1.2.206697152711411219324180138431489740579/1.3.6.1.4.1.9590.100.1.2.403835121912715843000196868400248684588/000000.dcm,mass,test,0,BENIGN
P_01467,RIGHT,CC,mass,MALIGNANT,Mass-Test_P_01467_RIGHT_CC/1.3.6.1.4.1.9590.100.1.2.399600455311877560521240193781379708687/1.3.6.1.4.1.9590.100.1.2.282731428412133309500343758122109197320/000000.dcm,mass,test,1,MALIGNANT
P_01477,LEFT,CC,mass,BENIGN,Mass-Test_P_01477_LEFT_CC/1.3.6.1.4.1.9590.100.1.2.325422804412426421529011521602289852179/1.3.6.1.4.1.9590.100.1.2.76260080812556604832726304252499236727/000000.dcm,mass,test,0,BENIGN
P_01489,RIGHT,MLO,mass,MALIGNANT,Mass-Test_P_01489_RIGHT_MLO/1.3.6.1.4.1.9590.100.1.2.103171771112965440422966501473603760525/1.3.6.1.4.1.9590.100.1.2.255728555213663489012061953844243079023/000000.dcm,mass,test,1,MALIGNANT
P_01502,LEFT,CC,mass,BENIGN,Mass-Test_P_01502_LEFT_CC/1.3.6.1.4.1.9590.100.1.2.93261805212324166040534201803067552855/1.3.6.1.4.1.9590.100.1.2.61088132613876322320822040393863367878/000000.dcm,mass,test,0,BENIGN
P_01502,LEFT,MLO,mass,BENIGN,Mass-Test_P_01502_LEFT_MLO/1.3.6.1.4.1.9590.100.1.2.247334983111482793703981746172459019089/1.3.6.1.4.1.9590.100.1.2.351984675711253136807249834253695531137/000000.dcm,mass,test,0,BENIGN
P_01510,RIGHT,CC,mass,BENIGN,Mass-Test_P_01510_RIGHT_CC/1.3.6.1.4.1.9590.100.1.2.328545320211709770723048725773811398664/1.3.6.1.4.1.9590.100.1.2.215844617111373447904663963002787267799/000000.dcm,mass,test,0,BENIGN
P_01510,RIGHT,MLO,mass,BENIGN,Mass-Test_P_01510_RIGHT_MLO/1.3.6.1.4.1.9590.100.1.2.403479789212123359501558659901366022076/1.3.6.1.4.1.9590.100.1.2.100522676511025180541602449080267145647/000000.dcm,mass,test,0,BENIGN
P_01512,LEFT,CC,mass,BENIGN,Mass-Test_P_01512_LEFT_CC/1.3.6.1.4.1.9590.100.1.2.197957898410954760008975487162606670342/1.3.6.1.4.1.9590.100.1.2.211640311212194984322998849642182089069/000000.dcm,mass,test,0,BENIGN
P_01512,LEFT,MLO,mass,BENIGN,Mass-Test_P_01512_LEFT_MLO/1.3.6.1.4.1.9590.100.1.2.218492474110429013910626876734106386103/1.3.6.1.4.1.9590.100.1.2.300932706312280623310644883800752058037/000000.dcm,mass,test,0,BENIGN
P_01518,LEFT,CC,mass,BENIGN,Mass-Test_P_01518_LEFT_CC/1.3.6.1.4.1.9590.100.1.2.394847217212092373021632871924223154152/1.3.6.1.4.1.9590.100.1.2.53420229812571377029026689350115737667/000000.dcm,mass,test,0,BENIGN
P_01518,LEFT,MLO,mass,BENIGN,Mass-Test_P_01518_LEFT_MLO/1.3.6.1.4.1.9590.100.1.2.318854892610960881524519197980360178299/1.3.6.1.4.1.9590.100.1.2.162995550512107573002420048841033718661/000000.dcm,mass,test,0,BENIGN
P_01534,RIGHT,CC,mass,MALIGNANT,Mass-Test_P_01534_RIGHT_CC/1.3.6.1.4.1.9590.100.1.2.72550883612457651403842968863095810418/1.3.6.1.4.1.9590.100.1.2.412506143710534742332469380103145820254/000000.dcm,mass,test,1,MALIGNANT
P_01534,RIGHT,MLO,mass,MALIGNANT,Mass-Test_P_01534_RIGHT_MLO/1.3.6.1.4.1.9590.100.1.2.14064570512786171638271118563570367541/1.3.6.1.4.1.9590.100.1.2.214860394511815846439731245261121712708/000000.dcm,mass,test,1,MALIGNANT
P_01539,RIGHT,CC,mass,BENIGN,Mass-Test_P_01539_RIGHT_CC/1.3.6.1.4.1.9590.100.1.2.268869717812962811208559640501037624857/1.3.6.1.4.1.9590.100.1.2.262597967111030532825854552531215488853/000000.dcm,mass,test,0,BENIGN
P_01539,RIGHT,MLO,mass,BENIGN,Mass-Test_P_01539_RIGHT_MLO/1.3.6.1.4.1.9590.100.1.2.164044453710952755500619869932710445842/1.3.6.1.4.1.9590.100.1.2.327320943510509818834867201441554297207/000000.dcm,mass,test,0,BENIGN
P_01546,LEFT,CC,mass,MALIGNANT,Mass-Test_P_01546_LEFT_CC/1.3.6.1.4.1.9590.100.1.2.312208882713485290820057064261346242446/1.3.6.1.4.1.9590.100.1.2.313011989011093956614788824652183854047/000000.dcm,mass,test,1,MALIGNANT
P_01546,LEFT,MLO,mass,MALIGNANT,Mass-Test_P_01546_LEFT_MLO/1.3.6.1.4.1.9590.100.1.2.367671640013924159721363634443187413398/1.3.6.1.4.1.9590.100.1.2.235422677312975753211843979840120682826/000000.dcm,mass,test,1,MALIGNANT
P_01551,LEFT,CC,mass,BENIGN,Mass-Test_P_01551_LEFT_CC/1.3.6.1.4.1.9590.100.1.2.332655796812687825740780652823180481868/1.3.6.1.4.1.9590.100.1.2.140657909213236485612229551402733226044/000000.dcm,mass,test,0,BENIGN
P_01551,LEFT,MLO,mass,BENIGN,Mass-Test_P_01551_LEFT_MLO/1.3.6.1.4.1.9590.100.1.2.108343926313934564206302393821095827641/1.3.6.1.4.1.9590.100.1.2.48221420313119036139751607390207032498/000000.dcm,mass,test,0,BENIGN
P_01558,RIGHT,CC,mass,MALIGNANT,Mass-Test_P_01558_RIGHT_CC/1.3.6.1.4.1.9590.100.1.2.414504935911002301903330623290642554510/1.3.6.1.4.1.9590.100.1.2.354454400411212819900814944063778552985/000000.dcm,mass,test,1,MALIGNANT
P_01558,RIGHT,MLO,mass,MALIGNANT,Mass-Test_P_01558_RIGHT_MLO/1.3.6.1.4.1.9590.100.1.2.260371547511374263620474638492695662981/1.3.6.1.4.1.9590.100.1.2.402658117912624187439952280824072871791/000000.dcm,mass,test,1,MALIGNANT
P_01566,RIGHT,CC,mass,BENIGN,Mass-Test_P_01566_RIGHT_CC/1.3.6.1.4.1.9590.100.1.2.234616849311382925724833783352722668501/1.3.6.1.4.1.9590.100.1.2.164750739813549290437512567251665770245/000000.dcm,mass,test,0,BENIGN
P_01566,RIGHT,CC,mass,BENIGN,Mass-Test_P_01566_RIGHT_CC/1.3.6.1.4.1.9590.100.1.2.234616849311382925724833783352722668501/1.3.6.1.4.1.9590.100.1.2.164750739813549290437512567251665770245/000000.dcm,mass,test,0,BENIGN
P_01566,RIGHT,MLO,mass,BENIGN,Mass-Test_P_01566_RIGHT_MLO/1.3.6.1.4.1.9590.100.1.2.189440573712460681717342094341148619882/1.3.6.1.4.1.9590.100.1.2.122478326311495502320376615850506229581/000000.dcm,mass,test,0,BENIGN
P_01566,RIGHT,MLO,mass,BENIGN,Mass-Test_P_01566_RIGHT_MLO/1.3.6.1.4.1.9590.100.1.2.189440573712460681717342094341148619882/1.3.6.1.4.1.9590.100.1.2.122478326311495502320376615850506229581/000000.dcm,mass,test,0,BENIGN
P_01566,RIGHT,MLO,mass,BENIGN,Mass-Test_P_01566_RIGHT_MLO/1.3.6.1.4.1.9590.100.1.2.189440573712460681717342094341148619882/1.3.6.1.4.1.9590.100.1.2.122478326311495502320376615850506229581/000000.dcm,mass,test,0,BENIGN
P_01578,LEFT,MLO,mass,BENIGN,Mass-Test_P_01578_LEFT_MLO/1.3.6.1.4.1.9590.100.1.2.115827106911340591603668161910137338943/1.3.6.1.4.1.9590.100.1.2.19512305713118285120083537252287982620/000000.dcm,mass,test,0,BENIGN
P_01590,LEFT,CC,mass,BENIGN,Mass-Test_P_01590_LEFT_CC/1.3.6.1.4.1.9590.100.1.2.396313135412956348400169453050737053430/1.3.6.1.4.1.9590.100.1.2.260892053112977546204245809952631205531/000000.dcm,mass,test,0,BENIGN
P_01590,LEFT,MLO,mass,BENIGN,Mass-Test_P_01590_LEFT_MLO/1.3.6.1.4.1.9590.100.1.2.356065433613597746516515280732908644615/1.3.6.1.4.1.9590.100.1.2.425213484410239833714365459492776435560/000000.dcm,mass,test,0,BENIGN
P_01595,LEFT,CC,mass,BENIGN,Mass-Test_P_01595_LEFT_CC/1.3.6.1.4.1.9590.100.1.2.383871294913845149336613226350915580440/1.3.6.1.4.1.9590.100.1.2.176197299412099100034183343550119515253/000000.dcm,mass,test,0,BENIGN
P_01595,LEFT,MLO,mass,BENIGN,Mass-Test_P_01595_LEFT_MLO/1.3.6.1.4.1.9590.100.1.2.232678309610911631106909930480827159209/1.3.6.1.4.1.9590.100.1.2.116480947112670898133535663431673811690/000000.dcm,mass,test,0,BENIGN
P_01599,LEFT,CC,mass,BENIGN,Mass-Test_P_01599_LEFT_CC/1.3.6.1.4.1.9590.100.1.2.286700676812418847122786041811070498552/1.3.6.1.4.1.9590.100.1.2.11842367811535029120579590633688930114/000000.dcm,mass,test,0,BENIGN
P_01599,LEFT,MLO,mass,BENIGN,Mass-Test_P_01599_LEFT_MLO/1.3.6.1.4.1.9590.100.1.2.327981143212355281216906989314226581893/1.3.6.1.4.1.9590.100.1.2.199195778912558713817031507321459770006/000000.dcm,mass,test,0,BENIGN
P_01605,LEFT,CC,mass,BENIGN,Mass-Test_P_01605_LEFT_CC/1.3.6.1.4.1.9590.100.1.2.383555478711125164013451002110624296917/1.3.6.1.4.1.9590.100.1.2.75697896410754715020619424620636529667/000000.dcm,mass,test,0,BENIGN
P_01614,LEFT,MLO,mass,BENIGN,Mass-Test_P_01614_LEFT_MLO/1.3.6.1.4.1.9590.100.1.2.29363703612954661009800675190782552303/1.3.6.1.4.1.9590.100.1.2.351386294512687684821629395204182081789/000000.dcm,mass,test,0,BENIGN
P_01617,LEFT,CC,mass,MALIGNANT,Mass-Test_P_01617_LEFT_CC/1.3.6.1.4.1.9590.100.1.2.253992292511749643718075355262495714002/1.3.6.1.4.1.9590.100.1.2.179488205110519665924920631250772597692/000000.dcm,mass,test,1,MALIGNANT
P_01617,LEFT,MLO,mass,MALIGNANT,Mass-Test_P_01617_LEFT_MLO/1.3.6.1.4.1.9590.100.1.2.112785515311469943014055971173853023651/1.3.6.1.4.1.9590.100.1.2.17671934811742258212062086992531754490/000000.dcm,mass,test,1,MALIGNANT
P_01623,RIGHT,CC,mass,MALIGNANT,Mass-Test_P_01623_RIGHT_CC/1.3.6.1.4.1.9590.100.1.2.3576750211294683104710107270735885333/1.3.6.1.4.1.9590.100.1.2.406152385910425726329492199713829264202/000000.dcm,mass,test,1,MALIGNANT
P_01623,RIGHT,MLO,mass,BENIGN,Mass-Test_P_01623_RIGHT_MLO/1.3.6.1.4.1.9590.100.1.2.273049029111495022641906267363699578818/1.3.6.1.4.1.9590.100.1.2.46282940310410044707024149930022040952/000000.dcm,mass,test,0,BENIGN
P_01640,LEFT,MLO,mass,MALIGNANT,Mass-Test_P_01640_LEFT_MLO/1.3.6.1.4.1.9590.100.1.2.203674686411237701811747598523052350810/1.3.6.1.4.1.9590.100.1.2.147707816511209292709940835162255181586/000000.dcm,mass,test,1,MALIGNANT
P_01645,RIGHT,CC,mass,BENIGN,Mass-Test_P_01645_RIGHT_CC/1.3.6.1.4.1.9590.100.1.2.54491203412667803018351295132725603970/1.3.6.1.4.1.9590.100.1.2.205083378412789228135645278031608382539/000000.dcm,mass,test,0,BENIGN
P_01651,RIGHT,CC,mass,MALIGNANT,Mass-Test_P_01651_RIGHT_CC/1.3.6.1.4.1.9590.100.1.2.45476907512844984424344682583218131902/1.3.6.1.4.1.9590.100.1.2.27686561811725760701013428913326410240/000000.dcm,mass,test,1,MALIGNANT
P_01651,RIGHT,MLO,mass,MALIGNANT,Mass-Test_P_01651_RIGHT_MLO/1.3.6.1.4.1.9590.100.1.2.303783777611323300026112708231150994349/1.3.6.1.4.1.9590.100.1.2.54848434312309044100463325442088001375/000000.dcm,mass,test,1,MALIGNANT
P_01661,LEFT,CC,mass,MALIGNANT,Mass-Test_P_01661_LEFT_CC/1.3.6.1.4.1.9590.100.1.2.26048804611080262540114548903141021000/1.3.6.1.4.1.9590.100.1.2.318836487510466400123723183690561506321/000000.dcm,mass,test,1,MALIGNANT
P_01661,LEFT,MLO,mass,MALIGNANT,Mass-Test_P_01661_LEFT_MLO/1.3.6.1.4.1.9590.100.1.2.126285047411482196614266856052241141323/1.3.6.1.4.1.9590.100.1.2.311796242712403565116742775052086939820/000000.dcm,mass,test,1,MALIGNANT
P_01666,RIGHT,CC,mass,MALIGNANT,Mass-Test_P_01666_RIGHT_CC/1.3.6.1.4.1.9590.100.1.2.87543806212428074138401691242254463904/1.3.6.1.4.1.9590.100.1.2.79536363311227704713470770493125367867/000000.dcm,mass,test,1,MALIGNANT
P_01666,RIGHT,MLO,mass,MALIGNANT,Mass-Test_P_01666_RIGHT_MLO/1.3.6.1.4.1.9590.100.1.2.263047688311636615730646716790942756984/1.3.6.1.4.1.9590.100.1.2.65540269010165110931482682003293808218/000000.dcm,mass,test,1,MALIGNANT
P_01673,RIGHT,CC,mass,BENIGN,Mass-Test_P_01673_RIGHT_CC/1.3.6.1.4.1.9590.100.1.2.106722520311104500635037666723518545113/1.3.6.1.4.1.9590.100.1.2.61868143512631284119171316942543072666/000000.dcm,mass,test,0,BENIGN
P_01673,RIGHT,MLO,mass,BENIGN,Mass-Test_P_01673_RIGHT_MLO/1.3.6.1.4.1.9590.100.1.2.239779674311522700730622322021669071523/1.3.6.1.4.1.9590.100.1.2.398065969612214189500602623110797804795/000000.dcm,mass,test,0,BENIGN
P_01677,RIGHT,MLO,mass,BENIGN,Mass-Test_P_01677_RIGHT_MLO/1.3.6.1.4.1.9590.100.1.2.80570760111544094524481507041547491270/1.3.6.1.4.1.9590.100.1.2.268167584712827481520301103922935194568/000000.dcm,mass,test,0,BENIGN
P_01684,LEFT,CC,mass,BENIGN,Mass-Test_P_01684_LEFT_CC/1.3.6.1.4.1.9590.100.1.2.113285625211887823722322789572399422519/1.3.6.1.4.1.9590.100.1.2.215024719913475069638905123190775688752/000000.dcm,mass,test,0,BENIGN
P_01684,LEFT,MLO,mass,BENIGN,Mass-Test_P_01684_LEFT_MLO/1.3.6.1.4.1.9590.100.1.2.105098672512039284127524125814238735224/1.3.6.1.4.1.9590.100.1.2.73177796512527999200075488553552540625/000000.dcm,mass,test,0,BENIGN
P_01690,LEFT,CC,mass,BENIGN,Mass-Test_P_01690_LEFT_CC/1.3.6.1.4.1.9590.100.1.2.239731333212978859405493055251816301619/1.3.6.1.4.1.9590.100.1.2.217968905311216065213980502013402351522/000000.dcm,mass,test,0,BENIGN
P_01690,LEFT,MLO,mass,BENIGN,Mass-Test_P_01690_LEFT_MLO/1.3.6.1.4.1.9590.100.1.2.280476467611932028633885743883039873714/1.3.6.1.4.1.9590.100.1.2.332622266910809528129578850882631033315/000000.dcm,mass,test,0,BENIGN
P_01697,LEFT,CC,mass,BENIGN,Mass-Test_P_01697_LEFT_CC/1.3.6.1.4.1.9590.100.1.2.144201928111953626811379078543303267490/1.3.6.1.4.1.9590.100.1.2.276089265311860799610097793621536415178/000000.dcm,mass,test,0,BENIGN
P_01697,LEFT,MLO,mass,BENIGN,Mass-Test_P_01697_LEFT_MLO/1.3.6.1.4.1.9590.100.1.2.214202423012793411200272204052182003913/1.3.6.1.4.1.9590.100.1.2.211603652111641851500476499563504892536/000000.dcm,mass,test,0,BENIGN
P_01716,RIGHT,CC,mass,BENIGN,Mass-Test_P_01716_RIGHT_CC/1.3.6.1.4.1.9590.100.1.2.393058454811489830031102452710699314744/1.3.6.1.4.1.9590.100.1.2.105694801913178651418488078300328428699/000000.dcm,mass,test,0,BENIGN
P_01716,RIGHT,MLO,mass,BENIGN,Mass-Test_P_01716_RIGHT_MLO/1.3.6.1.4.1.9590.100.1.2.370045931712178399604171928580298388965/1.3.6.1.4.1.9590.100.1.2.254972374511137265530487894353039082671/000000.dcm,mass,test,0,BENIGN
P_01719,RIGHT,CC,mass,MALIGNANT,Mass-Test_P_01719_RIGHT_CC/1.3.6.1.4.1.9590.100.1.2.97839173810538513021563316632163418150/1.3.6.1.4.1.9590.100.1.2.389840538411334686726458566800452300719/000000.dcm,mass,test,1,MALIGNANT
P_01719,RIGHT,MLO,mass,MALIGNANT,Mass-Test_P_01719_RIGHT_MLO/1.3.6.1.4.1.9590.100.1.2.96437818411459652640311262072751374555/1.3.6.1.4.1.9590.100.1.2.189053441311025155819339900521842307840/000000.dcm,mass,test,1,MALIGNANT
P_01726,RIGHT,CC,mass,BENIGN,Mass-Test_P_01726_RIGHT_CC/1.3.6.1.4.1.9590.100.1.2.362108481112648206718792840972447224693/1.3.6.1.4.1.9590.100.1.2.56016612512680807111132916894160907274/000000.dcm,mass,test,0,BENIGN
P_01726,RIGHT,MLO,mass,BENIGN,Mass-Test_P_01726_RIGHT_MLO/1.3.6.1.4.1.9590.100.1.2.3096472512640186320302250472899050717/1.3.6.1.4.1.9590.100.1.2.234306479212704547137916840202273994367/000000.dcm,mass,test,0,BENIGN
P_01741,LEFT,CC,mass,MALIGNANT,Mass-Test_P_01741_LEFT_CC/1.3.6.1.4.1.9590.100.1.2.258584839211803100909284318040245573332/1.3.6.1.4.1.9590.100.1.2.67485975211107868724664050372638329953/000000.dcm,mass,test,1,MALIGNANT
P_01741,LEFT,MLO,mass,MALIGNANT,Mass-Test_P_01741_LEFT_MLO/1.3.6.1.4.1.9590.100.1.2.427081021212301362442051465150709242679/1.3.6.1.4.1.9590.100.1.2.296864787312999692930337069052009530878/000000.dcm,mass,test,1,MALIGNANT
P_01765,RIGHT,CC,mass,BENIGN,Mass-Test_P_01765_RIGHT_CC/1.3.6.1.4.1.9590.100.1.2.315610859811058134323174424512928713436/1.3.6.1.4.1.9590.100.1.2.132667860211448301611616831094195272259/000000.dcm,mass,test,0,BENIGN
P_01765,RIGHT,MLO,mass,BENIGN,Mass-Test_P_01765_RIGHT_MLO/1.3.6.1.4.1.9590.100.1.2.135025489210042346242711635711078077721/1.3.6.1.4.1.9590.100.1.2.120465669611268291509420478952677521038/000000.dcm,mass,test,0,BENIGN
P_01778,RIGHT,CC,mass,MALIGNANT,Mass-Test_P_01778_RIGHT_CC/1.3.6.1.4.1.9590.100.1.2.295651476512158881111237505292237924957/1.3.6.1.4.1.9590.100.1.2.10382442812796692116686798102703441121/000000.dcm,mass,test,1,MALIGNANT
P_01787,LEFT,CC,mass,MALIGNANT,Mass-Test_P_01787_LEFT_CC/1.3.6.1.4.1.9590.100.1.2.374375446912980469729505435053598798252/1.3.6.1.4.1.9590.100.1.2.246616253112617539506581039831772141703/000000.dcm,mass,test,1,MALIGNANT
P_01787,LEFT,MLO,mass,MALIGNANT,Mass-Test_P_01787_LEFT_MLO/1.3.6.1.4.1.9590.100.1.2.182569407811362705222009033393980711033/1.3.6.1.4.1.9590.100.1.2.331269571910625048716911924892116727856/000000.dcm,mass,test,1,MALIGNANT
P_01795,LEFT,CC,mass,BENIGN,Mass-Test_P_01795_LEFT_CC/1.3.6.1.4.1.9590.100.1.2.236449368410815416740443923432541764481/1.3.6.1.4.1.9590.100.1.2.239447878111545294516650828021002342597/000000.dcm,mass,test,0,BENIGN
P_01795,LEFT,MLO,mass,BENIGN,Mass-Test_P_01795_LEFT_MLO/1.3.6.1.4.1.9590.100.1.2.8168615112675992633036717342772969984/1.3.6.1.4.1.9590.100.1.2.113409231811281904240268837692827682164/000000.dcm,mass,test,0,BENIGN
P_01796,LEFT,CC,mass,BENIGN,Mass-Test_P_01796_LEFT_CC/1.3.6.1.4.1.9590.100.1.2.180734141111124743527926693442070555470/1.3.6.1.4.1.9590.100.1.2.78754053711446722005583538543225913052/000000.dcm,mass,test,0,BENIGN
P_01796,LEFT,MLO,mass,BENIGN,Mass-Test_P_01796_LEFT_MLO/1.3.6.1.4.1.9590.100.1.2.274600744511519794427692058992751970255/1.3.6.1.4.1.9590.100.1.2.125223598912752627328813410881435864341/000000.dcm,mass,test,0,BENIGN
P_01797,LEFT,CC,mass,BENIGN,Mass-Test_P_01797_LEFT_CC/1.3.6.1.4.1.9590.100.1.2.263679378513991052814977611532963245096/1.3.6.1.4.1.9590.100.1.2.29073481411374352939009942033050347534/000000.dcm,mass,test,0,BENIGN
P_01797,LEFT,MLO,mass,BENIGN,Mass-Test_P_01797_LEFT_MLO/1.3.6.1.4.1.9590.100.1.2.174881033412446031409351353962124141593/1.3.6.1.4.1.9590.100.1.2.384138111011809836438648293491195985355/000000.dcm,mass,test,0,BENIGN
P_01800,LEFT,CC,mass,MALIGNANT,Mass-Test_P_01800_LEFT_CC/1.3.6.1.4.1.9590.100.1.2.284201399211021668528656088610462860462/1.3.6.1.4.1.9590.100.1.2.15959371711163760817352116842404507990/000000.dcm,mass,test,1,MALIGNANT
P_01800,LEFT,MLO,mass,MALIGNANT,Mass-Test_P_01800_LEFT_MLO/1.3.6.1.4.1.9590.100.1.2.420709277913702399533244046401494238950/1.3.6.1.4.1.9590.100.1.2.296793691211243286711024636380162085971/000000.dcm,mass,test,1,MALIGNANT
P_01800,RIGHT,CC,mass,BENIGN,Mass-Test_P_01800_RIGHT_CC/1.3.6.1.4.1.9590.100.1.2.322678671912388868511024178541621254158/1.3.6.1.4.1.9590.100.1.2.257796728813960468725024365380555366908/000000.dcm,mass,test,0,BENIGN
P_01807,RIGHT,MLO,mass,BENIGN,Mass-Test_P_01807_RIGHT_MLO/1.3.6.1.4.1.9590.100.1.2.356526673711181129205036264270568900823/1.3.6.1.4.1.9590.100.1.2.59648715111529087907981992282682505266/000000.dcm,mass,test,0,BENIGN
P_01815,RIGHT,CC,mass,MALIGNANT,Mass-Test_P_01815_RIGHT_CC/1.3.6.1.4.1.9590.100.1.2.69127645113983365137551353832830930772/1.3.6.1.4.1.9590.100.1.2.241488192410870375308842249503092939065/000000.dcm,mass,test,1,MALIGNANT
P_01815,RIGHT,MLO,mass,MALIGNANT,Mass-Test_P_01815_RIGHT_MLO/1.3.6.1.4.1.9590.100.1.2.50448187310878226319009501782506777765/1.3.6.1.4.1.9590.100.1.2.38716633512694080011766947013857405484/000000.dcm,mass,test,1,MALIGNANT
P_01825,RIGHT,CC,mass,BENIGN_WITHOUT_CALLBACK,Mass-Test_P_01825_RIGHT_CC/1.3.6.1.4.1.9590.100.1.2.315177580812133915138541779293057979035/1.3.6.1.4.1.9590.100.1.2.293828016812388339438728313620929626386/000000.dcm,mass,test,0,BENIGN
P_01825,RIGHT,MLO,mass,BENIGN_WITHOUT_CALLBACK,Mass-Test_P_01825_RIGHT_MLO/1.3.6.1.4.1.9590.100.1.2.348386962113589905517298746130341482843/1.3.6.1.4.1.9590.100.1.2.404577305912728645825627508702429716956/000000.dcm,mass,test,0,BENIGN
P_01833,RIGHT,MLO,mass,MALIGNANT,Mass-Test_P_01833_RIGHT_MLO/1.3.6.1.4.1.9590.100.1.2.97028970912942334638055863181669082884/1.3.6.1.4.1.9590.100.1.2.355464339112205472025411629030840677852/000000.dcm,mass,test,1,MALIGNANT
P_01865,LEFT,MLO,mass,MALIGNANT,Mass-Test_P_01865_LEFT_MLO/1.3.6.1.4.1.9590.100.1.2.161002919812344353325864513732864794616/1.3.6.1.4.1.9590.100.1.2.413066189111289743521076284514105478750/000000.dcm,mass,test,1,MALIGNANT
P_01912,RIGHT,CC,mass,MALIGNANT,Mass-Test_P_01912_RIGHT_CC/1.3.6.1.4.1.9590.100.1.2.205531323510540498529925651332846459644/1.3.6.1.4.1.9590.100.1.2.395806490413060973910077403213561423281/000000.dcm,mass,test,1,MALIGNANT
P_01912,RIGHT,MLO,mass,MALIGNANT,Mass-Test_P_01912_RIGHT_MLO/1.3.6.1.4.1.9590.100.1.2.17636245511697885626097266042878546673/1.3.6.1.4.1.9590.100.1.2.17600404511466616531880746830203874983/000000.dcm,mass,test,1,MALIGNANT
P_00005,RIGHT,CC,calcification,MALIGNANT,Calc-Training_P_00005_RIGHT_CC/1.3.6.1.4.1.9590.100.1.2.408909860712120272633130274602115723157/1.3.6.1.4.1.9590.100.1.2.47414316010368386519740343172775938548/000000.dcm,calc,train,1,MALIGNANT
P_00005,RIGHT,MLO,calcification,MALIGNANT,Calc-Training_P_00005_RIGHT_MLO/1.3.6.1.4.1.9590.100.1.2.427517897311902339923511678883689433338/1.3.6.1.4.1.9590.100.1.2.250596608311207922527805669693579696727/000000.dcm,calc,train,1,MALIGNANT
P_00007,LEFT,CC,calcification,BENIGN,Calc-Training_P_00007_LEFT_CC/1.3.6.1.4.1.9590.100.1.2.201322325113694962619881476352450072222/1.3.6.1.4.1.9590.100.1.2.228699627313487111012474405462022068297/000000.dcm,calc,train,0,BENIGN
P_00007,LEFT,MLO,calcification,BENIGN,Calc-Training_P_00007_LEFT_MLO/1.3.6.1.4.1.9590.100.1.2.370479499712916693322010643793108454887/1.3.6.1.4.1.9590.100.1.2.104743410411133110629448544090466900446/000000.dcm,calc,train,0,BENIGN
P_00008,LEFT,CC,calcification,BENIGN_WITHOUT_CALLBACK,Calc-Training_P_00008_LEFT_CC/1.3.6.1.4.1.9590.100.1.2.162256682111885666305889708873412464189/1.3.6.1.4.1.9590.100.1.2.406725628213826290127343763811145520834/000000.dcm,calc,train,0,BENIGN
P_00008,LEFT,CC,calcification,BENIGN_WITHOUT_CALLBACK,Calc-Training_P_00008_LEFT_CC/1.3.6.1.4.1.9590.100.1.2.162256682111885666305889708873412464189/1.3.6.1.4.1.9590.100.1.2.406725628213826290127343763811145520834/000000.dcm,calc,train,0,BENIGN
P_00008,LEFT,CC,calcification,BENIGN_WITHOUT_CALLBACK,Calc-Training_P_00008_LEFT_CC/1.3.6.1.4.1.9590.100.1.2.162256682111885666305889708873412464189/1.3.6.1.4.1.9590.100.1.2.406725628213826290127343763811145520834/000000.dcm,calc,train,0,BENIGN
P_00008,LEFT,MLO,calcification,BENIGN_WITHOUT_CALLBACK,Calc-Training_P_00008_LEFT_MLO/1.3.6.1.4.1.9590.100.1.2.84155842712765660429462608981255328663/1.3.6.1.4.1.9590.100.1.2.14784689311239808604822345534163797907/000000.dcm,calc,train,0,BENIGN
P_00008,LEFT,MLO,calcification,BENIGN_WITHOUT_CALLBACK,Calc-Training_P_00008_LEFT_MLO/1.3.6.1.4.1.9590.100.1.2.84155842712765660429462608981255328663/1.3.6.1.4.1.9590.100.1.2.14784689311239808604822345534163797907/000000.dcm,calc,train,0,BENIGN
P_00008,LEFT,MLO,calcification,BENIGN_WITHOUT_CALLBACK,Calc-Training_P_00008_LEFT_MLO/1.3.6.1.4.1.9590.100.1.2.84155842712765660429462608981255328663/1.3.6.1.4.1.9590.100.1.2.14784689311239808604822345534163797907/000000.dcm,calc,train,0,BENIGN
P_00008,RIGHT,CC,calcification,BENIGN_WITHOUT_CALLBACK,Calc-Training_P_00008_RIGHT_CC/1.3.6.1.4.1.9590.100.1.2.107045919512740883041445065473029564555/1.3.6.1.4.1.9590.100.1.2.22623043712768131109740179664004028729/000000.dcm,calc,train,0,BENIGN
P_00008,RIGHT,CC,calcification,BENIGN_WITHOUT_CALLBACK,Calc-Training_P_00008_RIGHT_CC/1.3.6.1.4.1.9590.100.1.2.107045919512740883041445065473029564555/1.3.6.1.4.1.9590.100.1.2.22623043712768131109740179664004028729/000000.dcm,calc,train,0,BENIGN
P_00008,RIGHT,CC,calcification,BENIGN_WITHOUT_CALLBACK,Calc-Training_P_00008_RIGHT_CC/1.3.6.1.4.1.9590.100.1.2.107045919512740883041445065473029564555/1.3.6.1.4.1.9590.100.1.2.22623043712768131109740179664004028729/000000.dcm,calc,train,0,BENIGN
P_00008,RIGHT,CC,calcification,BENIGN_WITHOUT_CALLBACK,Calc-Training_P_00008_RIGHT_CC/1.3.6.1.4.1.9590.100.1.2.107045919512740883041445065473029564555/1.3.6.1.4.1.9590.100.1.2.22623043712768131109740179664004028729/000000.dcm,calc,train,0,BENIGN
P_00008,RIGHT,CC,calcification,BENIGN_WITHOUT_CALLBACK,Calc-Training_P_00008_RIGHT_CC/1.3.6.1.4.1.9590.100.1.2.107045919512740883041445065473029564555/1.3.6.1.4.1.9590.100.1.2.22623043712768131109740179664004028729/000000.dcm,calc,train,0,BENIGN
P_00008,RIGHT,MLO,calcification,BENIGN_WITHOUT_CALLBACK,Calc-Training_P_00008_RIGHT_MLO/1.3.6.1.4.1.9590.100.1.2.409130800612759052300668809494105321704/1.3.6.1.4.1.9590.100.1.2.101743131510015201839523365310215332980/000000.dcm,calc,train,0,BENIGN
P_00008,RIGHT,MLO,calcification,BENIGN_WITHOUT_CALLBACK,Calc-Training_P_00008_RIGHT_MLO/1.3.6.1.4.1.9590.100.1.2.409130800612759052300668809494105321704/1.3.6.1.4.1.9590.100.1.2.101743131510015201839523365310215332980/000000.dcm,calc,train,0,BENIGN
P_00008,RIGHT,MLO,calcification,BENIGN_WITHOUT_CALLBACK,Calc-Training_P_00008_RIGHT_MLO/1.3.6.1.4.1.9590.100.1.2.409130800612759052300668809494105321704/1.3.6.1.4.1.9590.100.1.2.101743131510015201839523365310215332980/000000.dcm,calc,train,0,BENIGN
P_00008,RIGHT,MLO,calcification,BENIGN_WITHOUT_CALLBACK,Calc-Training_P_00008_RIGHT_MLO/1.3.6.1.4.1.9590.100.1.2.409130800612759052300668809494105321704/1.3.6.1.4.1.9590.100.1.2.101743131510015201839523365310215332980/000000.dcm,calc,train,0,BENIGN
P_00008,RIGHT,MLO,calcification,BENIGN_WITHOUT_CALLBACK,Calc-Training_P_00008_RIGHT_MLO/1.3.6.1.4.1.9590.100.1.2.409130800612759052300668809494105321704/1.3.6.1.4.1.9590.100.1.2.101743131510015201839523365310215332980/000000.dcm,calc,train,0,BENIGN
P_00010,LEFT,CC,calcification,BENIGN_WITHOUT_CALLBACK,Calc-Training_P_00010_LEFT_CC/1.3.6.1.4.1.9590.100.1.2.407563183711621278003163718900991700045/1.3.6.1.4.1.9590.100.1.2.271665327610523966032056303433070740031/000000.dcm,calc,train,0,BENIGN
P_00010,LEFT,MLO,calcification,BENIGN_WITHOUT_CALLBACK,Calc-Training_P_00010_LEFT_MLO/1.3.6.1.4.1.9590.100.1.2.26432225411287089319376928502511711153/1.3.6.1.4.1.9590.100.1.2.138089954813057214218822588283956286942/000000.dcm,calc,train,0,BENIGN
P_00011,LEFT,CC,calcification,BENIGN,Calc-Training_P_00011_LEFT_CC/1.3.6.1.4.1.9590.100.1.2.276155542712021701434787721271107268211/1.3.6.1.4.1.9590.100.1.2.389208391412680785736990872734216560014/000000.dcm,calc,train,0,BENIGN
P_00011,LEFT,MLO,calcification,BENIGN,Calc-Training_P_00011_LEFT_MLO/1.3.6.1.4.1.9590.100.1.2.226101260211733383431616492821244251459/1.3.6.1.4.1.9590.100.1.2.121177287111311333525188386730741141286/000000.dcm,calc,train,0,BENIGN
P_00012,LEFT,CC,calcification,MALIGNANT,Calc-Training_P_00012_LEFT_CC/1.3.6.1.4.1.9590.100.1.2.41801183312109695302459926162531744292/1.3.6.1.4.1.9590.100.1.2.97980732212593010616197208512945314995/000000.dcm,calc,train,1,MALIGNANT
P_00012,LEFT,MLO,calcification,MALIGNANT,Calc-Training_P_00012_LEFT_MLO/1.3.6.1.4.1.9590.100.1.2.312602420012916946632859434732074583789/1.3.6.1.4.1.9590.100.1.2.307271664512650974022213502811472047069/000000.dcm,calc,train,1,MALIGNANT
P_00013,RIGHT,MLO,calcification,BENIGN,Calc-Training_P_00013_RIGHT_MLO/1.3.6.1.4.1.9590.100.1.2.42338003413067189920718816374279625255/1.3.6.1.4.1.9590.100.1.2.255137593013925166616863669013323358727/000000.dcm,calc,train,0,BENIGN
P_00014,LEFT,CC,calcification,MALIGNANT,Calc-Training_P_00014_LEFT_CC/1.3.6.1.4.1.9590.100.1.2.356512945711558661035394607423245971473/1.3.6.1.4.1.9590.100.1.2.223898792711166317117028681443870663410/000000.dcm,calc,train,1,MALIGNANT
P_00014,LEFT,MLO,calcification,MALIGNANT,Calc-Training_P_00014_LEFT_MLO/1.3.6.1.4.1.9590.100.1.2.357706073312614998302753253342796714335/1.3.6.1.4.1.9590.100.1.2.365997488611944218017486419344205403717/000000.dcm,calc,train,1,MALIGNANT
P_00016,LEFT,CC,calcification,MALIGNANT,Calc-Training_P_00016_LEFT_CC/1.3.6.1.4.1.9590.100.1.2.253978149511101060208020783490216122221/1.3.6.1.4.1.9590.100.1.2.260460400911929915941068601874038374118/000000.dcm,calc,train,1,MALIGNANT
P_00016,LEFT,MLO,calcification,MALIGNANT,Calc-Training_P_00016_LEFT_MLO/1.3.6.1.4.1.9590.100.1.2.403054351612012693932407333282693962962/1.3.6.1.4.1.9590.100.1.2.209772357711578913441417422530940059315/000000.dcm,calc,train,1,MALIGNANT
P_00019,RIGHT,MLO,calcification,BENIGN,Calc-Training_P_00019_RIGHT_MLO/1.3.6.1.4.1.9590.100.1.2.402862878710879755318440884650362135937/1.3.6.1.4.1.9590.100.1.2.211427675111583558805605682400609571318/000000.dcm,calc,train,0,BENIGN
P_00019,RIGHT,CC,calcification,BENIGN,Calc-Training_P_00019_RIGHT_CC/1.3.6.1.4.1.9590.100.1.2.86372204413773963300916773660922384889/1.3.6.1.4.1.9590.100.1.2.326956207912458716509788527682547540915/000000.dcm,calc,train,0,BENIGN
P_00020,LEFT,CC,calcification,MALIGNANT,Calc-Training_P_00020_LEFT_CC/1.3.6.1.4.1.9590.100.1.2.94638648511513340427968278020357855320/1.3.6.1.4.1.9590.100.1.2.153128347813213947224177706732042659268/000000.dcm,calc,train,1,MALIGNANT
P_00020,LEFT,MLO,calcification,MALIGNANT,Calc-Training_P_00020_LEFT_MLO/1.3.6.1.4.1.9590.100.1.2.2382334511180002731736037621676649334/1.3.6.1.4.1.9590.100.1.2.375674998311057227230516729621119693765/000000.dcm,calc,train,1,MALIGNANT
P_00022,LEFT,CC,calcification,BENIGN,Calc-Training_P_00022_LEFT_CC/1.3.6.1.4.1.9590.100.1.2.26048586011838999619697470803489754112/1.3.6.1.4.1.9590.100.1.2.24368093313180939040871774012013458310/000000.dcm,calc,train,0,BENIGN
P_00022,LEFT,MLO,calcification,BENIGN,Calc-Training_P_00022_LEFT_MLO/1.3.6.1.4.1.9590.100.1.2.198596134813889580735908276893369792931/1.3.6.1.4.1.9590.100.1.2.48194957612266309424978320751888077522/000000.dcm,calc,train,0,BENIGN
P_00024,LEFT,CC,calcification,BENIGN,Calc-Training_P_00024_LEFT_CC/1.3.6.1.4.1.9590.100.1.2.73315536511074306334196798871768995089/1.3.6.1.4.1.9590.100.1.2.397804062110838057908993345582718463885/000000.dcm,calc,train,0,BENIGN
P_00024,LEFT,MLO,calcification,BENIGN,Calc-Training_P_00024_LEFT_MLO/1.3.6.1.4.1.9590.100.1.2.125949998012485756404023679032358913996/1.3.6.1.4.1.9590.100.1.2.124903870811866529208918844773289609447/000000.dcm,calc,train,0,BENIGN
P_00028,LEFT,MLO,calcification,BENIGN,Calc-Training_P_00028_LEFT_MLO/1.3.6.1.4.1.9590.100.1.2.43782707412115361525617363602457775937/1.3.6.1.4.1.9590.100.1.2.384733400713300334228962042161417756433/000000.dcm,calc,train,0,BENIGN
P_00029,LEFT,CC,calcification,MALIGNANT,Calc-Training_P_00029_LEFT_CC/1.3.6.1.4.1.9590.100.1.2.322363293511149457511441419560766495083/1.3.6.1.4.1.9590.100.1.2.17808023811916375736730464253632504086/000000.dcm,calc,train,1,MALIGNANT
P_00029,LEFT,MLO,calcification,MALIGNANT,Calc-Training_P_00029_LEFT_MLO/1.3.6.1.4.1.9590.100.1.2.177960697110436492439838695784087917161/1.3.6.1.4.1.9590.100.1.2.159721624211840137932472262611105662911/000000.dcm,calc,train,1,MALIGNANT
P_00030,LEFT,CC,calcification,BENIGN_WITHOUT_CALLBACK,Calc-Training_P_00030_LEFT_CC/1.3.6.1.4.1.9590.100.1.2.277450526512524450123128213833451240023/1.3.6.1.4.1.9590.100.1.2.231380228412044580229454614280746403429/000000.dcm,calc,train,0,BENIGN
P_00030,LEFT,CC,calcification,BENIGN_WITHOUT_CALLBACK,Calc-Training_P_00030_LEFT_CC/1.3.6.1.4.1.9590.100.1.2.277450526512524450123128213833451240023/1.3.6.1.4.1.9590.100.1.2.231380228412044580229454614280746403429/000000.dcm,calc,train,0,BENIGN
P_00030,LEFT,MLO,calcification,BENIGN_WITHOUT_CALLBACK,Calc-Training_P_00030_LEFT_MLO/1.3.6.1.4.1.9590.100.1.2.36125268511964688142424188710430995489/1.3.6.1.4.1.9590.100.1.2.378637774911181109017340773404018176403/000000.dcm,calc,train,0,BENIGN
P_00030,LEFT,MLO,calcification,BENIGN_WITHOUT_CALLBACK,Calc-Training_P_00030_LEFT_MLO/1.3.6.1.4.1.9590.100.1.2.36125268511964688142424188710430995489/1.3.6.1.4.1.9590.100.1.2.378637774911181109017340773404018176403/000000.dcm,calc,train,0,BENIGN
P_00030,RIGHT,CC,calcification,BENIGN_WITHOUT_CALLBACK,Calc-Training_P_00030_RIGHT_CC/1.3.6.1.4.1.9590.100.1.2.298761075711316947234552995150655234303/1.3.6.1.4.1.9590.100.1.2.298477783611607430420740660610178234342/000000.dcm,calc,train,0,BENIGN
P_00030,RIGHT,MLO,calcification,BENIGN_WITHOUT_CALLBACK,Calc-Training_P_00030_RIGHT_MLO/1.3.6.1.4.1.9590.100.1.2.423205417111965408516647709462910421014/1.3.6.1.4.1.9590.100.1.2.8224011612206957419584270413389091077/000000.dcm,calc,train,0,BENIGN
P_00031,LEFT,CC,calcification,MALIGNANT,Calc-Training_P_00031_LEFT_CC/1.3.6.1.4.1.9590.100.1.2.423368663612518985306634600221581907797/1.3.6.1.4.1.9590.100.1.2.291621955011202146833857094874091601522/000000.dcm,calc,train,1,MALIGNANT
P_00034,RIGHT,CC,calcification,MALIGNANT,Calc-Training_P_00034_RIGHT_CC/1.3.6.1.4.1.9590.100.1.2.268859269412655083322303207990295888254/1.3.6.1.4.1.9590.100.1.2.201499455513205630518500217693628672169/000000.dcm,calc,train,1,MALIGNANT
P_00034,RIGHT,MLO,calcification,MALIGNANT,Calc-Training_P_00034_RIGHT_MLO/1.3.6.1.4.1.9590.100.1.2.274955931012688117617126795631068933300/1.3.6.1.4.1.9590.100.1.2.287974861112966343326395908123786241211/000000.dcm,calc,train,1,MALIGNANT
P_00043,LEFT,MLO,calcification,MALIGNANT,Calc-Training_P_00043_LEFT_MLO/1.3.6.1.4.1.9590.100.1.2.94294681410362720825065184111316689761/1.3.6.1.4.1.9590.100.1.2.375522455511603175139383410422347392769/000000.dcm,calc,train,1,MALIGNANT
P_00047,LEFT,CC,calcification,MALIGNANT,Calc-Training_P_00047_LEFT_CC/1.3.6.1.4.1.9590.100.1.2.155046609013709176715670803564130273583/1.3.6.1.4.1.9590.100.1.2.391876226111657492320851639130860760300/000000.dcm,calc,train,1,MALIGNANT
P_00047,LEFT,CC,calcification,MALIGNANT,Calc-Training_P_00047_LEFT_CC/1.3.6.1.4.1.9590.100.1.2.155046609013709176715670803564130273583/1.3.6.1.4.1.9590.100.1.2.391876226111657492320851639130860760300/000000.dcm,calc,train,1,MALIGNANT
P_00047,LEFT,CC,calcification,MALIGNANT,Calc-Training_P_00047_LEFT_CC/1.3.6.1.4.1.9590.100.1.2.155046609013709176715670803564130273583/1.3.6.1.4.1.9590.100.1.2.391876226111657492320851639130860760300/000000.dcm,calc,train,1,MALIGNANT
P_00047,LEFT,MLO,calcification,MALIGNANT,Calc-Training_P_00047_LEFT_MLO/1.3.6.1.4.1.9590.100.1.2.42327953211221501409627851671608189501/1.3.6.1.4.1.9590.100.1.2.93188214610698815600756310350102908043/000000.dcm,calc,train,1,MALIGNANT
P_00047,LEFT,MLO,calcification,MALIGNANT,Calc-Training_P_00047_LEFT_MLO/1.3.6.1.4.1.9590.100.1.2.42327953211221501409627851671608189501/1.3.6.1.4.1.9590.100.1.2.93188214610698815600756310350102908043/000000.dcm,calc,train,1,MALIGNANT
P_00047,LEFT,MLO,calcification,MALIGNANT,Calc-Training_P_00047_LEFT_MLO/1.3.6.1.4.1.9590.100.1.2.42327953211221501409627851671608189501/1.3.6.1.4.1.9590.100.1.2.93188214610698815600756310350102908043/000000.dcm,calc,train,1,MALIGNANT
P_00048,RIGHT,CC,calcification,BENIGN_WITHOUT_CALLBACK,Calc-Training_P_00048_RIGHT_CC/1.3.6.1.4.1.9590.100.1.2.410055731112247012036248188220256364703/1.3.6.1.4.1.9590.100.1.2.113088658712941187126679102951042396054/000000.dcm,calc,train,0,BENIGN
P_00048,RIGHT,CC,calcification,BENIGN_WITHOUT_CALLBACK,Calc-Training_P_00048_RIGHT_CC/1.3.6.1.4.1.9590.100.1.2.410055731112247012036248188220256364703/1.3.6.1.4.1.9590.100.1.2.113088658712941187126679102951042396054/000000.dcm,calc,train,0,BENIGN
P_00048,RIGHT,MLO,calcification,BENIGN_WITHOUT_CALLBACK,Calc-Training_P_00048_RIGHT_MLO/1.3.6.1.4.1.9590.100.1.2.285246051012141103110185857282988020948/1.3.6.1.4.1.9590.100.1.2.105968129011085973513291797982789439853/000000.dcm,calc,train,0,BENIGN
P_00048,RIGHT,MLO,calcification,BENIGN_WITHOUT_CALLBACK,Calc-Training_P_00048_RIGHT_MLO/1.3.6.1.4.1.9590.100.1.2.285246051012141103110185857282988020948/1.3.6.1.4.1.9590.100.1.2.105968129011085973513291797982789439853/000000.dcm,calc,train,0,BENIGN
P_00049,RIGHT,CC,calcification,MALIGNANT,Calc-Training_P_00049_RIGHT_CC/1.3.6.1.4.1.9590.100.1.2.54574932512575362039114628373141671344/1.3.6.1.4.1.9590.100.1.2.363998510013502165713496820931778815938/000000.dcm,calc,train,1,MALIGNANT
P_00049,RIGHT,MLO,calcification,MALIGNANT,Calc-Training_P_00049_RIGHT_MLO/1.3.6.1.4.1.9590.100.1.2.74309857012526172005930845972808775796/1.3.6.1.4.1.9590.100.1.2.104480937912142008905105345630206309467/000000.dcm,calc,train,1,MALIGNANT
P_00060,RIGHT,CC,calcification,BENIGN,Calc-Training_P_00060_RIGHT_CC/1.3.6.1.4.1.9590.100.1.2.111184828512638871606677733150300131839/1.3.6.1.4.1.9590.100.1.2.107813078113989584811224180480605876395/000000.dcm,calc,train,0,BENIGN
P_00060,RIGHT,MLO,calcification,BENIGN,Calc-Training_P_00060_RIGHT_MLO/1.3.6.1.4.1.9590.100.1.2.91476110713172979911552183463315793043/1.3.6.1.4.1.9590.100.1.2.81224121613615658336040014641017971693/000000.dcm,calc,train,0,BENIGN
P_00062,LEFT,CC,calcification,BENIGN,Calc-Training_P_00062_LEFT_CC/1.3.6.1.4.1.9590.100.1.2.185032347211890986400524453353693438646/1.3.6.1.4.1.9590.100.1.2.393322274613132551737979514223196972569/000000.dcm,calc,train,0,BENIGN
P_00062,LEFT,MLO,calcification,BENIGN,Calc-Training_P_00062_LEFT_MLO/1.3.6.1.4.1.9590.100.1.2.154569748312676107228097125292194099698/1.3.6.1.4.1.9590.100.1.2.363818853912156378310973075532003876069/000000.dcm,calc,train,0,BENIGN
P_00063,RIGHT,CC,calcification,MALIGNANT,Calc-Training_P_00063_RIGHT_CC/1.3.6.1.4.1.9590.100.1.2.279667851910350937107242584640052604603/1.3.6.1.4.1.9590.100.1.2.228098801912010422113537916701035385124/000000.dcm,calc,train,1,MALIGNANT
P_00063,RIGHT,MLO,calcification,MALIGNANT,Calc-Training_P_00063_RIGHT_MLO/1.3.6.1.4.1.9590.100.1.2.152210385711727196015856859430821912475/1.3.6.1.4.1.9590.100.1.2.213028272112982631512336331620101061807/000000.dcm,calc,train,1,MALIGNANT
P_00071,RIGHT,CC,calcification,BENIGN,Calc-Training_P_00071_RIGHT_CC/1.3.6.1.4.1.9590.100.1.2.181430762911988571208863290221301198655/1.3.6.1.4.1.9590.100.1.2.417245885012230027939057578802735850674/000000.dcm,calc,train,0,BENIGN
P_00071,RIGHT,MLO,calcification,BENIGN,Calc-Training_P_00071_RIGHT_MLO/1.3.6.1.4.1.9590.100.1.2.41021921311384639303213854041560085378/1.3.6.1.4.1.9590.100.1.2.260908917912584340334325958833375873776/000000.dcm,calc,train,0,BENIGN
P_00078,LEFT,CC,calcification,MALIGNANT,Calc-Training_P_00078_LEFT_CC/1.3.6.1.4.1.9590.100.1.2.190823154012137850526633568121335074864/1.3.6.1.4.1.9590.100.1.2.295998575611386490025864183312917474029/000000.dcm,calc,train,1,MALIGNANT
P_00078,LEFT,MLO,calcification,MALIGNANT,Calc-Training_P_00078_LEFT_MLO/1.3.6.1.4.1.9590.100.1.2.306022949612457168908506651110337994271/1.3.6.1.4.1.9590.100.1.2.102055444111189562121016464983795828597/000000.dcm,calc,train,1,MALIGNANT
P_00083,RIGHT,CC,calcification,BENIGN,Calc-Training_P_00083_RIGHT_CC/1.3.6.1.4.1.9590.100.1.2.275045398312189721027021690053923866791/1.3.6.1.4.1.9590.100.1.2.337708571111934364527685482773600796600/000000.dcm,calc,train,0,BENIGN
P_00084,LEFT,CC,calcification,MALIGNANT,Calc-Training_P_00084_LEFT_CC/1.3.6.1.4.1.9590.100.1.2.67024352911175451315025368361963496706/1.3.6.1.4.1.9590.100.1.2.379175748313156423405585484032787500736/000000.dcm,calc,train,1,MALIGNANT
P_00084,LEFT,MLO,calcification,MALIGNANT,Calc-Training_P_00084_LEFT_MLO/1.3.6.1.4.1.9590.100.1.2.241982865411994450803751325480522591993/1.3.6.1.4.1.9590.100.1.2.66112330411140340105014191773026467660/000000.dcm,calc,train,1,MALIGNANT
P_00085,RIGHT,CC,calcification,MALIGNANT,Calc-Training_P_00085_RIGHT_CC/1.3.6.1.4.1.9590.100.1.2.425328790411312933836368529101633672573/1.3.6.1.4.1.9590.100.1.2.393240561112205128707391894273067457000/000000.dcm,calc,train,1,MALIGNANT
P_00085,RIGHT,MLO,calcification,MALIGNANT,Calc-Training_P_00085_RIGHT_MLO/1.3.6.1.4.1.9590.100.1.2.250159549613619251135327563710983966505/1.3.6.1.4.1.9590.100.1.2.332622214912498098134724868361643196992/000000.dcm,calc,train,1,MALIGNANT
P_00088,LEFT,CC,calcification,MALIGNANT,Calc-Training_P_00088_LEFT_CC/1.3.6.1.4.1.9590.100.1.2.36871810712713309940991440770595552407/1.3.6.1.4.1.9590.100.1.2.385676425013059820227250013453708267714/000000.dcm,calc,train,1,MALIGNANT
P_00088,LEFT,MLO,calcification,MALIGNANT,Calc-Training_P_00088_LEFT_MLO/1.3.6.1.4.1.9590.100.1.2.79982283711568734229189019390033560357/1.3.6.1.4.1.9590.100.1.2.70693830012973314811488014530500090172/000000.dcm,calc,train,1,MALIGNANT
P_00091,LEFT,CC,calcification,BENIGN,Calc-Training_P_00091_LEFT_CC/1.3.6.1.4.1.9590.100.1.2.276168566912790030905847417793203286230/1.3.6.1.4.1.9590.100.1.2.98211941611503864916543313040642872143/000000.dcm,calc,train,0,BENIGN
P_00091,LEFT,MLO,calcification,BENIGN,Calc-Training_P_00091_LEFT_MLO/1.3.6.1.4.1.9590.100.1.2.173883331311350440241611450180057182150/1.3.6.1.4.1.9590.100.1.2.148870984211333305831203941473577179039/000000.dcm,calc,train,0,BENIGN
P_00098,LEFT,CC,calcification,BENIGN_WITHOUT_CALLBACK,Calc-Training_P_00098_LEFT_CC/1.3.6.1.4.1.9590.100.1.2.133720276312652630012472308854241552223/1.3.6.1.4.1.9590.100.1.2.128971107611361603033728268130430556677/000000.dcm,calc,train,0,BENIGN
P_00098,LEFT,MLO,calcification,BENIGN_WITHOUT_CALLBACK,Calc-Training_P_00098_LEFT_MLO/1.3.6.1.4.1.9590.100.1.2.327200542012342536126195193633256431673/1.3.6.1.4.1.9590.100.1.2.33861711511809892034543074661890550667/000000.dcm,calc,train,0,BENIGN
P_00098,LEFT,MLO,calcification,BENIGN_WITHOUT_CALLBACK,Calc-Training_P_00098_LEFT_MLO/1.3.6.1.4.1.9590.100.1.2.327200542012342536126195193633256431673/1.3.6.1.4.1.9590.100.1.2.33861711511809892034543074661890550667/000000.dcm,calc,train,0,BENIGN
P_00098,RIGHT,CC,calcification,BENIGN_WITHOUT_CALLBACK,Calc-Training_P_00098_RIGHT_CC/1.3.6.1.4.1.9590.100.1.2.261342561112145316326696436902397832720/1.3.6.1.4.1.9590.100.1.2.224225944413287957229090139042821529119/000000.dcm,calc,train,0,BENIGN
P_00098,RIGHT,MLO,calcification,BENIGN_WITHOUT_CALLBACK,Calc-Training_P_00098_RIGHT_MLO/1.3.6.1.4.1.9590.100.1.2.190245321812312470804798660343131087262/1.3.6.1.4.1.9590.100.1.2.318543965711217763213591571541538853788/000000.dcm,calc,train,0,BENIGN
P_00098,RIGHT,MLO,calcification,BENIGN_WITHOUT_CALLBACK,Calc-Training_P_00098_RIGHT_MLO/1.3.6.1.4.1.9590.100.1.2.190245321812312470804798660343131087262/1.3.6.1.4.1.9590.100.1.2.318543965711217763213591571541538853788/000000.dcm,calc,train,0,BENIGN
P_00101,RIGHT,CC,calcification,MALIGNANT,Calc-Training_P_00101_RIGHT_CC/1.3.6.1.4.1.9590.100.1.2.76934332111369453912679279361302684702/1.3.6.1.4.1.9590.100.1.2.387302091512953100939990337603904295050/000000.dcm,calc,train,1,MALIGNANT
P_00101,RIGHT,MLO,calcification,MALIGNANT,Calc-Training_P_00101_RIGHT_MLO/1.3.6.1.4.1.9590.100.1.2.65170910912448360731684642704279265078/1.3.6.1.4.1.9590.100.1.2.325202908012267823903213633892192510338/000000.dcm,calc,train,1,MALIGNANT
P_00105,LEFT,CC,calcification,BENIGN,Calc-Training_P_00105_LEFT_CC/1.3.6.1.4.1.9590.100.1.2.43047811412708024128566537501321526739/1.3.6.1.4.1.9590.100.1.2.8433705612119628039709943644165314222/000000.dcm,calc,train,0,BENIGN
P_00105,LEFT,MLO,calcification,BENIGN,Calc-Training_P_00105_LEFT_MLO/1.3.6.1.4.1.9590.100.1.2.321311090812789724516496203681077430902/1.3.6.1.4.1.9590.100.1.2.173470568512513530609795736530062754770/000000.dcm,calc,train,0,BENIGN
P_00106,RIGHT,CC,calcification,BENIGN_WITHOUT_CALLBACK,Calc-Training_P_00106_RIGHT_CC/1.3.6.1.4.1.9590.100.1.2.77769823510297036413624879371452132501/1.3.6.1.4.1.9590.100.1.2.323217412710482457939027237711644777753/000000.dcm,calc,train,0,BENIGN
P_00106,RIGHT,MLO,calcification,BENIGN_WITHOUT_CALLBACK,Calc-Training_P_00106_RIGHT_MLO/1.3.6.1.4.1.9590.100.1.2.285397839712946836108102340090893096750/1.3.6.1.4.1.9590.100.1.2.178623233311793947517899818422469606660/000000.dcm,calc,train,0,BENIGN
P_00112,LEFT,CC,calcification,BENIGN_WITHOUT_CALLBACK,Calc-Training_P_00112_LEFT_CC/1.3.6.1.4.1.9590.100.1.2.389032377711809506534963915711076669583/1.3.6.1.4.1.9590.100.1.2.372242868912771199931376088613260744366/000000.dcm,calc,train,0,BENIGN
P_00112,LEFT,CC,calcification,BENIGN_WITHOUT_CALLBACK,Calc-Training_P_00112_LEFT_CC/1.3.6.1.4.1.9590.100.1.2.389032377711809506534963915711076669583/1.3.6.1.4.1.9590.100.1.2.372242868912771199931376088613260744366/000000.dcm,calc,train,0,BENIGN
P_00112,LEFT,CC,calcification,BENIGN_WITHOUT_CALLBACK,Calc-Training_P_00112_LEFT_CC/1.3.6.1.4.1.9590.100.1.2.389032377711809506534963915711076669583/1.3.6.1.4.1.9590.100.1.2.372242868912771199931376088613260744366/000000.dcm,calc,train,0,BENIGN
P_00112,LEFT,CC,calcification,BENIGN_WITHOUT_CALLBACK,Calc-Training_P_00112_LEFT_CC/1.3.6.1.4.1.9590.100.1.2.389032377711809506534963915711076669583/1.3.6.1.4.1.9590.100.1.2.372242868912771199931376088613260744366/000000.dcm,calc,train,0,BENIGN
P_00112,LEFT,MLO,calcification,BENIGN_WITHOUT_CALLBACK,Calc-Training_P_00112_LEFT_MLO/1.3.6.1.4.1.9590.100.1.2.229507926611612245303276550950140392772/1.3.6.1.4.1.9590.100.1.2.226337463110875594101666175242078490747/000000.dcm,calc,train,0,BENIGN
P_00112,LEFT,MLO,calcification,BENIGN_WITHOUT_CALLBACK,Calc-Training_P_00112_LEFT_MLO/1.3.6.1.4.1.9590.100.1.2.229507926611612245303276550950140392772/1.3.6.1.4.1.9590.100.1.2.226337463110875594101666175242078490747/000000.dcm,calc,train,0,BENIGN
P_00112,LEFT,MLO,calcification,BENIGN_WITHOUT_CALLBACK,Calc-Training_P_00112_LEFT_MLO/1.3.6.1.4.1.9590.100.1.2.229507926611612245303276550950140392772/1.3.6.1.4.1.9590.100.1.2.226337463110875594101666175242078490747/000000.dcm,calc,train,0,BENIGN
P_00112,LEFT,MLO,calcification,BENIGN_WITHOUT_CALLBACK,Calc-Training_P_00112_LEFT_MLO/1.3.6.1.4.1.9590.100.1.2.229507926611612245303276550950140392772/1.3.6.1.4.1.9590.100.1.2.226337463110875594101666175242078490747/000000.dcm,calc,train,0,BENIGN
P_00112,LEFT,MLO,calcification,BENIGN_WITHOUT_CALLBACK,Calc-Training_P_00112_LEFT_MLO/1.3.6.1.4.1.9590.100.1.2.229507926611612245303276550950140392772/1.3.6.1.4.1.9590.100.1.2.226337463110875594101666175242078490747/000000.dcm,calc,train,0,BENIGN
P_00112,LEFT,MLO,calcification,BENIGN_WITHOUT_CALLBACK,Calc-Training_P_00112_LEFT_MLO/1.3.6.1.4.1.9590.100.1.2.229507926611612245303276550950140392772/1.3.6.1.4.1.9590.100.1.2.226337463110875594101666175242078490747/000000.dcm,calc,train,0,BENIGN
P_00112,RIGHT,CC,calcification,BENIGN_WITHOUT_CALLBACK,Calc-Training_P_00112_RIGHT_CC/1.3.6.1.4.1.9590.100.1.2.22037569712681376024679804461279266027/1.3.6.1.4.1.9590.100.1.2.385993857812880492226944782470456885854/000000.dcm,calc,train,0,BENIGN
P_00112,RIGHT,CC,calcification,BENIGN_WITHOUT_CALLBACK,Calc-Training_P_00112_RIGHT_CC/1.3.6.1.4.1.9590.100.1.2.22037569712681376024679804461279266027/1.3.6.1.4.1.9590.100.1.2.385993857812880492226944782470456885854/000000.dcm,calc,train,0,BENIGN
P_00112,RIGHT,CC,calcification,BENIGN_WITHOUT_CALLBACK,Calc-Training_P_00112_RIGHT_CC/1.3.6.1.4.1.9590.100.1.2.22037569712681376024679804461279266027/1.3.6.1.4.1.9590.100.1.2.385993857812880492226944782470456885854/000000.dcm,calc,train,0,BENIGN
P_00112,RIGHT,CC,calcification,BENIGN_WITHOUT_CALLBACK,Calc-Training_P_00112_RIGHT_CC/1.3.6.1.4.1.9590.100.1.2.22037569712681376024679804461279266027/1.3.6.1.4.1.9590.100.1.2.385993857812880492226944782470456885854/000000.dcm,calc,train,0,BENIGN
P_00112,RIGHT,CC,calcification,BENIGN_WITHOUT_CALLBACK,Calc-Training_P_00112_RIGHT_CC/1.3.6.1.4.1.9590.100.1.2.22037569712681376024679804461279266027/1.3.6.1.4.1.9590.100.1.2.385993857812880492226944782470456885854/000000.dcm,calc,train,0,BENIGN
P_00112,RIGHT,CC,calcification,BENIGN_WITHOUT_CALLBACK,Calc-Training_P_00112_RIGHT_CC/1.3.6.1.4.1.9590.100.1.2.22037569712681376024679804461279266027/1.3.6.1.4.1.9590.100.1.2.385993857812880492226944782470456885854/000000.dcm,calc,train,0,BENIGN
P_00112,RIGHT,MLO,calcification,BENIGN_WITHOUT_CALLBACK,Calc-Training_P_00112_RIGHT_MLO/1.3.6.1.4.1.9590.100.1.2.184701927611299861837929775922316557387/1.3.6.1.4.1.9590.100.1.2.329104735012234553414142104453590990063/000000.dcm,calc,train,0,BENIGN
P_00112,RIGHT,MLO,calcification,BENIGN_WITHOUT_CALLBACK,Calc-Training_P_00112_RIGHT_MLO/1.3.6.1.4.1.9590.100.1.2.184701927611299861837929775922316557387/1.3.6.1.4.1.9590.100.1.2.329104735012234553414142104453590990063/000000.dcm,calc,train,0,BENIGN
P_00112,RIGHT,MLO,calcification,BENIGN_WITHOUT_CALLBACK,Calc-Training_P_00112_RIGHT_MLO/1.3.6.1.4.1.9590.100.1.2.184701927611299861837929775922316557387/1.3.6.1.4.1.9590.100.1.2.329104735012234553414142104453590990063/000000.dcm,calc,train,0,BENIGN
P_00112,RIGHT,MLO,calcification,BENIGN_WITHOUT_CALLBACK,Calc-Training_P_00112_RIGHT_MLO/1.3.6.1.4.1.9590.100.1.2.184701927611299861837929775922316557387/1.3.6.1.4.1.9590.100.1.2.329104735012234553414142104453590990063/000000.dcm,calc,train,0,BENIGN
P_00112,RIGHT,MLO,calcification,BENIGN_WITHOUT_CALLBACK,Calc-Training_P_00112_RIGHT_MLO/1.3.6.1.4.1.9590.100.1.2.184701927611299861837929775922316557387/1.3.6.1.4.1.9590.100.1.2.329104735012234553414142104453590990063/000000.dcm,calc,train,0,BENIGN
P_00112,RIGHT,MLO,calcification,BENIGN_WITHOUT_CALLBACK,Calc-Training_P_00112_RIGHT_MLO/1.3.6.1.4.1.9590.100.1.2.184701927611299861837929775922316557387/1.3.6.1.4.1.9590.100.1.2.329104735012234553414142104453590990063/000000.dcm,calc,train,0,BENIGN
P_00112,RIGHT,MLO,calcification,BENIGN_WITHOUT_CALLBACK,Calc-Training_P_00112_RIGHT_MLO/1.3.6.1.4.1.9590.100.1.2.184701927611299861837929775922316557387/1.3.6.1.4.1.9590.100.1.2.329104735012234553414142104453590990063/000000.dcm,calc,train,0,BENIGN
P_00121,LEFT,CC,calcification,MALIGNANT,Calc-Training_P_00121_LEFT_CC/1.3.6.1.4.1.9590.100.1.2.114717604512168842310675997672047841034/1.3.6.1.4.1.9590.100.1.2.254942930012081793435127812101974545401/000000.dcm,calc,train,1,MALIGNANT
P_00121,LEFT,MLO,calcification,MALIGNANT,Calc-Training_P_00121_LEFT_MLO/1.3.6.1.4.1.9590.100.1.2.185258967511036490017889796382409743396/1.3.6.1.4.1.9590.100.1.2.363057180712917019923306676813443838149/000000.dcm,calc,train,1,MALIGNANT
P_00123,LEFT,CC,calcification,BENIGN,Calc-Training_P_00123_LEFT_CC/1.3.6.1.4.1.9590.100.1.2.101769884111076685924677331302120072621/1.3.6.1.4.1.9590.100.1.2.99456166312612236819044550452017912928/000000.dcm,calc,train,0,BENIGN
P_00123,LEFT,MLO,calcification,BENIGN,Calc-Training_P_00123_LEFT_MLO/1.3.6.1.4.1.9590.100.1.2.251300119511646467926717661701703421236/1.3.6.1.4.1.9590.100.1.2.421867427513537072933094946710748700154/000000.dcm,calc,train,0,BENIGN
P_00129,LEFT,CC,calcification,BENIGN,Calc-Training_P_00129_LEFT_CC/1.3.6.1.4.1.9590.100.1.2.331189469012348735506499176090146028515/1.3.6.1.4.1.9590.100.1.2.158021153310509105513577199532532714566/000000.dcm,calc,train,0,BENIGN
P_00129,LEFT,MLO,calcification,BENIGN,Calc-Training_P_00129_LEFT_MLO/1.3.6.1.4.1.9590.100.1.2.136309483811182006811044358430241368523/1.3.6.1.4.1.9590.100.1.2.55722694712732160636289563342857014732/000000.dcm,calc,train,0,BENIGN
P_00136,LEFT,CC,calcification,MALIGNANT,Calc-Training_P_00136_LEFT_CC/1.3.6.1.4.1.9590.100.1.2.408272843411278594613518941691127217032/1.3.6.1.4.1.9590.100.1.2.114881851213989692525884263781843719461/000000.dcm,calc,train,1,MALIGNANT
P_00136,LEFT,MLO,calcification,MALIGNANT,Calc-Training_P_00136_LEFT_MLO/1.3.6.1.4.1.9590.100.1.2.428568107012220982611548240900352369745/1.3.6.1.4.1.9590.100.1.2.228185298612585162903917687442444219459/000000.dcm,calc,train,1,MALIGNANT
P_00136,LEFT,MLO,calcification,MALIGNANT,Calc-Training_P_00136_LEFT_MLO/1.3.6.1.4.1.9590.100.1.2.428568107012220982611548240900352369745/1.3.6.1.4.1.9590.100.1.2.228185298612585162903917687442444219459/000000.dcm,calc,train,1,MALIGNANT
P_00151,RIGHT,MLO,calcification,BENIGN,Calc-Training_P_00151_RIGHT_MLO/1.3.6.1.4.1.9590.100.1.2.381479458210686628113352009382870098042/1.3.6.1.4.1.9590.100.1.2.385195121413171269401143543150373003094/000000.dcm,calc,train,0,BENIGN
P_00157,LEFT,CC,calcification,MALIGNANT,Calc-Training_P_00157_LEFT_CC/1.3.6.1.4.1.9590.100.1.2.11081043311716209604918678393543649721/1.3.6.1.4.1.9590.100.1.2.31967337311387223911567453953272142941/000000.dcm,calc,train,1,MALIGNANT
P_00157,LEFT,CC,calcification,MALIGNANT,Calc-Training_P_00157_LEFT_CC/1.3.6.1.4.1.9590.100.1.2.11081043311716209604918678393543649721/1.3.6.1.4.1.9590.100.1.2.31967337311387223911567453953272142941/000000.dcm,calc,train,1,MALIGNANT
P_00157,LEFT,MLO,calcification,MALIGNANT,Calc-Training_P_00157_LEFT_MLO/1.3.6.1.4.1.9590.100.1.2.424127664311381062827457504420962471220/1.3.6.1.4.1.9590.100.1.2.346281440912431381827919607274014474106/000000.dcm,calc,train,1,MALIGNANT
P_00157,LEFT,MLO,calcification,MALIGNANT,Calc-Training_P_00157_LEFT_MLO/1.3.6.1.4.1.9590.100.1.2.424127664311381062827457504420962471220/1.3.6.1.4.1.9590.100.1.2.346281440912431381827919607274014474106/000000.dcm,calc,train,1,MALIGNANT
P_00157,LEFT,MLO,calcification,MALIGNANT,Calc-Training_P_00157_LEFT_MLO/1.3.6.1.4.1.9590.100.1.2.424127664311381062827457504420962471220/1.3.6.1.4.1.9590.100.1.2.346281440912431381827919607274014474106/000000.dcm,calc,train,1,MALIGNANT
P_00159,LEFT,CC,calcification,BENIGN_WITHOUT_CALLBACK,Calc-Training_P_00159_LEFT_CC/1.3.6.1.4.1.9590.100.1.2.238253380410908714317665166672979213396/1.3.6.1.4.1.9590.100.1.2.154594888811096328830621679573598690565/000000.dcm,calc,train,0,BENIGN
P_00159,LEFT,MLO,calcification,BENIGN_WITHOUT_CALLBACK,Calc-Training_P_00159_LEFT_MLO/1.3.6.1.4.1.9590.100.1.2.193917789811335536613795311613115424922/1.3.6.1.4.1.9590.100.1.2.138734551711267004336442028972649507856/000000.dcm,calc,train,0,BENIGN
P_00161,LEFT,MLO,calcification,BENIGN,Calc-Training_P_00161_LEFT_MLO/1.3.6.1.4.1.9590.100.1.2.338238914011359802406398585872481783365/1.3.6.1.4.1.9590.100.1.2.173220602111971827511344029961776956105/000000.dcm,calc,train,0,BENIGN
P_00162,LEFT,CC,calcification,MALIGNANT,Calc-Training_P_00162_LEFT_CC/1.3.6.1.4.1.9590.100.1.2.40355986812557976241479075134049499050/1.3.6.1.4.1.9590.100.1.2.315126228411546505434859462891780436839/000000.dcm,calc,train,1,MALIGNANT
P_00162,LEFT,MLO,calcification,MALIGNANT,Calc-Training_P_00162_LEFT_MLO/1.3.6.1.4.1.9590.100.1.2.164628051112895056411502897981347927642/1.3.6.1.4.1.9590.100.1.2.263292634311324694325753248151038257715/000000.dcm,calc,train,1,MALIGNANT
P_00179,LEFT,CC,calcification,BENIGN,Calc-Training_P_00179_LEFT_CC/1.3.6.1.4.1.9590.100.1.2.142028764313935538236454347932999148814/1.3.6.1.4.1.9590.100.1.2.243836682111918350142585814231693747613/000000.dcm,calc,train,0,BENIGN
P_00179,LEFT,MLO,calcification,BENIGN,Calc-Training_P_00179_LEFT_MLO/1.3.6.1.4.1.9590.100.1.2.286750024811987465628145926410534743505/1.3.6.1.4.1.9590.100.1.2.275494249811599076022709469611876004260/000000.dcm,calc,train,0,BENIGN
P_00181,RIGHT,CC,calcification,BENIGN,Calc-Training_P_00181_RIGHT_CC/1.3.6.1.4.1.9590.100.1.2.163076973813573498519032626364169345595/1.3.6.1.4.1.9590.100.1.2.244778268913364488803695681471339327301/000000.dcm,calc,train,0,BENIGN
P_00181,RIGHT,MLO,calcification,BENIGN,Calc-Training_P_00181_RIGHT_MLO/1.3.6.1.4.1.9590.100.1.2.332869787010411189231231960570243541378/1.3.6.1.4.1.9590.100.1.2.391984512013543619636657898253584066844/000000.dcm,calc,train,0,BENIGN
P_00182,LEFT,CC,calcification,BENIGN,Calc-Training_P_00182_LEFT_CC/1.3.6.1.4.1.9590.100.1.2.200280288912335495918761488972146586516/1.3.6.1.4.1.9590.100.1.2.268268439211111088932941933061773040956/000000.dcm,calc,train,0,BENIGN
P_00182,LEFT,MLO,calcification,BENIGN,Calc-Training_P_00182_LEFT_MLO/1.3.6.1.4.1.9590.100.1.2.74900045012129330723970779203668380624/1.3.6.1.4.1.9590.100.1.2.155187532311039238318265893333926391620/000000.dcm,calc,train,0,BENIGN
P_00183,RIGHT,MLO,calcification,BENIGN,Calc-Training_P_00183_RIGHT_MLO/1.3.6.1.4.1.9590.100.1.2.256920511411591768311394689610829758739/1.3.6.1.4.1.9590.100.1.2.311571852112224867025058257111070866560/000000.dcm,calc,train,0,BENIGN
P_00185,LEFT,CC,calcification,BENIGN,Calc-Training_P_00185_LEFT_CC/1.3.6.1.4.1.9590.100.1.2.274241730112228541101549887020953160265/1.3.6.1.4.1.9590.100.1.2.410901955513703482219771045493030463855/000000.dcm,calc,train,0,BENIGN
P_00185,LEFT,MLO,calcification,BENIGN,Calc-Training_P_00185_LEFT_MLO/1.3.6.1.4.1.9590.100.1.2.68655263112913245133503722582671191035/1.3.6.1.4.1.9590.100.1.2.102903324410303301534449371011401708364/000000.dcm,calc,train,0,BENIGN
P_00188,RIGHT,MLO,calcification,MALIGNANT,Calc-Training_P_00188_RIGHT_MLO/1.3.6.1.4.1.9590.100.1.2.401408332112491756520218763992308053121/1.3.6.1.4.1.9590.100.1.2.285778614712955631324713652700604223604/000000.dcm,calc,train,1,MALIGNANT
P_00189,LEFT,CC,calcification,MALIGNANT,Calc-Training_P_00189_LEFT_CC/1.3.6.1.4.1.9590.100.1.2.16913046812322025330332302423647084343/1.3.6.1.4.1.9590.100.1.2.221191296313098528742592403533002529766/000000.dcm,calc,train,1,MALIGNANT
P_00189,LEFT,MLO,calcification,MALIGNANT,Calc-Training_P_00189_LEFT_MLO/1.3.6.1.4.1.9590.100.1.2.231310302413021100205016252611413181824/1.3.6.1.4.1.9590.100.1.2.206794182411323708336678834013007343700/000000.dcm,calc,train,1,MALIGNANT
P_00196,RIGHT,CC,calcification,BENIGN,Calc-Training_P_00196_RIGHT_CC/1.3.6.1.4.1.9590.100.1.2.317055290813668208512002635940479906870/1.3.6.1.4.1.9590.100.1.2.87082340811197772103247891504286734323/000000.dcm,calc,train,0,BENIGN
P_00196,RIGHT,MLO,calcification,BENIGN,Calc-Training_P_00196_RIGHT_MLO/1.3.6.1.4.1.9590.100.1.2.312898639511210449108579124730927004689/1.3.6.1.4.1.9590.100.1.2.87604416411713003037902058713699172565/000000.dcm,calc,train,0,BENIGN
P_00197,RIGHT,CC,calcification,BENIGN,Calc-Training_P_00197_RIGHT_CC/1.3.6.1.4.1.9590.100.1.2.182297298711162325807564448482371673381/1.3.6.1.4.1.9590.100.1.2.217604153411239074219886186713568683212/000000.dcm,calc,train,0,BENIGN
P_00197,RIGHT,MLO,calcification,BENIGN,Calc-Training_P_00197_RIGHT_MLO/1.3.6.1.4.1.9590.100.1.2.243305805211381799037530707732771286501/1.3.6.1.4.1.9590.100.1.2.45630985111732695721611867221731035751/000000.dcm,calc,train,0,BENIGN
P_00201,LEFT,MLO,calcification,MALIGNANT,Calc-Training_P_00201_LEFT_MLO/1.3.6.1.4.1.9590.100.1.2.2339917413992793908565155093559243910/1.3.6.1.4.1.9590.100.1.2.213404244013007946202058876530999622875/000000.dcm,calc,train,1,MALIGNANT
P_00208,RIGHT,CC,calcification,BENIGN,Calc-Training_P_00208_RIGHT_CC/1.3.6.1.4.1.9590.100.1.2.13980684912061148734618830501180016155/1.3.6.1.4.1.9590.100.1.2.270837161612837542016650349211689133459/000000.dcm,calc,train,0,BENIGN
P_00208,RIGHT,CC,calcification,BENIGN,Calc-Training_P_00208_RIGHT_CC/1.3.6.1.4.1.9590.100.1.2.13980684912061148734618830501180016155/1.3.6.1.4.1.9590.100.1.2.270837161612837542016650349211689133459/000000.dcm,calc,train,0,BENIGN
P_00208,RIGHT,MLO,calcification,BENIGN,Calc-Training_P_00208_RIGHT_MLO/1.3.6.1.4.1.9590.100.1.2.26327172111232945701727256453197360729/1.3.6.1.4.1.9590.100.1.2.189939906211210753316863241174241214759/000000.dcm,calc,train,0,BENIGN
P_00208,RIGHT,MLO,calcification,BENIGN,Calc-Training_P_00208_RIGHT_MLO/1.3.6.1.4.1.9590.100.1.2.26327172111232945701727256453197360729/1.3.6.1.4.1.9590.100.1.2.189939906211210753316863241174241214759/000000.dcm,calc,train,0,BENIGN
P_00220,LEFT,CC,calcification,BENIGN,Calc-Training_P_00220_LEFT_CC/1.3.6.1.4.1.9590.100.1.2.123259794412531283117003621411554128968/1.3.6.1.4.1.9590.100.1.2.399993168412202138915936687751396650304/000000.dcm,calc,train,0,BENIGN
P_00220,LEFT,MLO,calcification,BENIGN,Calc-Training_P_00220_LEFT_MLO/1.3.6.1.4.1.9590.100.1.2.170096738511871411716319190163108681907/1.3.6.1.4.1.9590.100.1.2.207288226412485004531298520881061982470/000000.dcm,calc,train,0,BENIGN
P_00224,LEFT,CC,calcification,BENIGN,Calc-Training_P_00224_LEFT_CC/1.3.6.1.4.1.9590.100.1.2.56627936612055639925700714852732032339/1.3.6.1.4.1.9590.100.1.2.418236202812638761036281870272461936735/000000.dcm,calc,train,0,BENIGN
P_00224,LEFT,MLO,calcification,BENIGN,Calc-Training_P_00224_LEFT_MLO/1.3.6.1.4.1.9590.100.1.2.393934828213456745527532732221286890848/1.3.6.1.4.1.9590.100.1.2.405427304011746775620578215942973659145/000000.dcm,calc,train,0,BENIGN
P_00232,RIGHT,CC,calcification,MALIGNANT,Calc-Training_P_00232_RIGHT_CC/1.3.6.1.4.1.9590.100.1.2.291043622711253836701017460903623585574/1.3.6.1.4.1.9590.100.1.2.267213171011171858918434139331210917771/000000.dcm,calc,train,1,MALIGNANT
P_00232,RIGHT,MLO,calcification,MALIGNANT,Calc-Training_P_00232_RIGHT_MLO/1.3.6.1.4.1.9590.100.1.2.233550722111881966426799523030490688746/1.3.6.1.4.1.9590.100.1.2.386203532812784450420379759812490777248/000000.dcm,calc,train,1,MALIGNANT
P_00243,LEFT,CC,calcification,MALIGNANT,Calc-Training_P_00243_LEFT_CC/1.3.6.1.4.1.9590.100.1.2.45889133811412106802313691412490958699/1.3.6.1.4.1.9590.100.1.2.259575017012299394931844213051161127499/000000.dcm,calc,train,1,MALIGNANT
P_00243,LEFT,MLO,calcification,MALIGNANT,Calc-Training_P_00243_LEFT_MLO/1.3.6.1.4.1.9590.100.1.2.69417370012722895702437070491331483296/1.3.6.1.4.1.9590.100.1.2.19999280412338346012994175202802807368/000000.dcm,calc,train,1,MALIGNANT
P_00245,RIGHT,MLO,calcification,BENIGN,Calc-Training_P_00245_RIGHT_MLO/1.3.6.1.4.1.9590.100.1.2.251378604010299687730468010523862776381/1.3.6.1.4.1.9590.100.1.2.166241369613226623713666231473435390272/000000.dcm,calc,train,0,BENIGN
P_00250,LEFT,MLO,calcification,BENIGN,Calc-Training_P_00250_LEFT_MLO/1.3.6.1.4.1.9590.100.1.2.407590681211193464800888206322682575523/1.3.6.1.4.1.9590.100.1.2.103501940211629107411815722493638210833/000000.dcm,calc,train,0,BENIGN
P_00251,RIGHT,CC,calcification,MALIGNANT,Calc-Training_P_00251_RIGHT_CC/1.3.6.1.4.1.9590.100.1.2.232564130413070321219684107603023637978/1.3.6.1.4.1.9590.100.1.2.306434300513050292904954528021879535685/000000.dcm,calc,train,1,MALIGNANT
P_00251,RIGHT,MLO,calcification,MALIGNANT,Calc-Training_P_00251_RIGHT_MLO/1.3.6.1.4.1.9590.100.1.2.372643273912950710016619101694038791122/1.3.6.1.4.1.9590.100.1.2.76505703411657502419535945180203364480/000000.dcm,calc,train,1,MALIGNANT
P_00255,RIGHT,CC,calcification,BENIGN,Calc-Training_P_00255_RIGHT_CC/1.3.6.1.4.1.9590.100.1.2.23364103113090834730255220673124595965/1.3.6.1.4.1.9590.100.1.2.155630705013735500834345117482735990480/000000.dcm,calc,train,0,BENIGN
P_00255,RIGHT,MLO,calcification,BENIGN,Calc-Training_P_00255_RIGHT_MLO/1.3.6.1.4.1.9590.100.1.2.19300924711367884419386377493588330507/1.3.6.1.4.1.9590.100.1.2.276742865512373902711968137433743642693/000000.dcm,calc,train,0,BENIGN
P_00256,LEFT,CC,calcification,BENIGN_WITHOUT_CALLBACK,Calc-Training_P_00256_LEFT_CC/1.3.6.1.4.1.9590.100.1.2.265738451112827108133342404212507912244/1.3.6.1.4.1.9590.100.1.2.287957643811383258429935679350984600309/000000.dcm,calc,train,0,BENIGN
P_00256,LEFT,MLO,calcification,BENIGN_WITHOUT_CALLBACK,Calc-Training_P_00256_LEFT_MLO/1.3.6.1.4.1.9590.100.1.2.117513931811748218534757513263148145434/1.3.6.1.4.1.9590.100.1.2.368310316213755494128599891293302308315/000000.dcm,calc,train,0,BENIGN
P_00260,RIGHT,CC,calcification,BENIGN,Calc-Training_P_00260_RIGHT_CC/1.3.6.1.4.1.9590.100.1.2.340264369212539988620642402730411093082/1.3.6.1.4.1.9590.100.1.2.202764963511848978636750485820493638315/000000.dcm,calc,train,0,BENIGN
P_00260,RIGHT,MLO,calcification,BENIGN,Calc-Training_P_00260_RIGHT_MLO/1.3.6.1.4.1.9590.100.1.2.64102346913583194001311149380273107680/1.3.6.1.4.1.9590.100.1.2.77825672913766419121190299220745993179/000000.dcm,calc,train,0,BENIGN
P_00263,LEFT,MLO,calcification,MALIGNANT,Calc-Training_P_00263_LEFT_MLO/1.3.6.1.4.1.9590.100.1.2.8304092812037957441800656931456320195/1.3.6.1.4.1.9590.100.1.2.224700473413569390440391192592730541144/000000.dcm,calc,train,1,MALIGNANT
P_00266,LEFT,CC,calcification,MALIGNANT,Calc-Training_P_00266_LEFT_CC/1.3.6.1.4.1.9590.100.1.2.120211740013321761314651125000319639533/1.3.6.1.4.1.9590.100.1.2.11958146513226741230497133102380182205/000000.dcm,calc,train,1,MALIGNANT
P_00266,LEFT,MLO,calcification,MALIGNANT,Calc-Training_P_00266_LEFT_MLO/1.3.6.1.4.1.9590.100.1.2.2721044311684286533599653451452492903/1.3.6.1.4.1.9590.100.1.2.248461059612709411331604077361398010891/000000.dcm,calc,train,1,MALIGNANT
P_00268,LEFT,CC,calcification,MALIGNANT,Calc-Training_P_00268_LEFT_CC/1.3.6.1.4.1.9590.100.1.2.216826134012096476332056577792313246783/1.3.6.1.4.1.9590.100.1.2.328291422612834028518849696501964747031/000000.dcm,calc,train,1,MALIGNANT
P_00268,LEFT,MLO,calcification,MALIGNANT,Calc-Training_P_00268_LEFT_MLO/1.3.6.1.4.1.9590.100.1.2.63488184913852700608163526644062004260/1.3.6.1.4.1.9590.100.1.2.58201832011329235917035700751518087893/000000.dcm,calc,train,1,MALIGNANT
P_00269,LEFT,CC,calcification,BENIGN,Calc-Training_P_00269_LEFT_CC/1.3.6.1.4.1.9590.100.1.2.366032417013164555013393022860033419269/1.3.6.1.4.1.9590.100.1.2.214635822911235330416503361502619110769/000000.dcm,calc,train,0,BENIGN
P_00269,LEFT,MLO,calcification,BENIGN,Calc-Training_P_00269_LEFT_MLO/1.3.6.1.4.1.9590.100.1.2.210465685011087394602020450954023308639/1.3.6.1.4.1.9590.100.1.2.334137184511803081039391238980192355258/000000.dcm,calc,train,0,BENIGN
P_00270,LEFT,CC,calcification,BENIGN,Calc-Training_P_00270_LEFT_CC/1.3.6.1.4.1.9590.100.1.2.5844236611295719424818663961848234117/1.3.6.1.4.1.9590.100.1.2.395431869111891165824050610342723718995/000000.dcm,calc,train,0,BENIGN
P_00270,LEFT,MLO,calcification,BENIGN,Calc-Training_P_00270_LEFT_MLO/1.3.6.1.4.1.9590.100.1.2.199926779113944251506944547182740114199/1.3.6.1.4.1.9590.100.1.2.306566503512249040001132430450801087628/000000.dcm,calc,train,0,BENIGN
P_00271,LEFT,CC,calcification,MALIGNANT,Calc-Training_P_00271_LEFT_CC/1.3.6.1.4.1.9590.100.1.2.102227083313649340238303064722583862874/1.3.6.1.4.1.9590.100.1.2.313065944911144554935764612062640752762/000000.dcm,calc,train,1,MALIGNANT
P_00271,LEFT,MLO,calcification,MALIGNANT,Calc-Training_P_00271_LEFT_MLO/1.3.6.1.4.1.9590.100.1.2.35303089213296611811434963604019052887/1.3.6.1.4.1.9590.100.1.2.261151493311175454010274855943960948159/000000.dcm,calc,train,1,MALIGNANT
P_00274,RIGHT,MLO,calcification,BENIGN,Calc-Training_P_00274_RIGHT_MLO/1.3.6.1.4.1.9590.100.1.2.290513313411209514319086992871916131343/1.3.6.1.4.1.9590.100.1.2.28765867013901130819934491082672995180/000000.dcm,calc,train,0,BENIGN
P_00275,LEFT,CC,calcification,MALIGNANT,Calc-Training_P_00275_LEFT_CC/1.3.6.1.4.1.9590.100.1.2.195487970512688919631112482860210533766/1.3.6.1.4.1.9590.100.1.2.249995865611467533427392495661517851555/000000.dcm,calc,train,1,MALIGNANT
P_00275,LEFT,MLO,calcification,MALIGNANT,Calc-Training_P_00275_LEFT_MLO/1.3.6.1.4.1.9590.100.1.2.126715249013607364313450528521611149825/1.3.6.1.4.1.9590.100.1.2.394294050712120725120816974522131057849/000000.dcm,calc,train,1,MALIGNANT
P_00276,RIGHT,CC,calcification,BENIGN,Calc-Training_P_00276_RIGHT_CC/1.3.6.1.4.1.9590.100.1.2.397173662312140860340801872853245819731/1.3.6.1.4.1.9590.100.1.2.173371819811059816510208129372466526823/000000.dcm,calc,train,0,BENIGN
P_00276,RIGHT,MLO,calcification,BENIGN,Calc-Training_P_00276_RIGHT_MLO/1.3.6.1.4.1.9590.100.1.2.319408082312741400006142752032573539572/1.3.6.1.4.1.9590.100.1.2.398014238511934513515642804543003189341/000000.dcm,calc,train,0,BENIGN
P_00280,LEFT,CC,calcification,MALIGNANT,Calc-Training_P_00280_LEFT_CC/1.3.6.1.4.1.9590.100.1.2.123426877212379034327649521931858121458/1.3.6.1.4.1.9590.100.1.2.136365491613497192019225957640554024514/000000.dcm,calc,train,1,MALIGNANT
P_00280,LEFT,MLO,calcification,MALIGNANT,Calc-Training_P_00280_LEFT_MLO/1.3.6.1.4.1.9590.100.1.2.203839597212641821005628043632114328428/1.3.6.1.4.1.9590.100.1.2.65487022912686351930440815563698794102/000000.dcm,calc,train,1,MALIGNANT
P_00282,LEFT,CC,calcification,BENIGN,Calc-Training_P_00282_LEFT_CC/1.3.6.1.4.1.9590.100.1.2.54404191211760622131541413261532986735/1.3.6.1.4.1.9590.100.1.2.169657147712739075023963852041294978594/000000.dcm,calc,train,0,BENIGN
P_00282,LEFT,MLO,calcification,BENIGN,Calc-Training_P_00282_LEFT_MLO/1.3.6.1.4.1.9590.100.1.2.101678904311814810814909530941064649985/1.3.6.1.4.1.9590.100.1.2.220370624812486627636651536783847573114/000000.dcm,calc,train,0,BENIGN
P_00284,LEFT,CC,calcification,BENIGN,Calc-Training_P_00284_LEFT_CC/1.3.6.1.4.1.9590.100.1.2.340638591311157951904215473953168459028/1.3.6.1.4.1.9590.100.1.2.323717110111801641305812350871312533308/000000.dcm,calc,train,0,BENIGN
P_00284,LEFT,CC,calcification,BENIGN,Calc-Training_P_00284_LEFT_CC/1.3.6.1.4.1.9590.100.1.2.340638591311157951904215473953168459028/1.3.6.1.4.1.9590.100.1.2.323717110111801641305812350871312533308/000000.dcm,calc,train,0,BENIGN
P_00284,LEFT,MLO,calcification,BENIGN,Calc-Training_P_00284_LEFT_MLO/1.3.6.1.4.1.9590.100.1.2.239512033712651080813275477772708317876/1.3.6.1.4.1.9590.100.1.2.213795650012272840508985870553708485473/000000.dcm,calc,train,0,BENIGN
P_00284,LEFT,MLO,calcification,BENIGN,Calc-Training_P_00284_LEFT_MLO/1.3.6.1.4.1.9590.100.1.2.239512033712651080813275477772708317876/1.3.6.1.4.1.9590.100.1.2.213795650012272840508985870553708485473/000000.dcm,calc,train,0,BENIGN
P_00288,RIGHT,CC,calcification,MALIGNANT,Calc-Training_P_00288_RIGHT_CC/1.3.6.1.4.1.9590.100.1.2.384087057311237051927532245850711745715/1.3.6.1.4.1.9590.100.1.2.107461810112756876328736610770563779009/000000.dcm,calc,train,1,MALIGNANT
P_00288,RIGHT,MLO,calcification,MALIGNANT,Calc-Training_P_00288_RIGHT_MLO/1.3.6.1.4.1.9590.100.1.2.322772131012484293819836307753028568822/1.3.6.1.4.1.9590.100.1.2.108558353811087866022591666393159951220/000000.dcm,calc,train,1,MALIGNANT
P_00291,LEFT,CC,calcification,BENIGN,Calc-Training_P_00291_LEFT_CC/1.3.6.1.4.1.9590.100.1.2.425285819111714926941590416884253374738/1.3.6.1.4.1.9590.100.1.2.418726330413468375416377862913199051800/000000.dcm,calc,train,0,BENIGN
P_00291,LEFT,CC,calcification,BENIGN,Calc-Training_P_00291_LEFT_CC/1.3.6.1.4.1.9590.100.1.2.425285819111714926941590416884253374738/1.3.6.1.4.1.9590.100.1.2.418726330413468375416377862913199051800/000000.dcm,calc,train,0,BENIGN
P_00291,LEFT,CC,calcification,BENIGN,Calc-Training_P_00291_LEFT_CC/1.3.6.1.4.1.9590.100.1.2.425285819111714926941590416884253374738/1.3.6.1.4.1.9590.100.1.2.418726330413468375416377862913199051800/000000.dcm,calc,train,0,BENIGN
P_00291,LEFT,MLO,calcification,BENIGN,Calc-Training_P_00291_LEFT_MLO/1.3.6.1.4.1.9590.100.1.2.238888611611879019019869167754088557567/1.3.6.1.4.1.9590.100.1.2.176542441513589716633710798150378304724/000000.dcm,calc,train,0,BENIGN
P_00291,LEFT,MLO,calcification,BENIGN,Calc-Training_P_00291_LEFT_MLO/1.3.6.1.4.1.9590.100.1.2.238888611611879019019869167754088557567/1.3.6.1.4.1.9590.100.1.2.176542441513589716633710798150378304724/000000.dcm,calc,train,0,BENIGN
P_00291,RIGHT,CC,calcification,BENIGN,Calc-Training_P_00291_RIGHT_CC/1.3.6.1.4.1.9590.100.1.2.110936445211379937514180548003449524345/1.3.6.1.4.1.9590.100.1.2.108919670712156277823184938393741538066/000000.dcm,calc,train,0,BENIGN
P_00291,RIGHT,MLO,calcification,BENIGN,Calc-Training_P_00291_RIGHT_MLO/1.3.6.1.4.1.9590.100.1.2.257914556513241710026611186433722884894/1.3.6.1.4.1.9590.100.1.2.127062399511053285431271799214212525915/000000.dcm,calc,train,0,BENIGN
P_00293,LEFT,CC,calcification,MALIGNANT,Calc-Training_P_00293_LEFT_CC/1.3.6.1.4.1.9590.100.1.2.35981388711365523021660236023031472852/1.3.6.1.4.1.9590.100.1.2.131523061911252130636273450560091790861/000000.dcm,calc,train,1,MALIGNANT
P_00293,LEFT,MLO,calcification,MALIGNANT,Calc-Training_P_00293_LEFT_MLO/1.3.6.1.4.1.9590.100.1.2.362965331113322100741127382380148101907/1.3.6.1.4.1.9590.100.1.2.323499822612107717622923360172400112625/000000.dcm,calc,train,1,MALIGNANT
P_00297,RIGHT,CC,calcification,BENIGN,Calc-Training_P_00297_RIGHT_CC/1.3.6.1.4.1.9590.100.1.2.290232742011090672116820207573227298355/1.3.6.1.4.1.9590.100.1.2.331955419512119122937943817032657529710/000000.dcm,calc,train,0,BENIGN
P_00297,RIGHT,MLO,calcification,BENIGN,Calc-Training_P_00297_RIGHT_MLO/1.3.6.1.4.1.9590.100.1.2.296528658213551928229007845560577511148/1.3.6.1.4.1.9590.100.1.2.388598031012281869033964817213790777736/000000.dcm,calc,train,0,BENIGN
P_00302,LEFT,CC,calcification,BENIGN,Calc-Training_P_00302_LEFT_CC/1.3.6.1.4.1.9590.100.1.2.93628815411600403529582140302443938530/1.3.6.1.4.1.9590.100.1.2.81539754211044334004264470202062485069/000000.dcm,calc,train,0,BENIGN
P_00302,LEFT,CC,calcification,BENIGN,Calc-Training_P_00302_LEFT_CC/1.3.6.1.4.1.9590.100.1.2.93628815411600403529582140302443938530/1.3.6.1.4.1.9590.100.1.2.81539754211044334004264470202062485069/000000.dcm,calc,train,0,BENIGN
P_00302,LEFT,MLO,calcification,BENIGN,Calc-Training_P_00302_LEFT_MLO/1.3.6.1.4.1.9590.100.1.2.133848696812573571336808449883355043355/1.3.6.1.4.1.9590.100.1.2.189082958912121957805235037590621857671/000000.dcm,calc,train,0,BENIGN
P_00302,LEFT,MLO,calcification,BENIGN,Calc-Training_P_00302_LEFT_MLO/1.3.6.1.4.1.9590.100.1.2.133848696812573571336808449883355043355/1.3.6.1.4.1.9590.100.1.2.189082958912121957805235037590621857671/000000.dcm,calc,train,0,BENIGN
P_00302,RIGHT,CC,calcification,BENIGN,Calc-Training_P_00302_RIGHT_CC/1.3.6.1.4.1.9590.100.1.2.251580925411329253442602113783449812546/1.3.6.1.4.1.9590.100.1.2.182911846712375497737681698721600967713/000000.dcm,calc,train,0,BENIGN
P_00302,RIGHT,MLO,calcification,BENIGN,Calc-Training_P_00302_RIGHT_MLO/1.3.6.1.4.1.9590.100.1.2.349638790512645333834906541351591280239/1.3.6.1.4.1.9590.100.1.2.213022638612621694708333167451178132765/000000.dcm,calc,train,0,BENIGN
P_00307,LEFT,CC,calcification,MALIGNANT,Calc-Training_P_00307_LEFT_CC/1.3.6.1.4.1.9590.100.1.2.111272705311318369018260005734284407497/1.3.6.1.4.1.9590.100.1.2.2668955613180149841960621060291212705/000000.dcm,calc,train,1,MALIGNANT
P_00307,LEFT,MLO,calcification,MALIGNANT,Calc-Training_P_00307_LEFT_MLO/1.3.6.1.4.1.9590.100.1.2.244403659513369402608803496211422017367/1.3.6.1.4.1.9590.100.1.2.218529748111793734609570912242367995603/000000.dcm,calc,train,1,MALIGNANT
P_00308,LEFT,CC,calcification,BENIGN,Calc-Training_P_00308_LEFT_CC/1.3.6.1.4.1.9590.100.1.2.58238413811965144140796921920876281652/1.3.6.1.4.1.9590.100.1.2.36969327211954079328788182220744796423/000000.dcm,calc,train,0,BENIGN
P_00308,LEFT,MLO,calcification,BENIGN,Calc-Training_P_00308_LEFT_MLO/1.3.6.1.4.1.9590.100.1.2.280235182712713790522482044371427779759/1.3.6.1.4.1.9590.100.1.2.244361766812054357635017890673791359865/000000.dcm,calc,train,0,BENIGN
P_00311,RIGHT,CC,calcification,BENIGN,Calc-Training_P_00311_RIGHT_CC/1.3.6.1.4.1.9590.100.1.2.174272923011942839723895638031223811329/1.3.6.1.4.1.9590.100.1.2.64505816312112722129795252561445627447/000000.dcm,calc,train,0,BENIGN
P_00312,RIGHT,MLO,calcification,BENIGN,Calc-Training_P_00312_RIGHT_MLO/1.3.6.1.4.1.9590.100.1.2.114147381512703855129103361531277533258/1.3.6.1.4.1.9590.100.1.2.29978176211814976614235104080627951242/000000.dcm,calc,train,0,BENIGN
P_00316,RIGHT,CC,calcification,MALIGNANT,Calc-Training_P_00316_RIGHT_CC/1.3.6.1.4.1.9590.100.1.2.122805302210266458610864149950784922039/1.3.6.1.4.1.9590.100.1.2.151657319612299361305521773372900589768/000000.dcm,calc,train,1,MALIGNANT
P_00316,RIGHT,MLO,calcification,MALIGNANT,Calc-Training_P_00316_RIGHT_MLO/1.3.6.1.4.1.9590.100.1.2.417318589213073157536877945902819860531/1.3.6.1.4.1.9590.100.1.2.7222884411187530131381008792558481713/000000.dcm,calc,train,1,MALIGNANT
P_00318,LEFT,MLO,calcification,BENIGN,Calc-Training_P_00318_LEFT_MLO/1.3.6.1.4.1.9590.100.1.2.377244508811512135539031407670808780544/1.3.6.1.4.1.9590.100.1.2.391081337511219389431082661470428959620/000000.dcm,calc,train,0,BENIGN
P_00321,LEFT,CC,calcification,MALIGNANT,Calc-Training_P_00321_LEFT_CC/1.3.6.1.4.1.9590.100.1.2.343770354211107730335549339172708986163/1.3.6.1.4.1.9590.100.1.2.8430233812420915636680293231581249800/000000.dcm,calc,train,1,MALIGNANT
P_00321,LEFT,MLO,calcification,MALIGNANT,Calc-Training_P_00321_LEFT_MLO/1.3.6.1.4.1.9590.100.1.2.227619245313391015239930753521101760816/1.3.6.1.4.1.9590.100.1.2.188465749511718715329640792904124613770/000000.dcm,calc,train,1,MALIGNANT
P_00322,LEFT,CC,calcification,BENIGN,Calc-Training_P_00322_LEFT_CC/1.3.6.1.4.1.9590.100.1.2.87269918411260306907546169611901136619/1.3.6.1.4.1.9590.100.1.2.62342979012199834720157331730700370563/000000.dcm,calc,train,0,BENIGN
P_00322,LEFT,MLO,calcification,BENIGN,Calc-Training_P_00322_LEFT_MLO/1.3.6.1.4.1.9590.100.1.2.139702151110772886227811531991682765732/1.3.6.1.4.1.9590.100.1.2.206174998211439771426313453380450212885/000000.dcm,calc,train,0,BENIGN
P_00326,LEFT,MLO,calcification,BENIGN,Calc-Training_P_00326_LEFT_MLO/1.3.6.1.4.1.9590.100.1.2.26169370513877926722441125342886186505/1.3.6.1.4.1.9590.100.1.2.19245887910178841527024178272083099433/000000.dcm,calc,train,0,BENIGN
P_00336,LEFT,CC,calcification,BENIGN,Calc-Training_P_00336_LEFT_CC/1.3.6.1.4.1.9590.100.1.2.394446351311311001324390122721424357175/1.3.6.1.4.1.9590.100.1.2.234917965712521161539268593930049809726/000000.dcm,calc,train,0,BENIGN
P_00336,LEFT,MLO,calcification,BENIGN,Calc-Training_P_00336_LEFT_MLO/1.3.6.1.4.1.9590.100.1.2.174163349611191997435445741072277401023/1.3.6.1.4.1.9590.100.1.2.80464958013013757509482280113055824852/000000.dcm,calc,train,0,BENIGN
P_00337,LEFT,CC,calcification,BENIGN,Calc-Training_P_00337_LEFT_CC/1.3.6.1.4.1.9590.100.1.2.310822204512833656909769481493718155000/1.3.6.1.4.1.9590.100.1.2.252986537811428495325029828133746036034/000000.dcm,calc,train,0,BENIGN
P_00337,LEFT,MLO,calcification,BENIGN,Calc-Training_P_00337_LEFT_MLO/1.3.6.1.4.1.9590.100.1.2.341997499311187200712984948620365039949/1.3.6.1.4.1.9590.100.1.2.379885451111600711627967008211006985759/000000.dcm,calc,train,0,BENIGN
P_00339,LEFT,CC,calcification,MALIGNANT,Calc-Training_P_00339_LEFT_CC/1.3.6.1.4.1.9590.100.1.2.317036247011926435932598248041452828609/1.3.6.1.4.1.9590.100.1.2.192530197711481513109093152293156367576/000000.dcm,calc,train,1,MALIGNANT
P_00339,LEFT,MLO,calcification,MALIGNANT,Calc-Training_P_00339_LEFT_MLO/1.3.6.1.4.1.9590.100.1.2.417226309010439483715627915780402929539/1.3.6.1.4.1.9590.100.1.2.398094844612921602612783671051227713982/000000.dcm,calc,train,1,MALIGNANT
P_00346,RIGHT,CC,calcification,BENIGN,Calc-Training_P_00346_RIGHT_CC/1.3.6.1.4.1.9590.100.1.2.281905849513250276022454987751192552158/1.3.6.1.4.1.9590.100.1.2.149776772512386154220357487463303234363/000000.dcm,calc,train,0,BENIGN
P_00346,RIGHT,MLO,calcification,BENIGN,Calc-Training_P_00346_RIGHT_MLO/1.3.6.1.4.1.9590.100.1.2.72320428611036978842796512222468171082/1.3.6.1.4.1.9590.100.1.2.383208228613921073109587032573229887734/000000.dcm,calc,train,0,BENIGN
P_00349,RIGHT,CC,calcification,BENIGN,Calc-Training_P_00349_RIGHT_CC/1.3.6.1.4.1.9590.100.1.2.404246979410566066501795921233218932000/1.3.6.1.4.1.9590.100.1.2.265289688911448255002971997703564654552/000000.dcm,calc,train,0,BENIGN
P_00349,RIGHT,MLO,calcification,BENIGN,Calc-Training_P_00349_RIGHT_MLO/1.3.6.1.4.1.9590.100.1.2.181844982313646816123985772890666310837/1.3.6.1.4.1.9590.100.1.2.186110970012113187018815556002240934150/000000.dcm,calc,train,0,BENIGN
P_00355,LEFT,CC,calcification,BENIGN,Calc-Training_P_00355_LEFT_CC/1.3.6.1.4.1.9590.100.1.2.30195279211675268216708558412779611863/1.3.6.1.4.1.9590.100.1.2.410574697111807072009191095474132627791/000000.dcm,calc,train,0,BENIGN
P_00355,LEFT,MLO,calcification,BENIGN,Calc-Training_P_00355_LEFT_MLO/1.3.6.1.4.1.9590.100.1.2.270854897211111828316531614051097932278/1.3.6.1.4.1.9590.100.1.2.5650664511554743340616290601354671803/000000.dcm,calc,train,0,BENIGN
P_00357,LEFT,CC,calcification,BENIGN,Calc-Training_P_00357_LEFT_CC/1.3.6.1.4.1.9590.100.1.2.283364360611489095427533234362164989137/1.3.6.1.4.1.9590.100.1.2.212673296310982099734889816714145525255/000000.dcm,calc,train,0,BENIGN
P_00360,RIGHT,CC,calcification,BENIGN,Calc-Training_P_00360_RIGHT_CC/1.3.6.1.4.1.9590.100.1.2.346487583712437067129714663852993525764/1.3.6.1.4.1.9590.100.1.2.11372477011426236739332090162794316223/000000.dcm,calc,train,0,BENIGN
P_00360,RIGHT,MLO,calcification,BENIGN,Calc-Training_P_00360_RIGHT_MLO/1.3.6.1.4.1.9590.100.1.2.242788311011002134326254401814285731042/1.3.6.1.4.1.9590.100.1.2.307197810812523512526094706352757810960/000000.dcm,calc,train,0,BENIGN
P_00364,RIGHT,CC,calcification,BENIGN,Calc-Training_P_00364_RIGHT_CC/1.3.6.1.4.1.9590.100.1.2.154314206612051064701389480221762455077/1.3.6.1.4.1.9590.100.1.2.301274526212688093216865516844214433439/000000.dcm,calc,train,0,BENIGN
P_00364,RIGHT,MLO,calcification,BENIGN,Calc-Training_P_00364_RIGHT_MLO/1.3.6.1.4.1.9590.100.1.2.52682622012562221107352326662909122942/1.3.6.1.4.1.9590.100.1.2.212959337713547204430565679633073241823/000000.dcm,calc,train,0,BENIGN
P_00373,LEFT,CC,calcification,BENIGN,Calc-Training_P_00373_LEFT_CC/1.3.6.1.4.1.9590.100.1.2.287727542112130164238114461544031818502/1.3.6.1.4.1.9590.100.1.2.241738864711213044712467096672933890972/000000.dcm,calc,train,0,BENIGN
P_00373,LEFT,MLO,calcification,BENIGN,Calc-Training_P_00373_LEFT_MLO/1.3.6.1.4.1.9590.100.1.2.265482642811079068735197060120838607300/1.3.6.1.4.1.9590.100.1.2.234243541612728769418429395573518420644/000000.dcm,calc,train,0,BENIGN
P_00377,LEFT,CC,calcification,BENIGN,Calc-Training_P_00377_LEFT_CC/1.3.6.1.4.1.9590.100.1.2.65329786911111755129947363163761155463/1.3.6.1.4.1.9590.100.1.2.164781356010870637214045014043866075278/000000.dcm,calc,train,0,BENIGN
P_00377,LEFT,CC,calcification,BENIGN,Calc-Training_P_00377_LEFT_CC/1.3.6.1.4.1.9590.100.1.2.65329786911111755129947363163761155463/1.3.6.1.4.1.9590.100.1.2.164781356010870637214045014043866075278/000000.dcm,calc,train,0,BENIGN
P_00377,LEFT,MLO,calcification,BENIGN,Calc-Training_P_00377_LEFT_MLO/1.3.6.1.4.1.9590.100.1.2.403108907311737772611744068203023731896/1.3.6.1.4.1.9590.100.1.2.195203275012771218213044732193030045372/000000.dcm,calc,train,0,BENIGN
P_00378,LEFT,CC,calcification,BENIGN,Calc-Training_P_00378_LEFT_CC/1.3.6.1.4.1.9590.100.1.2.73800736412799620820537942353241927036/1.3.6.1.4.1.9590.100.1.2.115982257811514363324326263192430686573/000000.dcm,calc,train,0,BENIGN
P_00378,LEFT,MLO,calcification,BENIGN,Calc-Training_P_00378_LEFT_MLO/1.3.6.1.4.1.9590.100.1.2.220594662810141770240097862620190459042/1.3.6.1.4.1.9590.100.1.2.176216452612060895930870780631833050383/000000.dcm,calc,train,0,BENIGN
P_00380,RIGHT,CC,calcification,BENIGN,Calc-Training_P_00380_RIGHT_CC/1.3.6.1.4.1.9590.100.1.2.124223954011432030036935312983834841655/1.3.6.1.4.1.9590.100.1.2.35124586712113301126720206281638387089/000000.dcm,calc,train,0,BENIGN
P_00380,RIGHT,MLO,calcification,BENIGN,Calc-Training_P_00380_RIGHT_MLO/1.3.6.1.4.1.9590.100.1.2.87546883712637975510162976231763320380/1.3.6.1.4.1.9590.100.1.2.34446056412965364400659373073901888276/000000.dcm,calc,train,0,BENIGN
P_00385,LEFT,CC,calcification,BENIGN_WITHOUT_CALLBACK,Calc-Training_P_00385_LEFT_CC/1.3.6.1.4.1.9590.100.1.2.304327439911855154926585785860766170861/1.3.6.1.4.1.9590.100.1.2.131646958611018001426480323860485174439/000000.dcm,calc,train,0,BENIGN
P_00385,LEFT,CC,calcification,BENIGN_WITHOUT_CALLBACK,Calc-Training_P_00385_LEFT_CC/1.3.6.1.4.1.9590.100.1.2.304327439911855154926585785860766170861/1.3.6.1.4.1.9590.100.1.2.131646958611018001426480323860485174439/000000.dcm,calc,train,0,BENIGN
P_00385,LEFT,CC,calcification,BENIGN_WITHOUT_CALLBACK,Calc-Training_P_00385_LEFT_CC/1.3.6.1.4.1.9590.100.1.2.304327439911855154926585785860766170861/1.3.6.1.4.1.9590.100.1.2.131646958611018001426480323860485174439/000000.dcm,calc,train,0,BENIGN
P_00385,LEFT,CC,calcification,BENIGN_WITHOUT_CALLBACK,Calc-Training_P_00385_LEFT_CC/1.3.6.1.4.1.9590.100.1.2.304327439911855154926585785860766170861/1.3.6.1.4.1.9590.100.1.2.131646958611018001426480323860485174439/000000.dcm,calc,train,0,BENIGN
P_00385,LEFT,MLO,calcification,BENIGN_WITHOUT_CALLBACK,Calc-Training_P_00385_LEFT_MLO/1.3.6.1.4.1.9590.100.1.2.291273547612884784113562577042848815416/1.3.6.1.4.1.9590.100.1.2.126435326410508881716881007453031738054/000000.dcm,calc,train,0,BENIGN
P_00385,LEFT,MLO,calcification,BENIGN_WITHOUT_CALLBACK,Calc-Training_P_00385_LEFT_MLO/1.3.6.1.4.1.9590.100.1.2.291273547612884784113562577042848815416/1.3.6.1.4.1.9590.100.1.2.126435326410508881716881007453031738054/000000.dcm,calc,train,0,BENIGN
P_00385,LEFT,MLO,calcification,BENIGN_WITHOUT_CALLBACK,Calc-Training_P_00385_LEFT_MLO/1.3.6.1.4.1.9590.100.1.2.291273547612884784113562577042848815416/1.3.6.1.4.1.9590.100.1.2.126435326410508881716881007453031738054/000000.dcm,calc,train,0,BENIGN
P_00385,LEFT,MLO,calcification,BENIGN_WITHOUT_CALLBACK,Calc-Training_P_00385_LEFT_MLO/1.3.6.1.4.1.9590.100.1.2.291273547612884784113562577042848815416/1.3.6.1.4.1.9590.100.1.2.126435326410508881716881007453031738054/000000.dcm,calc,train,0,BENIGN
P_00385,RIGHT,CC,calcification,BENIGN_WITHOUT_CALLBACK,Calc-Training_P_00385_RIGHT_CC/1.3.6.1.4.1.9590.100.1.2.383124981913572408024476627810830787365/1.3.6.1.4.1.9590.100.1.2.323933543312237931719886091671399490504/000000.dcm,calc,train,0,BENIGN
P_00385,RIGHT,CC,calcification,BENIGN_WITHOUT_CALLBACK,Calc-Training_P_00385_RIGHT_CC/1.3.6.1.4.1.9590.100.1.2.383124981913572408024476627810830787365/1.3.6.1.4.1.9590.100.1.2.323933543312237931719886091671399490504/000000.dcm,calc,train,0,BENIGN
P_00385,RIGHT,MLO,calcification,BENIGN_WITHOUT_CALLBACK,Calc-Training_P_00385_RIGHT_MLO/1.3.6.1.4.1.9590.100.1.2.180537779312848371520463965932647016959/1.3.6.1.4.1.9590.100.1.2.13773454012144995611696098604293720670/000000.dcm,calc,train,0,BENIGN
P_00385,RIGHT,MLO,calcification,BENIGN_WITHOUT_CALLBACK,Calc-Training_P_00385_RIGHT_MLO/1.3.6.1.4.1.9590.100.1.2.180537779312848371520463965932647016959/1.3.6.1.4.1.9590.100.1.2.13773454012144995611696098604293720670/000000.dcm,calc,train,0,BENIGN
P_00392,LEFT,CC,calcification,MALIGNANT,Calc-Training_P_00392_LEFT_CC/1.3.6.1.4.1.9590.100.1.2.313726177911958320702961946961406197902/1.3.6.1.4.1.9590.100.1.2.303824413511436111926205541541383911353/000000.dcm,calc,train,1,MALIGNANT
P_00392,LEFT,MLO,calcification,MALIGNANT,Calc-Training_P_00392_LEFT_MLO/1.3.6.1.4.1.9590.100.1.2.395389676112436083626987764531144177281/1.3.6.1.4.1.9590.100.1.2.38502911311114782638935640541855873270/000000.dcm,calc,train,1,MALIGNANT
P_00393,LEFT,MLO,calcification,BENIGN,Calc-Training_P_00393_LEFT_MLO/1.3.6.1.4.1.9590.100.1.2.244151099711909357520329821601029470946/1.3.6.1.4.1.9590.100.1.2.351694130511302159323354354361168653484/000000.dcm,calc,train,0,BENIGN
P_00394,LEFT,MLO,calcification,BENIGN_WITHOUT_CALLBACK,Calc-Training_P_00394_LEFT_MLO/1.3.6.1.4.1.9590.100.1.2.182899410212893790237511604980050742548/1.3.6.1.4.1.9590.100.1.2.165000198711076188422383645481960237370/000000.dcm,calc,train,0,BENIGN
P_00394,LEFT,MLO,calcification,BENIGN_WITHOUT_CALLBACK,Calc-Training_P_00394_LEFT_MLO/1.3.6.1.4.1.9590.100.1.2.182899410212893790237511604980050742548/1.3.6.1.4.1.9590.100.1.2.165000198711076188422383645481960237370/000000.dcm,calc,train,0,BENIGN
P_00395,RIGHT,CC,calcification,BENIGN,Calc-Training_P_00395_RIGHT_CC/1.3.6.1.4.1.9590.100.1.2.177349452112911336840417560363225694824/1.3.6.1.4.1.9590.100.1.2.273346341911548684918546876432915510290/000000.dcm,calc,train,0,BENIGN
P_00395,RIGHT,CC,calcification,BENIGN,Calc-Training_P_00395_RIGHT_CC/1.3.6.1.4.1.9590.100.1.2.177349452112911336840417560363225694824/1.3.6.1.4.1.9590.100.1.2.273346341911548684918546876432915510290/000000.dcm,calc,train,0,BENIGN
P_00395,RIGHT,CC,calcification,BENIGN,Calc-Training_P_00395_RIGHT_CC/1.3.6.1.4.1.9590.100.1.2.177349452112911336840417560363225694824/1.3.6.1.4.1.9590.100.1.2.273346341911548684918546876432915510290/000000.dcm,calc,train,0,BENIGN
P_00395,RIGHT,MLO,calcification,BENIGN,Calc-Training_P_00395_RIGHT_MLO/1.3.6.1.4.1.9590.100.1.2.388710735913643250435150201641696590619/1.3.6.1.4.1.9590.100.1.2.391878367412107298322555186083225306500/000000.dcm,calc,train,0,BENIGN
P_00395,RIGHT,MLO,calcification,BENIGN,Calc-Training_P_00395_RIGHT_MLO/1.3.6.1.4.1.9590.100.1.2.388710735913643250435150201641696590619/1.3.6.1.4.1.9590.100.1.2.391878367412107298322555186083225306500/000000.dcm,calc,train,0,BENIGN
P_00395,RIGHT,MLO,calcification,BENIGN,Calc-Training_P_00395_RIGHT_MLO/1.3.6.1.4.1.9590.100.1.2.388710735913643250435150201641696590619/1.3.6.1.4.1.9590.100.1.2.391878367412107298322555186083225306500/000000.dcm,calc,train,0,BENIGN
P_00398,LEFT,CC,calcification,BENIGN,Calc-Training_P_00398_LEFT_CC/1.3.6.1.4.1.9590.100.1.2.140778764711572595005647855631330798728/1.3.6.1.4.1.9590.100.1.2.376431385512131933924311873771757136180/000000.dcm,calc,train,0,BENIGN
P_00398,LEFT,MLO,calcification,BENIGN,Calc-Training_P_00398_LEFT_MLO/1.3.6.1.4.1.9590.100.1.2.244171508311334714110892059334270154937/1.3.6.1.4.1.9590.100.1.2.154778839913394558417175148923550969116/000000.dcm,calc,train,0,BENIGN
P_00400,RIGHT,CC,calcification,BENIGN,Calc-Training_P_00400_RIGHT_CC/1.3.6.1.4.1.9590.100.1.2.110920572911921511105413439301202931933/1.3.6.1.4.1.9590.100.1.2.334464343410445991933574910840567576236/000000.dcm,calc,train,0,BENIGN
P_00400,RIGHT,MLO,calcification,BENIGN,Calc-Training_P_00400_RIGHT_MLO/1.3.6.1.4.1.9590.100.1.2.84494842711363690638349336703849358345/1.3.6.1.4.1.9590.100.1.2.278345840012295347342167248673586056976/000000.dcm,calc,train,0,BENIGN
P_00404,RIGHT,MLO,calcification,MALIGNANT,Calc-Training_P_00404_RIGHT_MLO/1.3.6.1.4.1.9590.100.1.2.278588252511079214222259367963261941275/1.3.6.1.4.1.9590.100.1.2.206548514011121207219994124060615579686/000000.dcm,calc,train,1,MALIGNANT
P_00410,RIGHT,CC,calcification,MALIGNANT,Calc-Training_P_00410_RIGHT_CC/1.3.6.1.4.1.9590.100.1.2.231400489212756423035861902613775175842/1.3.6.1.4.1.9590.100.1.2.140849698011615643727389241712404940648/000000.dcm,calc,train,1,MALIGNANT
P_00410,RIGHT,MLO,calcification,MALIGNANT,Calc-Training_P_00410_RIGHT_MLO/1.3.6.1.4.1.9590.100.1.2.57784138211699172140006637360592076124/1.3.6.1.4.1.9590.100.1.2.399281592310520230339478378600614845480/000000.dcm,calc,train,1,MALIGNANT
P_00418,LEFT,CC,calcification,MALIGNANT,Calc-Training_P_00418_LEFT_CC/1.3.6.1.4.1.9590.100.1.2.24812586512282916402586924933474295820/1.3.6.1.4.1.9590.100.1.2.378347967711108672737719184953987743865/000000.dcm,calc,train,1,MALIGNANT
P_00418,LEFT,MLO,calcification,MALIGNANT,Calc-Training_P_00418_LEFT_MLO/1.3.6.1.4.1.9590.100.1.2.361868286811225005520893113650079972775/1.3.6.1.4.1.9590.100.1.2.336598721612753248039669380400098714163/000000.dcm,calc,train,1,MALIGNANT
P_00418,RIGHT,CC,calcification,BENIGN_WITHOUT_CALLBACK,Calc-Training_P_00418_RIGHT_CC/1.3.6.1.4.1.9590.100.1.2.284427218713858381737140642891904547485/1.3.6.1.4.1.9590.100.1.2.8358564012149971811186236440118380883/000000.dcm,calc,train,0,BENIGN
P_00418,RIGHT,MLO,calcification,BENIGN_WITHOUT_CALLBACK,Calc-Training_P_00418_RIGHT_MLO/1.3.6.1.4.1.9590.100.1.2.71892915213346410614266610191388941753/1.3.6.1.4.1.9590.100.1.2.90410693412157911512619357974267670777/000000.dcm,calc,train,0,BENIGN
P_00422,LEFT,CC,calcification,MALIGNANT,Calc-Training_P_00422_LEFT_CC/1.3.6.1.4.1.9590.100.1.2.68482776712976806426351771282401647058/1.3.6.1.4.1.9590.100.1.2.261384501911733903613531019610906055492/000000.dcm,calc,train,1,MALIGNANT
P_00422,LEFT,MLO,calcification,MALIGNANT,Calc-Training_P_00422_LEFT_MLO/1.3.6.1.4.1.9590.100.1.2.143806987812218872042476230473228322720/1.3.6.1.4.1.9590.100.1.2.232368520012400435215844576172964772472/000000.dcm,calc,train,1,MALIGNANT
P_00425,RIGHT,CC,calcification,BENIGN,Calc-Training_P_00425_RIGHT_CC/1.3.6.1.4.1.9590.100.1.2.299122323313212813942219972470133048756/1.3.6.1.4.1.9590.100.1.2.386571102210014823140034571630542719134/000000.dcm,calc,train,0,BENIGN
P_00425,RIGHT,MLO,calcification,BENIGN,Calc-Training_P_00425_RIGHT_MLO/1.3.6.1.4.1.9590.100.1.2.266707082713778021315411098952819470130/1.3.6.1.4.1.9590.100.1.2.227697324311701147708092174143523408017/000000.dcm,calc,train,0,BENIGN
P_00432,RIGHT,CC,calcification,BENIGN_WITHOUT_CALLBACK,Calc-Training_P_00432_RIGHT_CC/1.3.6.1.4.1.9590.100.1.2.120168574211213292301844020571392326696/1.3.6.1.4.1.9590.100.1.2.73990521811657770904256091191165394630/000000.dcm,calc,train,0,BENIGN
P_00432,RIGHT,CC,calcification,BENIGN_WITHOUT_CALLBACK,Calc-Training_P_00432_RIGHT_CC/1.3.6.1.4.1.9590.100.1.2.120168574211213292301844020571392326696/1.3.6.1.4.1.9590.100.1.2.73990521811657770904256091191165394630/000000.dcm,calc,train,0,BENIGN
P_00432,RIGHT,MLO,calcification,BENIGN_WITHOUT_CALLBACK,Calc-Training_P_00432_RIGHT_MLO/1.3.6.1.4.1.9590.100.1.2.39446840912962186824482433563377185722/1.3.6.1.4.1.9590.100.1.2.309713510212355684822557774130349593519/000000.dcm,calc,train,0,BENIGN
P_00432,RIGHT,MLO,calcification,BENIGN_WITHOUT_CALLBACK,Calc-Training_P_00432_RIGHT_MLO/1.3.6.1.4.1.9590.100.1.2.39446840912962186824482433563377185722/1.3.6.1.4.1.9590.100.1.2.309713510212355684822557774130349593519/000000.dcm,calc,train,0,BENIGN
P_00438,LEFT,CC,calcification,MALIGNANT,Calc-Training_P_00438_LEFT_CC/1.3.6.1.4.1.9590.100.1.2.224408074212820172410180279453635871248/1.3.6.1.4.1.9590.100.1.2.224408960312835654004189169994083726133/000000.dcm,calc,train,1,MALIGNANT
P_00438,LEFT,MLO,calcification,MALIGNANT,Calc-Training_P_00438_LEFT_MLO/1.3.6.1.4.1.9590.100.1.2.315474176812908322905327074861811673421/1.3.6.1.4.1.9590.100.1.2.59876705111770220814922804890965064040/000000.dcm,calc,train,1,MALIGNANT
P_00443,RIGHT,MLO,calcification,MALIGNANT,Calc-Training_P_00443_RIGHT_MLO/1.3.6.1.4.1.9590.100.1.2.323351439113161946005425291883129135243/1.3.6.1.4.1.9590.100.1.2.68869081913580462902008969550178812228/000000.dcm,calc,train,1,MALIGNANT
P_00445,LEFT,MLO,calcification,MALIGNANT,Calc-Training_P_00445_LEFT_MLO/1.3.6.1.4.1.9590.100.1.2.369074735410633547022314379880175760268/1.3.6.1.4.1.9590.100.1.2.276800539010332102615505729721912100322/000000.dcm,calc,train,1,MALIGNANT
P_00447,RIGHT,CC,calcification,BENIGN,Calc-Training_P_00447_RIGHT_CC/1.3.6.1.4.1.9590.100.1.2.176859000613310796332789377684106234367/1.3.6.1.4.1.9590.100.1.2.321929123012576086437246588662466892578/000000.dcm,calc,train,0,BENIGN
P_00447,RIGHT,MLO,calcification,BENIGN,Calc-Training_P_00447_RIGHT_MLO/1.3.6.1.4.1.9590.100.1.2.280265244312312977513007725162137290960/1.3.6.1.4.1.9590.100.1.2.175873435812772933401985622110189366862/000000.dcm,calc,train,0,BENIGN
P_00448,LEFT,CC,calcification,BENIGN,Calc-Training_P_00448_LEFT_CC/1.3.6.1.4.1.9590.100.1.2.75268266712016154603719614873413689424/1.3.6.1.4.1.9590.100.1.2.138332949110906496629191671111036838835/000000.dcm,calc,train,0,BENIGN
P_00448,LEFT,MLO,calcification,BENIGN,Calc-Training_P_00448_LEFT_MLO/1.3.6.1.4.1.9590.100.1.2.12711806010944356036534752091855711258/1.3.6.1.4.1.9590.100.1.2.200194868213409833506721347930913814652/000000.dcm,calc,train,0,BENIGN
P_00452,LEFT,CC,calcification,BENIGN_WITHOUT_CALLBACK,Calc-Training_P_00452_LEFT_CC/1.3.6.1.4.1.9590.100.1.2.359809426511618738239527208042085327690/1.3.6.1.4.1.9590.100.1.2.292153241513005664801630375922760828388/000000.dcm,calc,train,0,BENIGN
P_00452,LEFT,MLO,calcification,BENIGN_WITHOUT_CALLBACK,Calc-Training_P_00452_LEFT_MLO/1.3.6.1.4.1.9590.100.1.2.281778739412464526630177092010512432668/1.3.6.1.4.1.9590.100.1.2.106832350711479350922653707992020709218/000000.dcm,calc,train,0,BENIGN
P_00452,LEFT,MLO,calcification,BENIGN_WITHOUT_CALLBACK,Calc-Training_P_00452_LEFT_MLO/1.3.6.1.4.1.9590.100.1.2.281778739412464526630177092010512432668/1.3.6.1.4.1.9590.100.1.2.106832350711479350922653707992020709218/000000.dcm,calc,train,0,BENIGN
P_00452,RIGHT,CC,calcification,BENIGN_WITHOUT_CALLBACK,Calc-Training_P_00452_RIGHT_CC/1.3.6.1.4.1.9590.100.1.2.278711640410407589120699792811462736008/1.3.6.1.4.1.9590.100.1.2.73924195711432583431916714813369912850/000000.dcm,calc,train,0,BENIGN
P_00452,RIGHT,CC,calcification,BENIGN_WITHOUT_CALLBACK,Calc-Training_P_00452_RIGHT_CC/1.3.6.1.4.1.9590.100.1.2.278711640410407589120699792811462736008/1.3.6.1.4.1.9590.100.1.2.73924195711432583431916714813369912850/000000.dcm,calc,train,0,BENIGN
P_00452,RIGHT,MLO,calcification,BENIGN_WITHOUT_CALLBACK,Calc-Training_P_00452_RIGHT_MLO/1.3.6.1.4.1.9590.100.1.2.328421557911893557900336247193281082688/1.3.6.1.4.1.9590.100.1.2.395816981710430155040871950580555875906/000000.dcm,calc,train,0,BENIGN
P_00452,RIGHT,MLO,calcification,BENIGN_WITHOUT_CALLBACK,Calc-Training_P_00452_RIGHT_MLO/1.3.6.1.4.1.9590.100.1.2.328421557911893557900336247193281082688/1.3.6.1.4.1.9590.100.1.2.395816981710430155040871950580555875906/000000.dcm,calc,train,0,BENIGN
P_00452,RIGHT,MLO,calcification,BENIGN_WITHOUT_CALLBACK,Calc-Training_P_00452_RIGHT_MLO/1.3.6.1.4.1.9590.100.1.2.328421557911893557900336247193281082688/1.3.6.1.4.1.9590.100.1.2.395816981710430155040871950580555875906/000000.dcm,calc,train,0,BENIGN
P_00455,LEFT,CC,calcification,BENIGN_WITHOUT_CALLBACK,Calc-Training_P_00455_LEFT_CC/1.3.6.1.4.1.9590.100.1.2.318073992012592448837370239203899537586/1.3.6.1.4.1.9590.100.1.2.43851505613003999219808826221286958753/000000.dcm,calc,train,0,BENIGN
P_00455,LEFT,CC,calcification,BENIGN_WITHOUT_CALLBACK,Calc-Training_P_00455_LEFT_CC/1.3.6.1.4.1.9590.100.1.2.318073992012592448837370239203899537586/1.3.6.1.4.1.9590.100.1.2.43851505613003999219808826221286958753/000000.dcm,calc,train,0,BENIGN
P_00455,LEFT,CC,calcification,BENIGN_WITHOUT_CALLBACK,Calc-Training_P_00455_LEFT_CC/1.3.6.1.4.1.9590.100.1.2.318073992012592448837370239203899537586/1.3.6.1.4.1.9590.100.1.2.43851505613003999219808826221286958753/000000.dcm,calc,train,0,BENIGN
P_00455,LEFT,CC,calcification,BENIGN_WITHOUT_CALLBACK,Calc-Training_P_00455_LEFT_CC/1.3.6.1.4.1.9590.100.1.2.318073992012592448837370239203899537586/1.3.6.1.4.1.9590.100.1.2.43851505613003999219808826221286958753/000000.dcm,calc,train,0,BENIGN
P_00455,LEFT,MLO,calcification,BENIGN_WITHOUT_CALLBACK,Calc-Training_P_00455_LEFT_MLO/1.3.6.1.4.1.9590.100.1.2.320280757412365206415452839891916858785/1.3.6.1.4.1.9590.100.1.2.29105002611181739829614750000569835702/000000.dcm,calc,train,0,BENIGN
P_00455,LEFT,MLO,calcification,BENIGN_WITHOUT_CALLBACK,Calc-Training_P_00455_LEFT_MLO/1.3.6.1.4.1.9590.100.1.2.320280757412365206415452839891916858785/1.3.6.1.4.1.9590.100.1.2.29105002611181739829614750000569835702/000000.dcm,calc,train,0,BENIGN
P_00455,LEFT,MLO,calcification,BENIGN_WITHOUT_CALLBACK,Calc-Training_P_00455_LEFT_MLO/1.3.6.1.4.1.9590.100.1.2.320280757412365206415452839891916858785/1.3.6.1.4.1.9590.100.1.2.29105002611181739829614750000569835702/000000.dcm,calc,train,0,BENIGN
P_00455,LEFT,MLO,calcification,BENIGN_WITHOUT_CALLBACK,Calc-Training_P_00455_LEFT_MLO/1.3.6.1.4.1.9590.100.1.2.320280757412365206415452839891916858785/1.3.6.1.4.1.9590.100.1.2.29105002611181739829614750000569835702/000000.dcm,calc,train,0,BENIGN
P_00456,RIGHT,CC,calcification,BENIGN,Calc-Training_P_00456_RIGHT_CC/1.3.6.1.4.1.9590.100.1.2.134149666812333051616313706371088764643/1.3.6.1.4.1.9590.100.1.2.36330930311540908217201547852109250693/000000.dcm,calc,train,0,BENIGN
P_00456,RIGHT,MLO,calcification,BENIGN,Calc-Training_P_00456_RIGHT_MLO/1.3.6.1.4.1.9590.100.1.2.81806367011002031234962172222017891126/1.3.6.1.4.1.9590.100.1.2.169543417411076246401675552161346501495/000000.dcm,calc,train,0,BENIGN
P_00458,LEFT,CC,calcification,BENIGN,Calc-Training_P_00458_LEFT_CC/1.3.6.1.4.1.9590.100.1.2.367663601712291843709624088483129792692/1.3.6.1.4.1.9590.100.1.2.259087098412570610407885582301858957866/000000.dcm,calc,train,0,BENIGN
P_00467,LEFT,CC,calcification,BENIGN_WITHOUT_CALLBACK,Calc-Training_P_00467_LEFT_CC/1.3.6.1.4.1.9590.100.1.2.22031954013118933913745742512987301764/1.3.6.1.4.1.9590.100.1.2.244985281912684166022125638963297133648/000000.dcm,calc,train,0,BENIGN
P_00467,LEFT,MLO,calcification,BENIGN_WITHOUT_CALLBACK,Calc-Training_P_00467_LEFT_MLO/1.3.6.1.4.1.9590.100.1.2.88141496612687229829947401091604444418/1.3.6.1.4.1.9590.100.1.2.524341313116915306138346242740645656/000000.dcm,calc,train,0,BENIGN
P_00467,RIGHT,CC,calcification,MALIGNANT,Calc-Training_P_00467_RIGHT_CC/1.3.6.1.4.1.9590.100.1.2.12037409512581874533566849641772467748/1.3.6.1.4.1.9590.100.1.2.176818890412371228624072157724132034170/000000.dcm,calc,train,1,MALIGNANT
P_00467,RIGHT,MLO,calcification,MALIGNANT,Calc-Training_P_00467_RIGHT_MLO/1.3.6.1.4.1.9590.100.1.2.54009700012792016240417742330146416815/1.3.6.1.4.1.9590.100.1.2.177766097810009080112913629701736265714/000000.dcm,calc,train,1,MALIGNANT
P_00469,LEFT,CC,calcification,BENIGN,Calc-Training_P_00469_LEFT_CC/1.3.6.1.4.1.9590.100.1.2.48581012911860220103444407040283910462/1.3.6.1.4.1.9590.100.1.2.84716183911023952009325981782755394914/000000.dcm,calc,train,0,BENIGN
P_00469,LEFT,MLO,calcification,BENIGN,Calc-Training_P_00469_LEFT_MLO/1.3.6.1.4.1.9590.100.1.2.366547732513197059405074348990820111163/1.3.6.1.4.1.9590.100.1.2.286659962612608383206161076632186976247/000000.dcm,calc,train,0,BENIGN
P_00471,LEFT,CC,calcification,BENIGN_WITHOUT_CALLBACK,Calc-Training_P_00471_LEFT_CC/1.3.6.1.4.1.9590.100.1.2.141015849212459084430386428633831547191/1.3.6.1.4.1.9590.100.1.2.114424168911311052813833481510260041688/000000.dcm,calc,train,0,BENIGN
P_00471,LEFT,CC,calcification,BENIGN_WITHOUT_CALLBACK,Calc-Training_P_00471_LEFT_CC/1.3.6.1.4.1.9590.100.1.2.141015849212459084430386428633831547191/1.3.6.1.4.1.9590.100.1.2.114424168911311052813833481510260041688/000000.dcm,calc,train,0,BENIGN
P_00471,LEFT,CC,calcification,BENIGN_WITHOUT_CALLBACK,Calc-Training_P_00471_LEFT_CC/1.3.6.1.4.1.9590.100.1.2.141015849212459084430386428633831547191/1.3.6.1.4.1.9590.100.1.2.114424168911311052813833481510260041688/000000.dcm,calc,train,0,BENIGN
P_00471,LEFT,MLO,calcification,BENIGN_WITHOUT_CALLBACK,Calc-Training_P_00471_LEFT_MLO/1.3.6.1.4.1.9590.100.1.2.226376776411326032240888103732641777934/1.3.6.1.4.1.9590.100.1.2.309752174610992973034364663291781979620/000000.dcm,calc,train,0,BENIGN
P_00471,LEFT,MLO,calcification,BENIGN_WITHOUT_CALLBACK,Calc-Training_P_00471_LEFT_MLO/1.3.6.1.4.1.9590.100.1.2.226376776411326032240888103732641777934/1.3.6.1.4.1.9590.100.1.2.309752174610992973034364663291781979620/000000.dcm,calc,train,0,BENIGN
P_00471,LEFT,MLO,calcification,BENIGN_WITHOUT_CALLBACK,Calc-Training_P_00471_LEFT_MLO/1.3.6.1.4.1.9590.100.1.2.226376776411326032240888103732641777934/1.3.6.1.4.1.9590.100.1.2.309752174610992973034364663291781979620/000000.dcm,calc,train,0,BENIGN
P_00473,LEFT,CC,calcification,MALIGNANT,Calc-Training_P_00473_LEFT_CC/1.3.6.1.4.1.9590.100.1.2.56736533713486146919161135601678012829/1.3.6.1.4.1.9590.100.1.2.248911735611581654701523977480859117492/000000.dcm,calc,train,1,MALIGNANT
P_00473,LEFT,MLO,calcification,MALIGNANT,Calc-Training_P_00473_LEFT_MLO/1.3.6.1.4.1.9590.100.1.2.61732892912225336821673217791061790624/1.3.6.1.4.1.9590.100.1.2.152922289013154069005983046780699449457/000000.dcm,calc,train,1,MALIGNANT
P_00474,LEFT,CC,calcification,MALIGNANT,Calc-Training_P_00474_LEFT_CC/1.3.6.1.4.1.9590.100.1.2.114390037811229875730572783391891375397/1.3.6.1.4.1.9590.100.1.2.179094779913865355328314942890032167835/000000.dcm,calc,train,1,MALIGNANT
P_00474,LEFT,MLO,calcification,MALIGNANT,Calc-Training_P_00474_LEFT_MLO/1.3.6.1.4.1.9590.100.1.2.275365930412464771525793839621783178044/1.3.6.1.4.1.9590.100.1.2.416722881411737593414359448931127663526/000000.dcm,calc,train,1,MALIGNANT
P_00476,LEFT,CC,calcification,BENIGN_WITHOUT_CALLBACK,Calc-Training_P_00476_LEFT_CC/1.3.6.1.4.1.9590.100.1.2.103710639013085210413716335582108807057/1.3.6.1.4.1.9590.100.1.2.2052362911078546542583241442852652890/000000.dcm,calc,train,0,BENIGN
P_00476,LEFT,MLO,calcification,BENIGN_WITHOUT_CALLBACK,Calc-Training_P_00476_LEFT_MLO/1.3.6.1.4.1.9590.100.1.2.92897065513484474931780571483619600788/1.3.6.1.4.1.9590.100.1.2.303483657512251325509788773282215095670/000000.dcm,calc,train,0,BENIGN
P_00476,RIGHT,CC,calcification,BENIGN_WITHOUT_CALLBACK,Calc-Training_P_00476_RIGHT_CC/1.3.6.1.4.1.9590.100.1.2.79100581912057451920547398712307992388/1.3.6.1.4.1.9590.100.1.2.158679547711545823400436158850627343122/000000.dcm,calc,train,0,BENIGN
P_00476,RIGHT,CC,calcification,BENIGN_WITHOUT_CALLBACK,Calc-Training_P_00476_RIGHT_CC/1.3.6.1.4.1.9590.100.1.2.79100581912057451920547398712307992388/1.3.6.1.4.1.9590.100.1.2.158679547711545823400436158850627343122/000000.dcm,calc,train,0,BENIGN
P_00476,RIGHT,CC,calcification,BENIGN_WITHOUT_CALLBACK,Calc-Training_P_00476_RIGHT_CC/1.3.6.1.4.1.9590.100.1.2.79100581912057451920547398712307992388/1.3.6.1.4.1.9590.100.1.2.158679547711545823400436158850627343122/000000.dcm,calc,train,0,BENIGN
P_00476,RIGHT,MLO,calcification,BENIGN_WITHOUT_CALLBACK,Calc-Training_P_00476_RIGHT_MLO/1.3.6.1.4.1.9590.100.1.2.286627911512357661034271645993464670386/1.3.6.1.4.1.9590.100.1.2.312282579111367845302513153690169118289/000000.dcm,calc,train,0,BENIGN
P_00476,RIGHT,MLO,calcification,BENIGN_WITHOUT_CALLBACK,Calc-Training_P_00476_RIGHT_MLO/1.3.6.1.4.1.9590.100.1.2.286627911512357661034271645993464670386/1.3.6.1.4.1.9590.100.1.2.312282579111367845302513153690169118289/000000.dcm,calc,train,0,BENIGN
P_00476,RIGHT,MLO,calcification,BENIGN_WITHOUT_CALLBACK,Calc-Training_P_00476_RIGHT_MLO/1.3.6.1.4.1.9590.100.1.2.286627911512357661034271645993464670386/1.3.6.1.4.1.9590.100.1.2.312282579111367845302513153690169118289/000000.dcm,calc,train,0,BENIGN
P_00479,LEFT,CC,calcification,MALIGNANT,Calc-Training_P_00479_LEFT_CC/1.3.6.1.4.1.9590.100.1.2.325743851012131840121715751924227251853/1.3.6.1.4.1.9590.100.1.2.87294617410205855123676970760169115152/000000.dcm,calc,train,1,MALIGNANT
P_00479,LEFT,MLO,calcification,MALIGNANT,Calc-Training_P_00479_LEFT_MLO/1.3.6.1.4.1.9590.100.1.2.7323729713160279517364486942268500571/1.3.6.1.4.1.9590.100.1.2.181641695812444595204610303252231825517/000000.dcm,calc,train,1,MALIGNANT
P_00480,LEFT,CC,calcification,BENIGN_WITHOUT_CALLBACK,Calc-Training_P_00480_LEFT_CC/1.3.6.1.4.1.9590.100.1.2.194815646912424587003763867341735593117/1.3.6.1.4.1.9590.100.1.2.378287575512351991512183998933310507019/000000.dcm,calc,train,0,BENIGN
P_00480,LEFT,MLO,calcification,BENIGN_WITHOUT_CALLBACK,Calc-Training_P_00480_LEFT_MLO/1.3.6.1.4.1.9590.100.1.2.311425314111805365624906469571858912259/1.3.6.1.4.1.9590.100.1.2.85814174411890786729976392963885983370/000000.dcm,calc,train,0,BENIGN
P_00480,RIGHT,CC,calcification,BENIGN_WITHOUT_CALLBACK,Calc-Training_P_00480_RIGHT_CC/1.3.6.1.4.1.9590.100.1.2.372178698111663511818322871112617510891/1.3.6.1.4.1.9590.100.1.2.380701120213421035907804021071386470112/000000.dcm,calc,train,0,BENIGN
P_00480,RIGHT,CC,calcification,BENIGN_WITHOUT_CALLBACK,Calc-Training_P_00480_RIGHT_CC/1.3.6.1.4.1.9590.100.1.2.372178698111663511818322871112617510891/1.3.6.1.4.1.9590.100.1.2.380701120213421035907804021071386470112/000000.dcm,calc,train,0,BENIGN
P_00480,RIGHT,CC,calcification,BENIGN_WITHOUT_CALLBACK,Calc-Training_P_00480_RIGHT_CC/1.3.6.1.4.1.9590.100.1.2.372178698111663511818322871112617510891/1.3.6.1.4.1.9590.100.1.2.380701120213421035907804021071386470112/000000.dcm,calc,train,0,BENIGN
P_00480,RIGHT,MLO,calcification,BENIGN_WITHOUT_CALLBACK,Calc-Training_P_00480_RIGHT_MLO/1.3.6.1.4.1.9590.100.1.2.411620869012217067009471717191696986972/1.3.6.1.4.1.9590.100.1.2.199176995311703126812092161390958583662/000000.dcm,calc,train,0,BENIGN
P_00484,LEFT,CC,calcification,MALIGNANT,Calc-Training_P_00484_LEFT_CC/1.3.6.1.4.1.9590.100.1.2.97670998012639587226858582141550742725/1.3.6.1.4.1.9590.100.1.2.421747260813370233400502143143297308472/000000.dcm,calc,train,1,MALIGNANT
P_00484,LEFT,MLO,calcification,MALIGNANT,Calc-Training_P_00484_LEFT_MLO/1.3.6.1.4.1.9590.100.1.2.221710579712686431440243147681832668781/1.3.6.1.4.1.9590.100.1.2.152931888310846348824151407941209680254/000000.dcm,calc,train,1,MALIGNANT
P_00486,RIGHT,CC,calcification,BENIGN,Calc-Training_P_00486_RIGHT_CC/1.3.6.1.4.1.9590.100.1.2.9711629911515836920888600351433517550/1.3.6.1.4.1.9590.100.1.2.75523181813975040124289453273330583859/000000.dcm,calc,train,0,BENIGN
P_00486,RIGHT,MLO,calcification,BENIGN,Calc-Training_P_00486_RIGHT_MLO/1.3.6.1.4.1.9590.100.1.2.260194926413234407626943481732950146319/1.3.6.1.4.1.9590.100.1.2.261253241612908815429575438622886303337/000000.dcm,calc,train,0,BENIGN
P_00491,LEFT,MLO,calcification,BENIGN,Calc-Training_P_00491_LEFT_MLO/1.3.6.1.4.1.9590.100.1.2.400382297012275286916247220852610625825/1.3.6.1.4.1.9590.100.1.2.172913977213421962000584987062173904526/000000.dcm,calc,train,0,BENIGN
P_00502,LEFT,CC,calcification,MALIGNANT,Calc-Training_P_00502_LEFT_CC/1.3.6.1.4.1.9590.100.1.2.310590937912966468305937844653045261005/1.3.6.1.4.1.9590.100.1.2.363784230311374151300629759152610109694/000000.dcm,calc,train,1,MALIGNANT
P_00502,LEFT,MLO,calcification,MALIGNANT,Calc-Training_P_00502_LEFT_MLO/1.3.6.1.4.1.9590.100.1.2.72811571410607376315494104892897990253/1.3.6.1.4.1.9590.100.1.2.205175506112705125437622550180023466263/000000.dcm,calc,train,1,MALIGNANT
P_00503,RIGHT,CC,calcification,BENIGN,Calc-Training_P_00503_RIGHT_CC/1.3.6.1.4.1.9590.100.1.2.191831998012587675901079463771642875659/1.3.6.1.4.1.9590.100.1.2.424372614711000343824347997683379879522/000000.dcm,calc,train,0,BENIGN
P_00503,RIGHT,MLO,calcification,BENIGN,Calc-Training_P_00503_RIGHT_MLO/1.3.6.1.4.1.9590.100.1.2.70477654311673398009403388210788002214/1.3.6.1.4.1.9590.100.1.2.260809982011740236512272866942887360906/000000.dcm,calc,train,0,BENIGN
P_00505,LEFT,CC,calcification,BENIGN_WITHOUT_CALLBACK,Calc-Training_P_00505_LEFT_CC/1.3.6.1.4.1.9590.100.1.2.184946416911031335213640664833030564740/1.3.6.1.4.1.9590.100.1.2.59866850811987984529547877380106520220/000000.dcm,calc,train,0,BENIGN
P_00505,LEFT,MLO,calcification,BENIGN_WITHOUT_CALLBACK,Calc-Training_P_00505_LEFT_MLO/1.3.6.1.4.1.9590.100.1.2.402037643311486330415102179021948260248/1.3.6.1.4.1.9590.100.1.2.9153930912943760133160764361854116666/000000.dcm,calc,train,0,BENIGN
P_00505,LEFT,MLO,calcification,BENIGN_WITHOUT_CALLBACK,Calc-Training_P_00505_LEFT_MLO/1.3.6.1.4.1.9590.100.1.2.402037643311486330415102179021948260248/1.3.6.1.4.1.9590.100.1.2.9153930912943760133160764361854116666/000000.dcm,calc,train,0,BENIGN
P_00505,RIGHT,CC,calcification,BENIGN_WITHOUT_CALLBACK,Calc-Training_P_00505_RIGHT_CC/1.3.6.1.4.1.9590.100.1.2.37865717313947583903083537072613055284/1.3.6.1.4.1.9590.100.1.2.40241796012972503835710381273577123474/000000.dcm,calc,train,0,BENIGN
P_00505,RIGHT,CC,calcification,BENIGN_WITHOUT_CALLBACK,Calc-Training_P_00505_RIGHT_CC/1.3.6.1.4.1.9590.100.1.2.37865717313947583903083537072613055284/1.3.6.1.4.1.9590.100.1.2.40241796012972503835710381273577123474/000000.dcm,calc,train,0,BENIGN
P_00505,RIGHT,MLO,calcification,BENIGN_WITHOUT_CALLBACK,Calc-Training_P_00505_RIGHT_MLO/1.3.6.1.4.1.9590.100.1.2.21171349713852725325676102503476833887/1.3.6.1.4.1.9590.100.1.2.422656463011863096307068917083358993904/000000.dcm,calc,train,0,BENIGN
P_00505,RIGHT,MLO,calcification,BENIGN_WITHOUT_CALLBACK,Calc-Training_P_00505_RIGHT_MLO/1.3.6.1.4.1.9590.100.1.2.21171349713852725325676102503476833887/1.3.6.1.4.1.9590.100.1.2.422656463011863096307068917083358993904/000000.dcm,calc,train,0,BENIGN
P_00506,RIGHT,CC,calcification,BENIGN_WITHOUT_CALLBACK,Calc-Training_P_00506_RIGHT_CC/1.3.6.1.4.1.9590.100.1.2.214542747411833269835289010292399389746/1.3.6.1.4.1.9590.100.1.2.247662720213508156007882668932538666180/000000.dcm,calc,train,0,BENIGN
P_00506,RIGHT,MLO,calcification,BENIGN_WITHOUT_CALLBACK,Calc-Training_P_00506_RIGHT_MLO/1.3.6.1.4.1.9590.100.1.2.199136909412566562327823164590163451498/1.3.6.1.4.1.9590.100.1.2.74956658311383957201426978750903861062/000000.dcm,calc,train,0,BENIGN
P_00508,LEFT,CC,calcification,BENIGN,Calc-Training_P_00508_LEFT_CC/1.3.6.1.4.1.9590.100.1.2.384630853311456108321727825033065742670/1.3.6.1.4.1.9590.100.1.2.422090557210856150320996903792743418323/000000.dcm,calc,train,0,BENIGN
P_00508,LEFT,MLO,calcification,BENIGN,Calc-Training_P_00508_LEFT_MLO/1.3.6.1.4.1.9590.100.1.2.209851692411847809511355928473511548503/1.3.6.1.4.1.9590.100.1.2.279942441311681711935393514363630079570/000000.dcm,calc,train,0,BENIGN
P_00510,LEFT,CC,calcification,BENIGN_WITHOUT_CALLBACK,Calc-Training_P_00510_LEFT_CC/1.3.6.1.4.1.9590.100.1.2.152189954213265558102895947921609420878/1.3.6.1.4.1.9590.100.1.2.78659633412286804334758447712869319270/000000.dcm,calc,train,0,BENIGN
P_00510,LEFT,CC,calcification,BENIGN_WITHOUT_CALLBACK,Calc-Training_P_00510_LEFT_CC/1.3.6.1.4.1.9590.100.1.2.152189954213265558102895947921609420878/1.3.6.1.4.1.9590.100.1.2.78659633412286804334758447712869319270/000000.dcm,calc,train,0,BENIGN
P_00510,LEFT,CC,calcification,BENIGN_WITHOUT_CALLBACK,Calc-Training_P_00510_LEFT_CC/1.3.6.1.4.1.9590.100.1.2.152189954213265558102895947921609420878/1.3.6.1.4.1.9590.100.1.2.78659633412286804334758447712869319270/000000.dcm,calc,train,0,BENIGN
P_00510,LEFT,CC,calcification,BENIGN_WITHOUT_CALLBACK,Calc-Training_P_00510_LEFT_CC/1.3.6.1.4.1.9590.100.1.2.152189954213265558102895947921609420878/1.3.6.1.4.1.9590.100.1.2.78659633412286804334758447712869319270/000000.dcm,calc,train,0,BENIGN
P_00510,LEFT,MLO,calcification,BENIGN_WITHOUT_CALLBACK,Calc-Training_P_00510_LEFT_MLO/1.3.6.1.4.1.9590.100.1.2.36635851911498678524833535053568848374/1.3.6.1.4.1.9590.100.1.2.47883640611308013407163449842256618014/000000.dcm,calc,train,0,BENIGN
P_00510,LEFT,MLO,calcification,BENIGN_WITHOUT_CALLBACK,Calc-Training_P_00510_LEFT_MLO/1.3.6.1.4.1.9590.100.1.2.36635851911498678524833535053568848374/1.3.6.1.4.1.9590.100.1.2.47883640611308013407163449842256618014/000000.dcm,calc,train,0,BENIGN
P_00510,RIGHT,CC,calcification,BENIGN_WITHOUT_CALLBACK,Calc-Training_P_00510_RIGHT_CC/1.3.6.1.4.1.9590.100.1.2.289935874512851851133387075990728501369/1.3.6.1.4.1.9590.100.1.2.284760245711216541938605725851743310761/000000.dcm,calc,train,0,BENIGN
P_00510,RIGHT,CC,calcification,BENIGN_WITHOUT_CALLBACK,Calc-Training_P_00510_RIGHT_CC/1.3.6.1.4.1.9590.100.1.2.289935874512851851133387075990728501369/1.3.6.1.4.1.9590.100.1.2.284760245711216541938605725851743310761/000000.dcm,calc,train,0,BENIGN
P_00510,RIGHT,CC,calcification,BENIGN_WITHOUT_CALLBACK,Calc-Training_P_00510_RIGHT_CC/1.3.6.1.4.1.9590.100.1.2.289935874512851851133387075990728501369/1.3.6.1.4.1.9590.100.1.2.284760245711216541938605725851743310761/000000.dcm,calc,train,0,BENIGN
P_00510,RIGHT,MLO,calcification,BENIGN_WITHOUT_CALLBACK,Calc-Training_P_00510_RIGHT_MLO/1.3.6.1.4.1.9590.100.1.2.352132792213771952315322904584092935989/1.3.6.1.4.1.9590.100.1.2.17779050613263835327761350401257698633/000000.dcm,calc,train,0,BENIGN
P_00510,RIGHT,MLO,calcification,BENIGN_WITHOUT_CALLBACK,Calc-Training_P_00510_RIGHT_MLO/1.3.6.1.4.1.9590.100.1.2.352132792213771952315322904584092935989/1.3.6.1.4.1.9590.100.1.2.17779050613263835327761350401257698633/000000.dcm,calc,train,0,BENIGN
P_00510,RIGHT,MLO,calcification,BENIGN_WITHOUT_CALLBACK,Calc-Training_P_00510_RIGHT_MLO/1.3.6.1.4.1.9590.100.1.2.352132792213771952315322904584092935989/1.3.6.1.4.1.9590.100.1.2.17779050613263835327761350401257698633/000000.dcm,calc,train,0,BENIGN
P_00519,LEFT,CC,calcification,BENIGN_WITHOUT_CALLBACK,Calc-Training_P_00519_LEFT_CC/1.3.6.1.4.1.9590.100.1.2.318212068012971223603370115990349087566/1.3.6.1.4.1.9590.100.1.2.225972354110746076113335794543560555714/000000.dcm,calc,train,0,BENIGN
P_00519,LEFT,MLO,calcification,BENIGN_WITHOUT_CALLBACK,Calc-Training_P_00519_LEFT_MLO/1.3.6.1.4.1.9590.100.1.2.80436707012166201927983054383447152038/1.3.6.1.4.1.9590.100.1.2.57885999813486437039073612153812940339/000000.dcm,calc,train,0,BENIGN
P_00520,LEFT,CC,calcification,BENIGN,Calc-Training_P_00520_LEFT_CC/1.3.6.1.4.1.9590.100.1.2.295532192912813229015348860302070641376/1.3.6.1.4.1.9590.100.1.2.46514168311136247934969722231165982372/000000.dcm,calc,train,0,BENIGN
P_00520,LEFT,MLO,calcification,BENIGN,Calc-Training_P_00520_LEFT_MLO/1.3.6.1.4.1.9590.100.1.2.67829481611657394739750468210959827360/1.3.6.1.4.1.9590.100.1.2.333076981411479225137228903771676947589/000000.dcm,calc,train,0,BENIGN
P_00522,RIGHT,CC,calcification,BENIGN,Calc-Training_P_00522_RIGHT_CC/1.3.6.1.4.1.9590.100.1.2.192812938313450622105702908662069080531/1.3.6.1.4.1.9590.100.1.2.317000038910781788436143425910263663801/000000.dcm,calc,train,0,BENIGN
P_00522,RIGHT,MLO,calcification,BENIGN,Calc-Training_P_00522_RIGHT_MLO/1.3.6.1.4.1.9590.100.1.2.30008690712228798827804161380595461785/1.3.6.1.4.1.9590.100.1.2.204530857713961503742142191473708895424/000000.dcm,calc,train,0,BENIGN
P_00523,RIGHT,CC,calcification,MALIGNANT,Calc-Training_P_00523_RIGHT_CC/1.3.6.1.4.1.9590.100.1.2.96340492111033665315559013712718646267/1.3.6.1.4.1.9590.100.1.2.273069912411350419938673537781680909796/000000.dcm,calc,train,1,MALIGNANT
P_00523,RIGHT,MLO,calcification,MALIGNANT,Calc-Training_P_00523_RIGHT_MLO/1.3.6.1.4.1.9590.100.1.2.43508826113713601620840339391919987701/1.3.6.1.4.1.9590.100.1.2.75723521412842127323085628161560677752/000000.dcm,calc,train,1,MALIGNANT
P_00527,RIGHT,MLO,calcification,MALIGNANT,Calc-Training_P_00527_RIGHT_MLO/1.3.6.1.4.1.9590.100.1.2.153003253711320366341862941752714618729/1.3.6.1.4.1.9590.100.1.2.330004365812864806332956271940489215537/000000.dcm,calc,train,1,MALIGNANT
P_00529,LEFT,MLO,calcification,BENIGN_WITHOUT_CALLBACK,Calc-Training_P_00529_LEFT_MLO/1.3.6.1.4.1.9590.100.1.2.48911452912568558311340289892807079986/1.3.6.1.4.1.9590.100.1.2.139183051812504495120095512413647956235/000000.dcm,calc,train,0,BENIGN
P_00529,RIGHT,CC,calcification,BENIGN_WITHOUT_CALLBACK,Calc-Training_P_00529_RIGHT_CC/1.3.6.1.4.1.9590.100.1.2.174222192611515632631791471683457900210/1.3.6.1.4.1.9590.100.1.2.418561324512073753104011565051004999833/000000.dcm,calc,train,0,BENIGN
P_00529,RIGHT,CC,calcification,BENIGN_WITHOUT_CALLBACK,Calc-Training_P_00529_RIGHT_CC/1.3.6.1.4.1.9590.100.1.2.174222192611515632631791471683457900210/1.3.6.1.4.1.9590.100.1.2.418561324512073753104011565051004999833/000000.dcm,calc,train,0,BENIGN
P_00529,RIGHT,MLO,calcification,BENIGN_WITHOUT_CALLBACK,Calc-Training_P_00529_RIGHT_MLO/1.3.6.1.4.1.9590.100.1.2.182721644013854904617814061230599103918/1.3.6.1.4.1.9590.100.1.2.295841045712936652526881988361264576170/000000.dcm,calc,train,0,BENIGN
P_00529,RIGHT,MLO,calcification,BENIGN_WITHOUT_CALLBACK,Calc-Training_P_00529_RIGHT_MLO/1.3.6.1.4.1.9590.100.1.2.182721644013854904617814061230599103918/1.3.6.1.4.1.9590.100.1.2.295841045712936652526881988361264576170/000000.dcm,calc,train,0,BENIGN
P_00530,LEFT,CC,calcification,MALIGNANT,Calc-Training_P_00530_LEFT_CC/1.3.6.1.4.1.9590.100.1.2.222841136011917921026504254870343346490/1.3.6.1.4.1.9590.100.1.2.216358408611851659116908468871187654992/000000.dcm,calc,train,1,MALIGNANT
P_00530,LEFT,MLO,calcification,MALIGNANT,Calc-Training_P_00530_LEFT_MLO/1.3.6.1.4.1.9590.100.1.2.191813816210228025627932793863878768403/1.3.6.1.4.1.9590.100.1.2.144425327810769880435021910300097657923/000000.dcm,calc,train,1,MALIGNANT
P_00531,RIGHT,CC,calcification,BENIGN,Calc-Training_P_00531_RIGHT_CC/1.3.6.1.4.1.9590.100.1.2.241071361911045112227616613423366791043/1.3.6.1.4.1.9590.100.1.2.215754230710222977720131086493548895436/000000.dcm,calc,train,0,BENIGN
P_00531,RIGHT,MLO,calcification,BENIGN,Calc-Training_P_00531_RIGHT_MLO/1.3.6.1.4.1.9590.100.1.2.160382256111331905925705010251619355209/1.3.6.1.4.1.9590.100.1.2.131944225311418292623958683321478185711/000000.dcm,calc,train,0,BENIGN
P_00534,RIGHT,CC,calcification,MALIGNANT,Calc-Training_P_00534_RIGHT_CC/1.3.6.1.4.1.9590.100.1.2.379644301511500483408428061850488116527/1.3.6.1.4.1.9590.100.1.2.283853566213589976305935540712655459479/000000.dcm,calc,train,1,MALIGNANT
P_00534,RIGHT,MLO,calcification,MALIGNANT,Calc-Training_P_00534_RIGHT_MLO/1.3.6.1.4.1.9590.100.1.2.111092736012918603235596778672023687903/1.3.6.1.4.1.9590.100.1.2.360004546313834344701760761682530188791/000000.dcm,calc,train,1,MALIGNANT
P_00538,RIGHT,CC,calcification,BENIGN_WITHOUT_CALLBACK,Calc-Training_P_00538_RIGHT_CC/1.3.6.1.4.1.9590.100.1.2.288641578412115422515346830684138430700/1.3.6.1.4.1.9590.100.1.2.174913691313229515121064457263275344535/000000.dcm,calc,train,0,BENIGN
P_00538,RIGHT,CC,calcification,BENIGN_WITHOUT_CALLBACK,Calc-Training_P_00538_RIGHT_CC/1.3.6.1.4.1.9590.100.1.2.288641578412115422515346830684138430700/1.3.6.1.4.1.9590.100.1.2.174913691313229515121064457263275344535/000000.dcm,calc,train,0,BENIGN
P_00538,RIGHT,MLO,calcification,BENIGN_WITHOUT_CALLBACK,Calc-Training_P_00538_RIGHT_MLO/1.3.6.1.4.1.9590.100.1.2.305475913212914616223215126270992726887/1.3.6.1.4.1.9590.100.1.2.374456071011395261732671102923665581412/000000.dcm,calc,train,0,BENIGN
P_00538,RIGHT,MLO,calcification,BENIGN_WITHOUT_CALLBACK,Calc-Training_P_00538_RIGHT_MLO/1.3.6.1.4.1.9590.100.1.2.305475913212914616223215126270992726887/1.3.6.1.4.1.9590.100.1.2.374456071011395261732671102923665581412/000000.dcm,calc,train,0,BENIGN
P_00539,RIGHT,CC,calcification,MALIGNANT,Calc-Training_P_00539_RIGHT_CC/1.3.6.1.4.1.9590.100.1.2.67037509913271775014343029030378766029/1.3.6.1.4.1.9590.100.1.2.105054672110657246128914861211548061175/000000.dcm,calc,train,1,MALIGNANT
P_00539,RIGHT,CC,calcification,MALIGNANT,Calc-Training_P_00539_RIGHT_CC/1.3.6.1.4.1.9590.100.1.2.67037509913271775014343029030378766029/1.3.6.1.4.1.9590.100.1.2.105054672110657246128914861211548061175/000000.dcm,calc,train,1,MALIGNANT
P_00539,RIGHT,CC,calcification,MALIGNANT,Calc-Training_P_00539_RIGHT_CC/1.3.6.1.4.1.9590.100.1.2.67037509913271775014343029030378766029/1.3.6.1.4.1.9590.100.1.2.105054672110657246128914861211548061175/000000.dcm,calc,train,1,MALIGNANT
P_00539,RIGHT,MLO,calcification,MALIGNANT,Calc-Training_P_00539_RIGHT_MLO/1.3.6.1.4.1.9590.100.1.2.166931122911456605424645792320616925399/1.3.6.1.4.1.9590.100.1.2.110436357312050857604164123330322578601/000000.dcm,calc,train,1,MALIGNANT
P_00539,RIGHT,MLO,calcification,MALIGNANT,Calc-Training_P_00539_RIGHT_MLO/1.3.6.1.4.1.9590.100.1.2.166931122911456605424645792320616925399/1.3.6.1.4.1.9590.100.1.2.110436357312050857604164123330322578601/000000.dcm,calc,train,1,MALIGNANT
P_00539,RIGHT,MLO,calcification,MALIGNANT,Calc-Training_P_00539_RIGHT_MLO/1.3.6.1.4.1.9590.100.1.2.166931122911456605424645792320616925399/1.3.6.1.4.1.9590.100.1.2.110436357312050857604164123330322578601/000000.dcm,calc,train,1,MALIGNANT
P_00546,RIGHT,MLO,calcification,MALIGNANT,Calc-Training_P_00546_RIGHT_MLO/1.3.6.1.4.1.9590.100.1.2.339331608511361763903700207490576500971/1.3.6.1.4.1.9590.100.1.2.184573349310173182035785442970685892641/000000.dcm,calc,train,1,MALIGNANT
P_00548,LEFT,CC,calcification,BENIGN,Calc-Training_P_00548_LEFT_CC/1.3.6.1.4.1.9590.100.1.2.422707069013465594510696416390574542744/1.3.6.1.4.1.9590.100.1.2.70417941813110709400911451302810714988/000000.dcm,calc,train,0,BENIGN
P_00548,LEFT,CC,calcification,BENIGN,Calc-Training_P_00548_LEFT_CC/1.3.6.1.4.1.9590.100.1.2.422707069013465594510696416390574542744/1.3.6.1.4.1.9590.100.1.2.70417941813110709400911451302810714988/000000.dcm,calc,train,0,BENIGN
P_00548,LEFT,CC,calcification,BENIGN,Calc-Training_P_00548_LEFT_CC/1.3.6.1.4.1.9590.100.1.2.422707069013465594510696416390574542744/1.3.6.1.4.1.9590.100.1.2.70417941813110709400911451302810714988/000000.dcm,calc,train,0,BENIGN
P_00548,LEFT,MLO,calcification,BENIGN,Calc-Training_P_00548_LEFT_MLO/1.3.6.1.4.1.9590.100.1.2.169587322211821609606353010483369704618/1.3.6.1.4.1.9590.100.1.2.42961349312417456019362994041740808084/000000.dcm,calc,train,0,BENIGN
P_00548,LEFT,MLO,calcification,BENIGN,Calc-Training_P_00548_LEFT_MLO/1.3.6.1.4.1.9590.100.1.2.169587322211821609606353010483369704618/1.3.6.1.4.1.9590.100.1.2.42961349312417456019362994041740808084/000000.dcm,calc,train,0,BENIGN
P_00548,LEFT,MLO,calcification,BENIGN,Calc-Training_P_00548_LEFT_MLO/1.3.6.1.4.1.9590.100.1.2.169587322211821609606353010483369704618/1.3.6.1.4.1.9590.100.1.2.42961349312417456019362994041740808084/000000.dcm,calc,train,0,BENIGN
P_00551,RIGHT,CC,calcification,MALIGNANT,Calc-Training_P_00551_RIGHT_CC/1.3.6.1.4.1.9590.100.1.2.114550986712339780620077856123576083791/1.3.6.1.4.1.9590.100.1.2.78274004811315491426673898410519431274/000000.dcm,calc,train,1,MALIGNANT
P_00551,RIGHT,MLO,calcification,MALIGNANT,Calc-Training_P_00551_RIGHT_MLO/1.3.6.1.4.1.9590.100.1.2.126813716213812134939786034092810162745/1.3.6.1.4.1.9590.100.1.2.391020312612250597600069065313999410165/000000.dcm,calc,train,1,MALIGNANT
P_00552,RIGHT,MLO,calcification,MALIGNANT,Calc-Training_P_00552_RIGHT_MLO/1.3.6.1.4.1.9590.100.1.2.295369799011127042814420279061937389992/1.3.6.1.4.1.9590.100.1.2.341440619611432880625445822752148782566/000000.dcm,calc,train,1,MALIGNANT
P_00555,RIGHT,CC,calcification,BENIGN_WITHOUT_CALLBACK,Calc-Training_P_00555_RIGHT_CC/1.3.6.1.4.1.9590.100.1.2.362025939711859195117884041171923025651/1.3.6.1.4.1.9590.100.1.2.86649005613422706525272086031838475876/000000.dcm,calc,train,0,BENIGN
P_00555,RIGHT,CC,calcification,BENIGN_WITHOUT_CALLBACK,Calc-Training_P_00555_RIGHT_CC/1.3.6.1.4.1.9590.100.1.2.362025939711859195117884041171923025651/1.3.6.1.4.1.9590.100.1.2.86649005613422706525272086031838475876/000000.dcm,calc,train,0,BENIGN
P_00555,RIGHT,MLO,calcification,BENIGN_WITHOUT_CALLBACK,Calc-Training_P_00555_RIGHT_MLO/1.3.6.1.4.1.9590.100.1.2.202973844811164041205943189922291220702/1.3.6.1.4.1.9590.100.1.2.198324517011736867031638401562725204437/000000.dcm,calc,train,0,BENIGN
P_00555,RIGHT,MLO,calcification,BENIGN_WITHOUT_CALLBACK,Calc-Training_P_00555_RIGHT_MLO/1.3.6.1.4.1.9590.100.1.2.202973844811164041205943189922291220702/1.3.6.1.4.1.9590.100.1.2.198324517011736867031638401562725204437/000000.dcm,calc,train,0,BENIGN
P_00556,LEFT,CC,calcification,BENIGN,Calc-Training_P_00556_LEFT_CC/1.3.6.1.4.1.9590.100.1.2.87556287212737503805624703250001750016/1.3.6.1.4.1.9590.100.1.2.125671485012866981330798593330038674155/000000.dcm,calc,train,0,BENIGN
P_00556,LEFT,MLO,calcification,BENIGN,Calc-Training_P_00556_LEFT_MLO/1.3.6.1.4.1.9590.100.1.2.317265908513211225814097040762113077726/1.3.6.1.4.1.9590.100.1.2.8979410912733484110290549052983063767/000000.dcm,calc,train,0,BENIGN
P_00557,LEFT,CC,calcification,BENIGN,Calc-Training_P_00557_LEFT_CC/1.3.6.1.4.1.9590.100.1.2.419680770813314623717056247083306169470/1.3.6.1.4.1.9590.100.1.2.24055477212485128122173833272833856909/000000.dcm,calc,train,0,BENIGN
P_00557,LEFT,MLO,calcification,BENIGN,Calc-Training_P_00557_LEFT_MLO/1.3.6.1.4.1.9590.100.1.2.428730293211998795130978661444186202322/1.3.6.1.4.1.9590.100.1.2.132238638111467546513367814663989691182/000000.dcm,calc,train,0,BENIGN
P_00557,RIGHT,CC,calcification,BENIGN_WITHOUT_CALLBACK,Calc-Training_P_00557_RIGHT_CC/1.3.6.1.4.1.9590.100.1.2.16955712212616060407320106770626456297/1.3.6.1.4.1.9590.100.1.2.78048685311272436319576318981483918409/000000.dcm,calc,train,0,BENIGN
P_00557,RIGHT,CC,calcification,BENIGN_WITHOUT_CALLBACK,Calc-Training_P_00557_RIGHT_CC/1.3.6.1.4.1.9590.100.1.2.16955712212616060407320106770626456297/1.3.6.1.4.1.9590.100.1.2.78048685311272436319576318981483918409/000000.dcm,calc,train,0,BENIGN
P_00557,RIGHT,CC,calcification,BENIGN_WITHOUT_CALLBACK,Calc-Training_P_00557_RIGHT_CC/1.3.6.1.4.1.9590.100.1.2.16955712212616060407320106770626456297/1.3.6.1.4.1.9590.100.1.2.78048685311272436319576318981483918409/000000.dcm,calc,train,0,BENIGN
P_00557,RIGHT,CC,calcification,BENIGN_WITHOUT_CALLBACK,Calc-Training_P_00557_RIGHT_CC/1.3.6.1.4.1.9590.100.1.2.16955712212616060407320106770626456297/1.3.6.1.4.1.9590.100.1.2.78048685311272436319576318981483918409/000000.dcm,calc,train,0,BENIGN
P_00557,RIGHT,MLO,calcification,BENIGN_WITHOUT_CALLBACK,Calc-Training_P_00557_RIGHT_MLO/1.3.6.1.4.1.9590.100.1.2.131211974012235286735176825800734441060/1.3.6.1.4.1.9590.100.1.2.224877258710451348314254170892282743240/000000.dcm,calc,train,0,BENIGN
P_00557,RIGHT,MLO,calcification,BENIGN_WITHOUT_CALLBACK,Calc-Training_P_00557_RIGHT_MLO/1.3.6.1.4.1.9590.100.1.2.131211974012235286735176825800734441060/1.3.6.1.4.1.9590.100.1.2.224877258710451348314254170892282743240/000000.dcm,calc,train,0,BENIGN
P_00557,RIGHT,MLO,calcification,BENIGN_WITHOUT_CALLBACK,Calc-Training_P_00557_RIGHT_MLO/1.3.6.1.4.1.9590.100.1.2.131211974012235286735176825800734441060/1.3.6.1.4.1.9590.100.1.2.224877258710451348314254170892282743240/000000.dcm,calc,train,0,BENIGN
P_00558,RIGHT,CC,calcification,BENIGN,Calc-Training_P_00558_RIGHT_CC/1.3.6.1.4.1.9590.100.1.2.380249115012003748302005021761160458175/1.3.6.1.4.1.9590.100.1.2.285242368911261497913489826753922360212/000000.dcm,calc,train,0,BENIGN
P_00558,RIGHT,MLO,calcification,BENIGN,Calc-Training_P_00558_RIGHT_MLO/1.3.6.1.4.1.9590.100.1.2.227517983012196002127443820982132753323/1.3.6.1.4.1.9590.100.1.2.38278183812652386942414834463217762151/000000.dcm,calc,train,0,BENIGN
P_00558,RIGHT,MLO,calcification,BENIGN,Calc-Training_P_00558_RIGHT_MLO/1.3.6.1.4.1.9590.100.1.2.227517983012196002127443820982132753323/1.3.6.1.4.1.9590.100.1.2.38278183812652386942414834463217762151/000000.dcm,calc,train,0,BENIGN
P_00559,RIGHT,CC,calcification,MALIGNANT,Calc-Training_P_00559_RIGHT_CC/1.3.6.1.4.1.9590.100.1.2.66079885312841463325055090450811869721/1.3.6.1.4.1.9590.100.1.2.14998549112884156501456598090861448172/000000.dcm,calc,train,1,MALIGNANT
P_00559,RIGHT,CC,calcification,MALIGNANT,Calc-Training_P_00559_RIGHT_CC/1.3.6.1.4.1.9590.100.1.2.66079885312841463325055090450811869721/1.3.6.1.4.1.9590.100.1.2.14998549112884156501456598090861448172/000000.dcm,calc,train,1,MALIGNANT
P_00559,RIGHT,MLO,calcification,MALIGNANT,Calc-Training_P_00559_RIGHT_MLO/1.3.6.1.4.1.9590.100.1.2.143622328111970296614871807151842761524/1.3.6.1.4.1.9590.100.1.2.418833601910824977825236822393667242976/000000.dcm,calc,train,1,MALIGNANT
P_00559,RIGHT,MLO,calcification,MALIGNANT,Calc-Training_P_00559_RIGHT_MLO/1.3.6.1.4.1.9590.100.1.2.143622328111970296614871807151842761524/1.3.6.1.4.1.9590.100.1.2.418833601910824977825236822393667242976/000000.dcm,calc,train,1,MALIGNANT
P_00563,RIGHT,MLO,calcification,MALIGNANT,Calc-Training_P_00563_RIGHT_MLO/1.3.6.1.4.1.9590.100.1.2.146711118811605837604561709101725903078/1.3.6.1.4.1.9590.100.1.2.344868083610942296642180256610075313016/000000.dcm,calc,train,1,MALIGNANT
P_00571,RIGHT,CC,calcification,BENIGN,Calc-Training_P_00571_RIGHT_CC/1.3.6.1.4.1.9590.100.1.2.95476831213195421501621077951105019903/1.3.6.1.4.1.9590.100.1.2.4833585813196408321700506954233500710/000000.dcm,calc,train,0,BENIGN
P_00571,RIGHT,MLO,calcification,BENIGN,Calc-Training_P_00571_RIGHT_MLO/1.3.6.1.4.1.9590.100.1.2.425000740512687385421577440471817981937/1.3.6.1.4.1.9590.100.1.2.150542436411117663630369511712552200794/000000.dcm,calc,train,0,BENIGN
P_00573,RIGHT,CC,calcification,MALIGNANT,Calc-Training_P_00573_RIGHT_CC/1.3.6.1.4.1.9590.100.1.2.408868347312343930841811004551474170279/1.3.6.1.4.1.9590.100.1.2.250492396613859958927013497750574502584/000000.dcm,calc,train,1,MALIGNANT
P_00573,RIGHT,MLO,calcification,MALIGNANT,Calc-Training_P_00573_RIGHT_MLO/1.3.6.1.4.1.9590.100.1.2.106177834710369369925663146411141987528/1.3.6.1.4.1.9590.100.1.2.175321711711106016412256756742248345614/000000.dcm,calc,train,1,MALIGNANT
P_00574,RIGHT,CC,calcification,MALIGNANT,Calc-Training_P_00574_RIGHT_CC/1.3.6.1.4.1.9590.100.1.2.45573622511518168325956816784039257886/1.3.6.1.4.1.9590.100.1.2.180254988911937634628006724250983834466/000000.dcm,calc,train,1,MALIGNANT
P_00574,RIGHT,MLO,calcification,MALIGNANT,Calc-Training_P_00574_RIGHT_MLO/1.3.6.1.4.1.9590.100.1.2.56295498112189386628765779572437251692/1.3.6.1.4.1.9590.100.1.2.147648256713903255511780361291074950528/000000.dcm,calc,train,1,MALIGNANT
P_00578,LEFT,CC,calcification,BENIGN,Calc-Training_P_00578_LEFT_CC/1.3.6.1.4.1.9590.100.1.2.35818889711393446338061769434174442652/1.3.6.1.4.1.9590.100.1.2.136404289112882155719704600870664333266/000000.dcm,calc,train,0,BENIGN
P_00578,LEFT,MLO,calcification,BENIGN,Calc-Training_P_00578_LEFT_MLO/1.3.6.1.4.1.9590.100.1.2.69277067711599111642143722321135043848/1.3.6.1.4.1.9590.100.1.2.82619103411637960739561942092555295366/000000.dcm,calc,train,0,BENIGN
P_00582,RIGHT,MLO,calcification,MALIGNANT,Calc-Training_P_00582_RIGHT_MLO/1.3.6.1.4.1.9590.100.1.2.427873261112977826025748865904072497901/1.3.6.1.4.1.9590.100.1.2.144715624912414211510361880471709243281/000000.dcm,calc,train,1,MALIGNANT
P_00583,LEFT,CC,calcification,BENIGN,Calc-Training_P_00583_LEFT_CC/1.3.6.1.4.1.9590.100.1.2.385367381511754095508508752990721786293/1.3.6.1.4.1.9590.100.1.2.363714531813627580537249407132765306153/000000.dcm,calc,train,0,BENIGN
P_00583,LEFT,MLO,calcification,BENIGN,Calc-Training_P_00583_LEFT_MLO/1.3.6.1.4.1.9590.100.1.2.85735342612915468835072674602047852879/1.3.6.1.4.1.9590.100.1.2.84510473411116025037570743252837744000/000000.dcm,calc,train,0,BENIGN
P_00584,LEFT,CC,calcification,MALIGNANT,Calc-Training_P_00584_LEFT_CC/1.3.6.1.4.1.9590.100.1.2.192202588312891456332388174080621657944/1.3.6.1.4.1.9590.100.1.2.65801060512858434130391295214291448349/000000.dcm,calc,train,1,MALIGNANT
P_00585,LEFT,CC,calcification,BENIGN,Calc-Training_P_00585_LEFT_CC/1.3.6.1.4.1.9590.100.1.2.56617130511517943300223090263956237808/1.3.6.1.4.1.9590.100.1.2.410491638011831010807674243851874032492/000000.dcm,calc,train,0,BENIGN
P_00585,LEFT,MLO,calcification,BENIGN,Calc-Training_P_00585_LEFT_MLO/1.3.6.1.4.1.9590.100.1.2.233785239911131867910378922580543909488/1.3.6.1.4.1.9590.100.1.2.59039421611329068341085544211790493966/000000.dcm,calc,train,0,BENIGN
P_00591,RIGHT,CC,calcification,MALIGNANT,Calc-Training_P_00591_RIGHT_CC/1.3.6.1.4.1.9590.100.1.2.316481700110877350903159970594197284410/1.3.6.1.4.1.9590.100.1.2.361006687412978352026930392572898355185/000000.dcm,calc,train,1,MALIGNANT
P_00591,RIGHT,CC,calcification,MALIGNANT,Calc-Training_P_00591_RIGHT_CC/1.3.6.1.4.1.9590.100.1.2.316481700110877350903159970594197284410/1.3.6.1.4.1.9590.100.1.2.361006687412978352026930392572898355185/000000.dcm,calc,train,1,MALIGNANT
P_00591,RIGHT,MLO,calcification,MALIGNANT,Calc-Training_P_00591_RIGHT_MLO/1.3.6.1.4.1.9590.100.1.2.20115843213448117005871171911677345998/1.3.6.1.4.1.9590.100.1.2.208380928012691165826916880702634751538/000000.dcm,calc,train,1,MALIGNANT
P_00591,RIGHT,MLO,calcification,MALIGNANT,Calc-Training_P_00591_RIGHT_MLO/1.3.6.1.4.1.9590.100.1.2.20115843213448117005871171911677345998/1.3.6.1.4.1.9590.100.1.2.208380928012691165826916880702634751538/000000.dcm,calc,train,1,MALIGNANT
P_00593,RIGHT,CC,calcification,BENIGN,Calc-Training_P_00593_RIGHT_CC/1.3.6.1.4.1.9590.100.1.2.356933477710945290614379311674063146384/1.3.6.1.4.1.9590.100.1.2.349603950812284487101374604031767480837/000000.dcm,calc,train,0,BENIGN
P_00593,RIGHT,MLO,calcification,BENIGN,Calc-Training_P_00593_RIGHT_MLO/1.3.6.1.4.1.9590.100.1.2.126345268410465341827201255962586987903/1.3.6.1.4.1.9590.100.1.2.138913343911268957230860036210612192531/000000.dcm,calc,train,0,BENIGN
P_00594,LEFT,CC,calcification,MALIGNANT,Calc-Training_P_00594_LEFT_CC/1.3.6.1.4.1.9590.100.1.2.418956704512066628110532929803719298107/1.3.6.1.4.1.9590.100.1.2.137498844212136537302271571211896552089/000000.dcm,calc,train,1,MALIGNANT
P_00594,LEFT,MLO,calcification,MALIGNANT,Calc-Training_P_00594_LEFT_MLO/1.3.6.1.4.1.9590.100.1.2.326104059612896858415637057301252991541/1.3.6.1.4.1.9590.100.1.2.243807784913654429403174007090932111350/000000.dcm,calc,train,1,MALIGNANT
P_00595,LEFT,CC,calcification,MALIGNANT,Calc-Training_P_00595_LEFT_CC/1.3.6.1.4.1.9590.100.1.2.120219825911679409106061068130038872488/1.3.6.1.4.1.9590.100.1.2.221372230911819659141176846141318931830/000000.dcm,calc,train,1,MALIGNANT
P_00595,LEFT,MLO,calcification,MALIGNANT,Calc-Training_P_00595_LEFT_MLO/1.3.6.1.4.1.9590.100.1.2.203376533913438737715063592054240627841/1.3.6.1.4.1.9590.100.1.2.112718850112840659603647143690815628530/000000.dcm,calc,train,1,MALIGNANT
P_00597,LEFT,CC,calcification,BENIGN,Calc-Training_P_00597_LEFT_CC/1.3.6.1.4.1.9590.100.1.2.279854667611312897118845705200609336865/1.3.6.1.4.1.9590.100.1.2.282352693311213476433671021062261222228/000000.dcm,calc,train,0,BENIGN
P_00597,LEFT,MLO,calcification,BENIGN,Calc-Training_P_00597_LEFT_MLO/1.3.6.1.4.1.9590.100.1.2.162196789012785294332032026943808858187/1.3.6.1.4.1.9590.100.1.2.250265290212548617535582849880623303137/000000.dcm,calc,train,0,BENIGN
P_00600,LEFT,CC,calcification,BENIGN,Calc-Training_P_00600_LEFT_CC/1.3.6.1.4.1.9590.100.1.2.383702190812168898800231484212073732031/1.3.6.1.4.1.9590.100.1.2.280348377611372875333691322134287710942/000000.dcm,calc,train,0,BENIGN
P_00600,LEFT,CC,calcification,MALIGNANT,Calc-Training_P_00600_LEFT_CC/1.3.6.1.4.1.9590.100.1.2.383702190812168898800231484212073732031/1.3.6.1.4.1.9590.100.1.2.280348377611372875333691322134287710942/000000.dcm,calc,train,1,MALIGNANT
P_00600,LEFT,MLO,calcification,BENIGN,Calc-Training_P_00600_LEFT_MLO/1.3.6.1.4.1.9590.100.1.2.55984411912225112529955805610487746197/1.3.6.1.4.1.9590.100.1.2.167790440711097422303201772811556148153/000000.dcm,calc,train,0,BENIGN
P_00600,LEFT,MLO,calcification,MALIGNANT,Calc-Training_P_00600_LEFT_MLO/1.3.6.1.4.1.9590.100.1.2.55984411912225112529955805610487746197/1.3.6.1.4.1.9590.100.1.2.167790440711097422303201772811556148153/000000.dcm,calc,train,1,MALIGNANT
P_00601,LEFT,CC,calcification,MALIGNANT,Calc-Training_P_00601_LEFT_CC/1.3.6.1.4.1.9590.100.1.2.422351483712028694540938735500470456962/1.3.6.1.4.1.9590.100.1.2.400642445411116614439550714051604352212/000000.dcm,calc,train,1,MALIGNANT
P_00601,LEFT,MLO,calcification,MALIGNANT,Calc-Training_P_00601_LEFT_MLO/1.3.6.1.4.1.9590.100.1.2.64439623811585183941146753541825600990/1.3.6.1.4.1.9590.100.1.2.12630877313391678910443004593346491660/000000.dcm,calc,train,1,MALIGNANT
P_00606,LEFT,CC,calcification,MALIGNANT,Calc-Training_P_00606_LEFT_CC/1.3.6.1.4.1.9590.100.1.2.225681806612206013708506878972480260566/1.3.6.1.4.1.9590.100.1.2.195600142513700990826289934511961400336/000000.dcm,calc,train,1,MALIGNANT
P_00606,LEFT,MLO,calcification,MALIGNANT,Calc-Training_P_00606_LEFT_MLO/1.3.6.1.4.1.9590.100.1.2.129107760512408150232724122963824295986/1.3.6.1.4.1.9590.100.1.2.44610506113705515816034937701715858252/000000.dcm,calc,train,1,MALIGNANT
P_00609,RIGHT,CC,calcification,MALIGNANT,Calc-Training_P_00609_RIGHT_CC/1.3.6.1.4.1.9590.100.1.2.114557629011581738433147488572616562499/1.3.6.1.4.1.9590.100.1.2.304350069310077746013094882792697291897/000000.dcm,calc,train,1,MALIGNANT
P_00609,RIGHT,MLO,calcification,MALIGNANT,Calc-Training_P_00609_RIGHT_MLO/1.3.6.1.4.1.9590.100.1.2.138413761311834385803681371474276666093/1.3.6.1.4.1.9590.100.1.2.253134780211106859021804176952312772866/000000.dcm,calc,train,1,MALIGNANT
P_00613,RIGHT,CC,calcification,BENIGN_WITHOUT_CALLBACK,Calc-Training_P_00613_RIGHT_CC/1.3.6.1.4.1.9590.100.1.2.195999644411895759622964161692949631482/1.3.6.1.4.1.9590.100.1.2.146166607513235544818766363230460129898/000000.dcm,calc,train,0,BENIGN
P_00613,RIGHT,MLO,calcification,BENIGN_WITHOUT_CALLBACK,Calc-Training_P_00613_RIGHT_MLO/1.3.6.1.4.1.9590.100.1.2.373327070013768306740521397082275116158/1.3.6.1.4.1.9590.100.1.2.346030676011038445931900717151300097831/000000.dcm,calc,train,0,BENIGN
P_00621,LEFT,CC,calcification,BENIGN,Calc-Training_P_00621_LEFT_CC/1.3.6.1.4.1.9590.100.1.2.401999094712693914232130359101493250961/1.3.6.1.4.1.9590.100.1.2.277995323110620578302169391360050541146/000000.dcm,calc,train,0,BENIGN
P_00621,LEFT,MLO,calcification,BENIGN,Calc-Training_P_00621_LEFT_MLO/1.3.6.1.4.1.9590.100.1.2.416586608713140417526033545101704039675/1.3.6.1.4.1.9590.100.1.2.187342081210540130009911822423105065839/000000.dcm,calc,train,0,BENIGN
P_00624,LEFT,CC,calcification,BENIGN,Calc-Training_P_00624_LEFT_CC/1.3.6.1.4.1.9590.100.1.2.183930460312622022215448992171088063954/1.3.6.1.4.1.9590.100.1.2.335585735612239977709463082483680856904/000000.dcm,calc,train,0,BENIGN
P_00624,LEFT,MLO,calcification,BENIGN,Calc-Training_P_00624_LEFT_MLO/1.3.6.1.4.1.9590.100.1.2.269255822111982836000227829100060920516/1.3.6.1.4.1.9590.100.1.2.39090635111370998129899265812242970816/000000.dcm,calc,train,0,BENIGN
P_00624,RIGHT,CC,calcification,BENIGN,Calc-Training_P_00624_RIGHT_CC/1.3.6.1.4.1.9590.100.1.2.169865155012500196406659163351222825171/1.3.6.1.4.1.9590.100.1.2.414627487713882789411419288903988129289/000000.dcm,calc,train,0,BENIGN
P_00624,RIGHT,MLO,calcification,BENIGN,Calc-Training_P_00624_RIGHT_MLO/1.3.6.1.4.1.9590.100.1.2.115059461912775780718958570721545732745/1.3.6.1.4.1.9590.100.1.2.358994912111434595215730602840993726096/000000.dcm,calc,train,0,BENIGN
P_00625,RIGHT,MLO,calcification,BENIGN,Calc-Training_P_00625_RIGHT_MLO/1.3.6.1.4.1.9590.100.1.2.389404293113999863716678240333470788663/1.3.6.1.4.1.9590.100.1.2.171312351910096169712954602782918534336/000000.dcm,calc,train,0,BENIGN
P_00627,LEFT,CC,calcification,BENIGN,Calc-Training_P_00627_LEFT_CC/1.3.6.1.4.1.9590.100.1.2.28918552210364528619177130301757246829/1.3.6.1.4.1.9590.100.1.2.264545832313885320939611754870900370313/000000.dcm,calc,train,0,BENIGN
P_00631,RIGHT,CC,calcification,MALIGNANT,Calc-Training_P_00631_RIGHT_CC/1.3.6.1.4.1.9590.100.1.2.194819035712803851111916722492884016356/1.3.6.1.4.1.9590.100.1.2.15410982912237943700176313943098451068/000000.dcm,calc,train,1,MALIGNANT
P_00631,RIGHT,MLO,calcification,MALIGNANT,Calc-Training_P_00631_RIGHT_MLO/1.3.6.1.4.1.9590.100.1.2.388943687511925860235156822054045402944/1.3.6.1.4.1.9590.100.1.2.16624867211939056427290466962995925271/000000.dcm,calc,train,1,MALIGNANT
P_00633,RIGHT,MLO,calcification,BENIGN,Calc-Training_P_00633_RIGHT_MLO/1.3.6.1.4.1.9590.100.1.2.284245504111291881331860420473459899885/1.3.6.1.4.1.9590.100.1.2.18580370711032352804551095373912527335/000000.dcm,calc,train,0,BENIGN
P_00635,LEFT,CC,calcification,BENIGN_WITHOUT_CALLBACK,Calc-Training_P_00635_LEFT_CC/1.3.6.1.4.1.9590.100.1.2.318431498913735342510815159582894232355/1.3.6.1.4.1.9590.100.1.2.204573450611241194040322746133485268432/000000.dcm,calc,train,0,BENIGN
P_00635,LEFT,MLO,calcification,BENIGN_WITHOUT_CALLBACK,Calc-Training_P_00635_LEFT_MLO/1.3.6.1.4.1.9590.100.1.2.88923419711833391003066167570533787702/1.3.6.1.4.1.9590.100.1.2.233759794812287276701056861970063664890/000000.dcm,calc,train,0,BENIGN
P_00635,RIGHT,CC,calcification,BENIGN_WITHOUT_CALLBACK,Calc-Training_P_00635_RIGHT_CC/1.3.6.1.4.1.9590.100.1.2.404181283312187284322158488840105355123/1.3.6.1.4.1.9590.100.1.2.156130354812762015540182381291615875729/000000.dcm,calc,train,0,BENIGN
P_00635,RIGHT,CC,calcification,BENIGN_WITHOUT_CALLBACK,Calc-Training_P_00635_RIGHT_CC/1.3.6.1.4.1.9590.100.1.2.404181283312187284322158488840105355123/1.3.6.1.4.1.9590.100.1.2.156130354812762015540182381291615875729/000000.dcm,calc,train,0,BENIGN
P_00635,RIGHT,MLO,calcification,BENIGN_WITHOUT_CALLBACK,Calc-Training_P_00635_RIGHT_MLO/1.3.6.1.4.1.9590.100.1.2.190030756811836797442423205612710968805/1.3.6.1.4.1.9590.100.1.2.194304008911092045416345516930617362857/000000.dcm,calc,train,0,BENIGN
P_00635,RIGHT,MLO,calcification,BENIGN_WITHOUT_CALLBACK,Calc-Training_P_00635_RIGHT_MLO/1.3.6.1.4.1.9590.100.1.2.190030756811836797442423205612710968805/1.3.6.1.4.1.9590.100.1.2.194304008911092045416345516930617362857/000000.dcm,calc,train,0,BENIGN
P_00638,LEFT,CC,calcification,MALIGNANT,Calc-Training_P_00638_LEFT_CC/1.3.6.1.4.1.9590.100.1.2.65041114311654508831191005682890967528/1.3.6.1.4.1.9590.100.1.2.399976689610685353400707083932697766703/000000.dcm,calc,train,1,MALIGNANT
P_00638,LEFT,MLO,calcification,MALIGNANT,Calc-Training_P_00638_LEFT_MLO/1.3.6.1.4.1.9590.100.1.2.203303679912112118815826594580833928685/1.3.6.1.4.1.9590.100.1.2.301934469710163335722610000954224271978/000000.dcm,calc,train,1,MALIGNANT
P_00639,RIGHT,CC,calcification,MALIGNANT,Calc-Training_P_00639_RIGHT_CC/1.3.6.1.4.1.9590.100.1.2.364447185812991111224685728382342267555/1.3.6.1.4.1.9590.100.1.2.347431510413589244929702921103055177200/000000.dcm,calc,train,1,MALIGNANT
P_00639,RIGHT,MLO,calcification,MALIGNANT,Calc-Training_P_00639_RIGHT_MLO/1.3.6.1.4.1.9590.100.1.2.146121207211260160522227119810533146359/1.3.6.1.4.1.9590.100.1.2.335243672110638501718315772481149029833/000000.dcm,calc,train,1,MALIGNANT
P_00642,LEFT,CC,calcification,BENIGN,Calc-Training_P_00642_LEFT_CC/1.3.6.1.4.1.9590.100.1.2.333922362213439911614548653373130280836/1.3.6.1.4.1.9590.100.1.2.144981096412381995621322364360475899726/000000.dcm,calc,train,0,BENIGN
P_00642,LEFT,MLO,calcification,BENIGN,Calc-Training_P_00642_LEFT_MLO/1.3.6.1.4.1.9590.100.1.2.123534161512512745416544679680548390246/1.3.6.1.4.1.9590.100.1.2.49475239112846459001560766733059381722/000000.dcm,calc,train,0,BENIGN
P_00642,RIGHT,CC,calcification,BENIGN,Calc-Training_P_00642_RIGHT_CC/1.3.6.1.4.1.9590.100.1.2.290056991513311454214306556603548837094/1.3.6.1.4.1.9590.100.1.2.230580277811505599923931547052331686940/000000.dcm,calc,train,0,BENIGN
P_00642,RIGHT,MLO,calcification,BENIGN,Calc-Training_P_00642_RIGHT_MLO/1.3.6.1.4.1.9590.100.1.2.5698741411584591202978082690579557842/1.3.6.1.4.1.9590.100.1.2.223761423112671174518287113561647981342/000000.dcm,calc,train,0,BENIGN
P_00645,RIGHT,MLO,calcification,BENIGN,Calc-Training_P_00645_RIGHT_MLO/1.3.6.1.4.1.9590.100.1.2.131136201611472190219201522512890518754/1.3.6.1.4.1.9590.100.1.2.221047268712795191821578751291060151175/000000.dcm,calc,train,0,BENIGN
P_00647,RIGHT,CC,calcification,BENIGN,Calc-Training_P_00647_RIGHT_CC/1.3.6.1.4.1.9590.100.1.2.360205840811713495235386067810241378837/1.3.6.1.4.1.9590.100.1.2.313277181310504992514522648944160739707/000000.dcm,calc,train,0,BENIGN
P_00647,RIGHT,MLO,calcification,BENIGN,Calc-Training_P_00647_RIGHT_MLO/1.3.6.1.4.1.9590.100.1.2.135039794212445003719864759183217719600/1.3.6.1.4.1.9590.100.1.2.52428942912930585702144280412558539729/000000.dcm,calc,train,0,BENIGN
P_00652,LEFT,CC,calcification,MALIGNANT,Calc-Training_P_00652_LEFT_CC/1.3.6.1.4.1.9590.100.1.2.98254843011020947026766276371179287106/1.3.6.1.4.1.9590.100.1.2.257617740013427122633260799063615303930/000000.dcm,calc,train,1,MALIGNANT
P_00652,LEFT,MLO,calcification,MALIGNANT,Calc-Training_P_00652_LEFT_MLO/1.3.6.1.4.1.9590.100.1.2.232839267410738893728035168160679424365/1.3.6.1.4.1.9590.100.1.2.318324226311179709316614621890974013766/000000.dcm,calc,train,1,MALIGNANT
P_00654,RIGHT,CC,calcification,MALIGNANT,Calc-Training_P_00654_RIGHT_CC/1.3.6.1.4.1.9590.100.1.2.226112572311584432422478499033832427821/1.3.6.1.4.1.9590.100.1.2.424544597313136360716222166254221275926/000000.dcm,calc,train,1,MALIGNANT
P_00654,RIGHT,MLO,calcification,MALIGNANT,Calc-Training_P_00654_RIGHT_MLO/1.3.6.1.4.1.9590.100.1.2.211865636512254829800915475433665253570/1.3.6.1.4.1.9590.100.1.2.351439724011802068339804371331423081695/000000.dcm,calc,train,1,MALIGNANT
P_00655,RIGHT,CC,calcification,BENIGN,Calc-Training_P_00655_RIGHT_CC/1.3.6.1.4.1.9590.100.1.2.247570265611539096431246862273165689458/1.3.6.1.4.1.9590.100.1.2.425819086412533244405678806172367208705/000000.dcm,calc,train,0,BENIGN
P_00655,RIGHT,MLO,calcification,BENIGN,Calc-Training_P_00655_RIGHT_MLO/1.3.6.1.4.1.9590.100.1.2.6490511512474593900929568074113094506/1.3.6.1.4.1.9590.100.1.2.102684698013053788023684666223051329314/000000.dcm,calc,train,0,BENIGN
P_00658,LEFT,CC,calcification,MALIGNANT,Calc-Training_P_00658_LEFT_CC/1.3.6.1.4.1.9590.100.1.2.100659287613227815139920741593398482945/1.3.6.1.4.1.9590.100.1.2.208602017712191413429103054142849001991/000000.dcm,calc,train,1,MALIGNANT
P_00658,LEFT,MLO,calcification,MALIGNANT,Calc-Training_P_00658_LEFT_MLO/1.3.6.1.4.1.9590.100.1.2.44343502612565858441940432824042231522/1.3.6.1.4.1.9590.100.1.2.388066802511189141925519289900661817504/000000.dcm,calc,train,1,MALIGNANT
P_00664,RIGHT,CC,calcification,MALIGNANT,Calc-Training_P_00664_RIGHT_CC/1.3.6.1.4.1.9590.100.1.2.100133713013396464718549700053447879147/1.3.6.1.4.1.9590.100.1.2.399499784312284108103759407760691731700/000000.dcm,calc,train,1,MALIGNANT
P_00664,RIGHT,MLO,calcification,MALIGNANT,Calc-Training_P_00664_RIGHT_MLO/1.3.6.1.4.1.9590.100.1.2.300840849312266202027202497500756876796/1.3.6.1.4.1.9590.100.1.2.396192338211659420424708169294131587597/000000.dcm,calc,train,1,MALIGNANT
P_00666,LEFT,CC,calcification,BENIGN,Calc-Training_P_00666_LEFT_CC/1.3.6.1.4.1.9590.100.1.2.180965353712224347040293605551381610290/1.3.6.1.4.1.9590.100.1.2.89643261512307137917663855950516332561/000000.dcm,calc,train,0,BENIGN
P_00666,LEFT,MLO,calcification,BENIGN,Calc-Training_P_00666_LEFT_MLO/1.3.6.1.4.1.9590.100.1.2.63746027612468436618607161760681189268/1.3.6.1.4.1.9590.100.1.2.211873988212265129334930277252763273234/000000.dcm,calc,train,0,BENIGN
P_00666,RIGHT,CC,calcification,BENIGN,Calc-Training_P_00666_RIGHT_CC/1.3.6.1.4.1.9590.100.1.2.328747838011411778228544052921259453891/1.3.6.1.4.1.9590.100.1.2.344939997012412458214649365921926363610/000000.dcm,calc,train,0,BENIGN
P_00666,RIGHT,CC,calcification,BENIGN,Calc-Training_P_00666_RIGHT_CC/1.3.6.1.4.1.9590.100.1.2.328747838011411778228544052921259453891/1.3.6.1.4.1.9590.100.1.2.344939997012412458214649365921926363610/000000.dcm,calc,train,0,BENIGN
P_00666,RIGHT,MLO,calcification,BENIGN,Calc-Training_P_00666_RIGHT_MLO/1.3.6.1.4.1.9590.100.1.2.263832259311020517305337767814044137982/1.3.6.1.4.1.9590.100.1.2.7873312912734344517113516921528817615/000000.dcm,calc,train,0,BENIGN
P_00666,RIGHT,MLO,calcification,BENIGN,Calc-Training_P_00666_RIGHT_MLO/1.3.6.1.4.1.9590.100.1.2.263832259311020517305337767814044137982/1.3.6.1.4.1.9590.100.1.2.7873312912734344517113516921528817615/000000.dcm,calc,train,0,BENIGN
P_00667,RIGHT,CC,calcification,MALIGNANT,Calc-Training_P_00667_RIGHT_CC/1.3.6.1.4.1.9590.100.1.2.100961701711172952028693003690435503903/1.3.6.1.4.1.9590.100.1.2.396902344711303322128094831763669793518/000000.dcm,calc,train,1,MALIGNANT
P_00667,RIGHT,MLO,calcification,MALIGNANT,Calc-Training_P_00667_RIGHT_MLO/1.3.6.1.4.1.9590.100.1.2.249378023413776700722722136623466683255/1.3.6.1.4.1.9590.100.1.2.117987786311051476327099516562887616730/000000.dcm,calc,train,1,MALIGNANT
P_00669,RIGHT,CC,calcification,BENIGN,Calc-Training_P_00669_RIGHT_CC/1.3.6.1.4.1.9590.100.1.2.283401343813315041628268092244146741239/1.3.6.1.4.1.9590.100.1.2.215811327512259684015646982651405467155/000000.dcm,calc,train,0,BENIGN
P_00669,RIGHT,MLO,calcification,BENIGN,Calc-Training_P_00669_RIGHT_MLO/1.3.6.1.4.1.9590.100.1.2.204083587810971562716731593550160520584/1.3.6.1.4.1.9590.100.1.2.282344457213187167038517889301091912491/000000.dcm,calc,train,0,BENIGN
P_00673,LEFT,MLO,calcification,BENIGN_WITHOUT_CALLBACK,Calc-Training_P_00673_LEFT_MLO/1.3.6.1.4.1.9590.100.1.2.193407529112037110529081475873964286186/1.3.6.1.4.1.9590.100.1.2.52320807911666041203875111821327421221/000000.dcm,calc,train,0,BENIGN
P_00673,RIGHT,MLO,calcification,BENIGN_WITHOUT_CALLBACK,Calc-Training_P_00673_RIGHT_MLO/1.3.6.1.4.1.9590.100.1.2.197833822011301855324551625571376995112/1.3.6.1.4.1.9590.100.1.2.220985198412071251205855770930886335008/000000.dcm,calc,train,0,BENIGN
P_00674,RIGHT,CC,calcification,BENIGN_WITHOUT_CALLBACK,Calc-Training_P_00674_RIGHT_CC/1.3.6.1.4.1.9590.100.1.2.67543760312547893010319564073808889326/1.3.6.1.4.1.9590.100.1.2.171328851511485270319971319644035792459/000000.dcm,calc,train,0,BENIGN
P_00674,RIGHT,MLO,calcification,BENIGN_WITHOUT_CALLBACK,Calc-Training_P_00674_RIGHT_MLO/1.3.6.1.4.1.9590.100.1.2.381618507113429840626650077642325707349/1.3.6.1.4.1.9590.100.1.2.376541726712136193539768344541908689739/000000.dcm,calc,train,0,BENIGN
P_00680,LEFT,CC,calcification,BENIGN,Calc-Training_P_00680_LEFT_CC/1.3.6.1.4.1.9590.100.1.2.198659756312789029109002820173548303089/1.3.6.1.4.1.9590.100.1.2.24713704212051221819641161122666594277/000000.dcm,calc,train,0,BENIGN
P_00680,LEFT,MLO,calcification,BENIGN,Calc-Training_P_00680_LEFT_MLO/1.3.6.1.4.1.9590.100.1.2.313160650112613168307728449341555992814/1.3.6.1.4.1.9590.100.1.2.126614060312434223100030219671187098179/000000.dcm,calc,train,0,BENIGN
P_00680,RIGHT,CC,calcification,BENIGN,Calc-Training_P_00680_RIGHT_CC/1.3.6.1.4.1.9590.100.1.2.95514431111994828542380386861560922725/1.3.6.1.4.1.9590.100.1.2.263279466310115653530610433693510410094/000000.dcm,calc,train,0,BENIGN
P_00680,RIGHT,MLO,calcification,BENIGN,Calc-Training_P_00680_RIGHT_MLO/1.3.6.1.4.1.9590.100.1.2.80458392911611213632861991973238188980/1.3.6.1.4.1.9590.100.1.2.427495247112342308018577570902195411545/000000.dcm,calc,train,0,BENIGN
P_00682,RIGHT,CC,calcification,BENIGN,Calc-Training_P_00682_RIGHT_CC/1.3.6.1.4.1.9590.100.1.2.305434824711421163240548898773962927862/1.3.6.1.4.1.9590.100.1.2.222131054112430333604219073731911992044/000000.dcm,calc,train,0,BENIGN
P_00682,RIGHT,MLO,calcification,BENIGN,Calc-Training_P_00682_RIGHT_MLO/1.3.6.1.4.1.9590.100.1.2.306659460411321336710974609190682167591/1.3.6.1.4.1.9590.100.1.2.316779161711913906035012097793389732040/000000.dcm,calc,train,0,BENIGN
P_00683,RIGHT,CC,calcification,MALIGNANT,Calc-Training_P_00683_RIGHT_CC/1.3.6.1.4.1.9590.100.1.2.119863612256271721102355450406683352/1.3.6.1.4.1.9590.100.1.2.351244279913984255827966680391613931737/000000.dcm,calc,train,1,MALIGNANT
P_00683,RIGHT,MLO,calcification,MALIGNANT,Calc-Training_P_00683_RIGHT_MLO/1.3.6.1.4.1.9590.100.1.2.188026027911724384641800531341481132061/1.3.6.1.4.1.9590.100.1.2.129575250012593782010605863692289437698/000000.dcm,calc,train,1,MALIGNANT
P_00684,RIGHT,CC,calcification,MALIGNANT,Calc-Training_P_00684_RIGHT_CC/1.3.6.1.4.1.9590.100.1.2.116537899011449235718220497082181617668/1.3.6.1.4.1.9590.100.1.2.278201775012707063204921706602735625737/000000.dcm,calc,train,1,MALIGNANT
P_00684,RIGHT,MLO,calcification,MALIGNANT,Calc-Training_P_00684_RIGHT_MLO/1.3.6.1.4.1.9590.100.1.2.199041201510376707224574844772555005245/1.3.6.1.4.1.9590.100.1.2.314782847210876695204183717623308678452/000000.dcm,calc,train,1,MALIGNANT
P_00685,RIGHT,CC,calcification,MALIGNANT,Calc-Training_P_00685_RIGHT_CC/1.3.6.1.4.1.9590.100.1.2.137434121012998881531726814062714646092/1.3.6.1.4.1.9590.100.1.2.100579676611077714807988832023693299884/000000.dcm,calc,train,1,MALIGNANT
P_00685,RIGHT,MLO,calcification,MALIGNANT,Calc-Training_P_00685_RIGHT_MLO/1.3.6.1.4.1.9590.100.1.2.211077907711143053216250820264227689342/1.3.6.1.4.1.9590.100.1.2.314856149211235095106832447312094568605/000000.dcm,calc,train,1,MALIGNANT
P_00693,LEFT,CC,calcification,MALIGNANT,Calc-Training_P_00693_LEFT_CC/1.3.6.1.4.1.9590.100.1.2.228729114512930337503170853172388171811/1.3.6.1.4.1.9590.100.1.2.219046490613513690003535256343931625321/000000.dcm,calc,train,1,MALIGNANT
P_00693,LEFT,MLO,calcification,MALIGNANT,Calc-Training_P_00693_LEFT_MLO/1.3.6.1.4.1.9590.100.1.2.81304460811153688441599377101053510957/1.3.6.1.4.1.9590.100.1.2.200294981412645564216940885832564744073/000000.dcm,calc,train,1,MALIGNANT
P_00701,LEFT,CC,calcification,BENIGN,Calc-Training_P_00701_LEFT_CC/1.3.6.1.4.1.9590.100.1.2.120125315212789409824452983263008586207/1.3.6.1.4.1.9590.100.1.2.173453796513412264508482116022676749370/000000.dcm,calc,train,0,BENIGN
P_00701,LEFT,MLO,calcification,BENIGN,Calc-Training_P_00701_LEFT_MLO/1.3.6.1.4.1.9590.100.1.2.174260918810140607500100143832766006271/1.3.6.1.4.1.9590.100.1.2.316057893811697282100637687620153335655/000000.dcm,calc,train,0,BENIGN
P_00704,LEFT,CC,calcification,BENIGN,Calc-Training_P_00704_LEFT_CC/1.3.6.1.4.1.9590.100.1.2.23271448212541226737927832462166836226/1.3.6.1.4.1.9590.100.1.2.363252023811767702522234121163735032590/000000.dcm,calc,train,0,BENIGN
P_00704,LEFT,MLO,calcification,BENIGN,Calc-Training_P_00704_LEFT_MLO/1.3.6.1.4.1.9590.100.1.2.33534264413186842533900230754076063209/1.3.6.1.4.1.9590.100.1.2.363286975013979572438650505430293526561/000000.dcm,calc,train,0,BENIGN
P_00705,LEFT,CC,calcification,BENIGN_WITHOUT_CALLBACK,Calc-Training_P_00705_LEFT_CC/1.3.6.1.4.1.9590.100.1.2.122789212613013976920611665130299496281/1.3.6.1.4.1.9590.100.1.2.54526777612612901326957021463708001751/000000.dcm,calc,train,0,BENIGN
P_00705,LEFT,CC,calcification,BENIGN_WITHOUT_CALLBACK,Calc-Training_P_00705_LEFT_CC/1.3.6.1.4.1.9590.100.1.2.122789212613013976920611665130299496281/1.3.6.1.4.1.9590.100.1.2.54526777612612901326957021463708001751/000000.dcm,calc,train,0,BENIGN
P_00705,LEFT,MLO,calcification,BENIGN_WITHOUT_CALLBACK,Calc-Training_P_00705_LEFT_MLO/1.3.6.1.4.1.9590.100.1.2.354279926413518261338892911371986919720/1.3.6.1.4.1.9590.100.1.2.152683524611189484109254424593944167659/000000.dcm,calc,train,0,BENIGN
P_00705,LEFT,MLO,calcification,BENIGN_WITHOUT_CALLBACK,Calc-Training_P_00705_LEFT_MLO/1.3.6.1.4.1.9590.100.1.2.354279926413518261338892911371986919720/1.3.6.1.4.1.9590.100.1.2.152683524611189484109254424593944167659/000000.dcm,calc,train,0,BENIGN
P_00709,RIGHT,CC,calcification,BENIGN,Calc-Training_P_00709_RIGHT_CC/1.3.6.1.4.1.9590.100.1.2.203120301010185712323836033882349124442/1.3.6.1.4.1.9590.100.1.2.193895570710537895110400139872310519678/000000.dcm,calc,train,0,BENIGN
P_00709,RIGHT,MLO,calcification,BENIGN,Calc-Training_P_00709_RIGHT_MLO/1.3.6.1.4.1.9590.100.1.2.110747156813509825002255801972785635025/1.3.6.1.4.1.9590.100.1.2.224611381711168940126294222512700585735/000000.dcm,calc,train,0,BENIGN
P_00710,RIGHT,CC,calcification,MALIGNANT,Calc-Training_P_00710_RIGHT_CC/1.3.6.1.4.1.9590.100.1.2.47364791312048050508501671812814640855/1.3.6.1.4.1.9590.100.1.2.69546412312396822513757347153727040909/000000.dcm,calc,train,1,MALIGNANT
P_00710,RIGHT,MLO,calcification,MALIGNANT,Calc-Training_P_00710_RIGHT_MLO/1.3.6.1.4.1.9590.100.1.2.62657438911593610204007906640067429883/1.3.6.1.4.1.9590.100.1.2.195944061412224606020009222722050919480/000000.dcm,calc,train,1,MALIGNANT
P_00712,RIGHT,CC,calcification,BENIGN,Calc-Training_P_00712_RIGHT_CC/1.3.6.1.4.1.9590.100.1.2.388715826213182073106813004052333437304/1.3.6.1.4.1.9590.100.1.2.245425002811615882804999886351265345245/000000.dcm,calc,train,0,BENIGN
P_00712,RIGHT,MLO,calcification,BENIGN,Calc-Training_P_00712_RIGHT_MLO/1.3.6.1.4.1.9590.100.1.2.83932485213035876404054762683477469737/1.3.6.1.4.1.9590.100.1.2.16374178013755409005531864643497894576/000000.dcm,calc,train,0,BENIGN
P_00713,LEFT,CC,calcification,BENIGN,Calc-Training_P_00713_LEFT_CC/1.3.6.1.4.1.9590.100.1.2.103127066911654401211289120112303806504/1.3.6.1.4.1.9590.100.1.2.118300872511722827002703686912140380454/000000.dcm,calc,train,0,BENIGN
P_00725,LEFT,CC,calcification,BENIGN,Calc-Training_P_00725_LEFT_CC/1.3.6.1.4.1.9590.100.1.2.348170055310447872028078882563137414719/1.3.6.1.4.1.9590.100.1.2.369173673313755617111890843104220464131/000000.dcm,calc,train,0,BENIGN
P_00725,LEFT,MLO,calcification,BENIGN,Calc-Training_P_00725_LEFT_MLO/1.3.6.1.4.1.9590.100.1.2.428341308510772514415406798492846939245/1.3.6.1.4.1.9590.100.1.2.292689102513045492636389687261380097125/000000.dcm,calc,train,0,BENIGN
P_00729,LEFT,CC,calcification,MALIGNANT,Calc-Training_P_00729_LEFT_CC/1.3.6.1.4.1.9590.100.1.2.162656169111684958508675828920295979236/1.3.6.1.4.1.9590.100.1.2.65373964713682855108356704250576625353/000000.dcm,calc,train,1,MALIGNANT
P_00729,LEFT,MLO,calcification,MALIGNANT,Calc-Training_P_00729_LEFT_MLO/1.3.6.1.4.1.9590.100.1.2.170246147512758678536810536263649918926/1.3.6.1.4.1.9590.100.1.2.125996499211682474037232201502094185566/000000.dcm,calc,train,1,MALIGNANT
P_00734,RIGHT,CC,calcification,MALIGNANT,Calc-Training_P_00734_RIGHT_CC/1.3.6.1.4.1.9590.100.1.2.281421938910247130738043480532864687454/1.3.6.1.4.1.9590.100.1.2.86749804712130137632969306993401655764/000000.dcm,calc,train,1,MALIGNANT
P_00734,RIGHT,MLO,calcification,MALIGNANT,Calc-Training_P_00734_RIGHT_MLO/1.3.6.1.4.1.9590.100.1.2.316675997412743753818534637361910643978/1.3.6.1.4.1.9590.100.1.2.82310822010927560201217420131578681441/000000.dcm,calc,train,1,MALIGNANT
P_00735,LEFT,CC,calcification,MALIGNANT,Calc-Training_P_00735_LEFT_CC/1.3.6.1.4.1.9590.100.1.2.125746499613409707525980525324108403690/1.3.6.1.4.1.9590.100.1.2.134678768811488532117539875184178764966/000000.dcm,calc,train,1,MALIGNANT
P_00735,LEFT,MLO,calcification,MALIGNANT,Calc-Training_P_00735_LEFT_MLO/1.3.6.1.4.1.9590.100.1.2.18564449612212916133976232120273800169/1.3.6.1.4.1.9590.100.1.2.80384288712730886607585127942788075993/000000.dcm,calc,train,1,MALIGNANT
P_00736,LEFT,CC,calcification,MALIGNANT,Calc-Training_P_00736_LEFT_CC/1.3.6.1.4.1.9590.100.1.2.239810338013778343040530200613182176051/1.3.6.1.4.1.9590.100.1.2.71142029611081804801282607750694055927/000000.dcm,calc,train,1,MALIGNANT
P_00736,LEFT,MLO,calcification,MALIGNANT,Calc-Training_P_00736_LEFT_MLO/1.3.6.1.4.1.9590.100.1.2.196451754012039855102612707181862424838/1.3.6.1.4.1.9590.100.1.2.300702829012756169221956105351614539692/000000.dcm,calc,train,1,MALIGNANT
P_00743,LEFT,CC,calcification,BENIGN,Calc-Training_P_00743_LEFT_CC/1.3.6.1.4.1.9590.100.1.2.349863759811015176911362331330542988094/1.3.6.1.4.1.9590.100.1.2.195093935411888015003069930313705725219/000000.dcm,calc,train,0,BENIGN
P_00743,LEFT,MLO,calcification,BENIGN,Calc-Training_P_00743_LEFT_MLO/1.3.6.1.4.1.9590.100.1.2.373596593712780993040795631890507917931/1.3.6.1.4.1.9590.100.1.2.194605317811894032700647287480489586484/000000.dcm,calc,train,0,BENIGN
P_00744,RIGHT,CC,calcification,BENIGN_WITHOUT_CALLBACK,Calc-Training_P_00744_RIGHT_CC/1.3.6.1.4.1.9590.100.1.2.27658119212391649816497519494028895696/1.3.6.1.4.1.9590.100.1.2.214383689112483686820527965643933727076/000000.dcm,calc,train,0,BENIGN
P_00744,RIGHT,MLO,calcification,BENIGN_WITHOUT_CALLBACK,Calc-Training_P_00744_RIGHT_MLO/1.3.6.1.4.1.9590.100.1.2.319837750113404702903005674720783125107/1.3.6.1.4.1.9590.100.1.2.178809871311258763629816572793114070904/000000.dcm,calc,train,0,BENIGN
P_00750,LEFT,CC,calcification,BENIGN_WITHOUT_CALLBACK,Calc-Training_P_00750_LEFT_CC/1.3.6.1.4.1.9590.100.1.2.346158411011100233320727878692136704612/1.3.6.1.4.1.9590.100.1.2.289577578310529162338390931673175332736/000000.dcm,calc,train,0,BENIGN
P_00750,LEFT,MLO,calcification,BENIGN_WITHOUT_CALLBACK,Calc-Training_P_00750_LEFT_MLO/1.3.6.1.4.1.9590.100.1.2.369503468912869948408316225844121203529/1.3.6.1.4.1.9590.100.1.2.305897526313710084016245031863771972399/000000.dcm,calc,train,0,BENIGN
P_00750,RIGHT,CC,calcification,BENIGN_WITHOUT_CALLBACK,Calc-Training_P_00750_RIGHT_CC/1.3.6.1.4.1.9590.100.1.2.100398235711369262725667293542266145456/1.3.6.1.4.1.9590.100.1.2.13612882810150032415482574512826488491/000000.dcm,calc,train,0,BENIGN
P_00750,RIGHT,CC,calcification,BENIGN_WITHOUT_CALLBACK,Calc-Training_P_00750_RIGHT_CC/1.3.6.1.4.1.9590.100.1.2.100398235711369262725667293542266145456/1.3.6.1.4.1.9590.100.1.2.13612882810150032415482574512826488491/000000.dcm,calc,train,0,BENIGN
P_00750,RIGHT,MLO,calcification,BENIGN_WITHOUT_CALLBACK,Calc-Training_P_00750_RIGHT_MLO/1.3.6.1.4.1.9590.100.1.2.247079945412403733601995383250268561043/1.3.6.1.4.1.9590.100.1.2.313741015210293714629835278293752843503/000000.dcm,calc,train,0,BENIGN
P_00750,RIGHT,MLO,calcification,BENIGN_WITHOUT_CALLBACK,Calc-Training_P_00750_RIGHT_MLO/1.3.6.1.4.1.9590.100.1.2.247079945412403733601995383250268561043/1.3.6.1.4.1.9590.100.1.2.313741015210293714629835278293752843503/000000.dcm,calc,train,0,BENIGN
P_00751,LEFT,CC,calcification,BENIGN,Calc-Training_P_00751_LEFT_CC/1.3.6.1.4.1.9590.100.1.2.416446275511862985402353506750801856387/1.3.6.1.4.1.9590.100.1.2.145426219111980617433379308880836783855/000000.dcm,calc,train,0,BENIGN
P_00757,LEFT,MLO,calcification,BENIGN,Calc-Training_P_00757_LEFT_MLO/1.3.6.1.4.1.9590.100.1.2.65489156512617491223854670410421537893/1.3.6.1.4.1.9590.100.1.2.115315087010396173033334275991639287548/000000.dcm,calc,train,0,BENIGN
P_00759,LEFT,CC,calcification,MALIGNANT,Calc-Training_P_00759_LEFT_CC/1.3.6.1.4.1.9590.100.1.2.58530865911585672317267582894213843620/1.3.6.1.4.1.9590.100.1.2.158295666712674134933895574062413829922/000000.dcm,calc,train,1,MALIGNANT
P_00759,LEFT,CC,calcification,MALIGNANT,Calc-Training_P_00759_LEFT_CC/1.3.6.1.4.1.9590.100.1.2.58530865911585672317267582894213843620/1.3.6.1.4.1.9590.100.1.2.158295666712674134933895574062413829922/000000.dcm,calc,train,1,MALIGNANT
P_00759,LEFT,MLO,calcification,MALIGNANT,Calc-Training_P_00759_LEFT_MLO/1.3.6.1.4.1.9590.100.1.2.150800983712486810437682563992427296219/1.3.6.1.4.1.9590.100.1.2.156805203412920037240953312442485485632/000000.dcm,calc,train,1,MALIGNANT
P_00759,LEFT,MLO,calcification,MALIGNANT,Calc-Training_P_00759_LEFT_MLO/1.3.6.1.4.1.9590.100.1.2.150800983712486810437682563992427296219/1.3.6.1.4.1.9590.100.1.2.156805203412920037240953312442485485632/000000.dcm,calc,train,1,MALIGNANT
P_00761,RIGHT,CC,calcification,BENIGN,Calc-Training_P_00761_RIGHT_CC/1.3.6.1.4.1.9590.100.1.2.367631770212312262713108801433681254421/1.3.6.1.4.1.9590.100.1.2.161583972113334106931388177272106055540/000000.dcm,calc,train,0,BENIGN
P_00761,RIGHT,MLO,calcification,BENIGN,Calc-Training_P_00761_RIGHT_MLO/1.3.6.1.4.1.9590.100.1.2.61735949112329170227272418972187502118/1.3.6.1.4.1.9590.100.1.2.337161194010474802931231722631497788465/000000.dcm,calc,train,0,BENIGN
P_00767,LEFT,CC,calcification,BENIGN_WITHOUT_CALLBACK,Calc-Training_P_00767_LEFT_CC/1.3.6.1.4.1.9590.100.1.2.416137761712538107138533510684078751961/1.3.6.1.4.1.9590.100.1.2.264081567212659209139359361591700916687/000000.dcm,calc,train,0,BENIGN
P_00767,LEFT,MLO,calcification,BENIGN_WITHOUT_CALLBACK,Calc-Training_P_00767_LEFT_MLO/1.3.6.1.4.1.9590.100.1.2.323633426012653272035093551484178153518/1.3.6.1.4.1.9590.100.1.2.67961722110574964605134478623400067410/000000.dcm,calc,train,0,BENIGN
P_00767,RIGHT,CC,calcification,BENIGN_WITHOUT_CALLBACK,Calc-Training_P_00767_RIGHT_CC/1.3.6.1.4.1.9590.100.1.2.373229470213980194324660542964278011299/1.3.6.1.4.1.9590.100.1.2.296561003411111376836963782662924607416/000000.dcm,calc,train,0,BENIGN
P_00767,RIGHT,MLO,calcification,BENIGN_WITHOUT_CALLBACK,Calc-Training_P_00767_RIGHT_MLO/1.3.6.1.4.1.9590.100.1.2.175483562613157549219729877792767953824/1.3.6.1.4.1.9590.100.1.2.192723414412179338141590503913407128232/000000.dcm,calc,train,0,BENIGN
P_00768,LEFT,CC,calcification,BENIGN,Calc-Training_P_00768_LEFT_CC/1.3.6.1.4.1.9590.100.1.2.398210317311134868441852484250679196066/1.3.6.1.4.1.9590.100.1.2.421038321111691276631954090303979341415/000000.dcm,calc,train,0,BENIGN
P_00768,LEFT,MLO,calcification,BENIGN,Calc-Training_P_00768_LEFT_MLO/1.3.6.1.4.1.9590.100.1.2.22665739512905352020927514971582565111/1.3.6.1.4.1.9590.100.1.2.329116473611581380614792045093167580058/000000.dcm,calc,train,0,BENIGN
P_00771,RIGHT,CC,calcification,BENIGN,Calc-Training_P_00771_RIGHT_CC/1.3.6.1.4.1.9590.100.1.2.355187773912533292433195158342214053847/1.3.6.1.4.1.9590.100.1.2.145181132310337889025329225112864559211/000000.dcm,calc,train,0,BENIGN
P_00771,RIGHT,MLO,calcification,BENIGN,Calc-Training_P_00771_RIGHT_MLO/1.3.6.1.4.1.9590.100.1.2.11129187911148790735338451683311808375/1.3.6.1.4.1.9590.100.1.2.102709067112912691833895302463424549225/000000.dcm,calc,train,0,BENIGN
P_00772,RIGHT,CC,calcification,MALIGNANT,Calc-Training_P_00772_RIGHT_CC/1.3.6.1.4.1.9590.100.1.2.350439773212558040708994999333491437896/1.3.6.1.4.1.9590.100.1.2.139568438610463319642539012173993973412/000000.dcm,calc,train,1,MALIGNANT
P_00772,RIGHT,MLO,calcification,MALIGNANT,Calc-Training_P_00772_RIGHT_MLO/1.3.6.1.4.1.9590.100.1.2.281447026411030226829589334103624017257/1.3.6.1.4.1.9590.100.1.2.55845628711896389308099337204182825131/000000.dcm,calc,train,1,MALIGNANT
P_00778,LEFT,CC,calcification,MALIGNANT,Calc-Training_P_00778_LEFT_CC/1.3.6.1.4.1.9590.100.1.2.277075159811479414629796238392747868373/1.3.6.1.4.1.9590.100.1.2.135114711812724349930753998692488016384/000000.dcm,calc,train,1,MALIGNANT
P_00778,LEFT,MLO,calcification,MALIGNANT,Calc-Training_P_00778_LEFT_MLO/1.3.6.1.4.1.9590.100.1.2.388018392012039433532971810841271406694/1.3.6.1.4.1.9590.100.1.2.372768439111727574005461838620691893019/000000.dcm,calc,train,1,MALIGNANT
P_00780,LEFT,CC,calcification,BENIGN_WITHOUT_CALLBACK,Calc-Training_P_00780_LEFT_CC/1.3.6.1.4.1.9590.100.1.2.275281674910631429303406330221792828496/1.3.6.1.4.1.9590.100.1.2.404240513711402791630005935941482402779/000000.dcm,calc,train,0,BENIGN
P_00780,LEFT,CC,calcification,BENIGN_WITHOUT_CALLBACK,Calc-Training_P_00780_LEFT_CC/1.3.6.1.4.1.9590.100.1.2.275281674910631429303406330221792828496/1.3.6.1.4.1.9590.100.1.2.404240513711402791630005935941482402779/000000.dcm,calc,train,0,BENIGN
P_00780,LEFT,MLO,calcification,BENIGN_WITHOUT_CALLBACK,Calc-Training_P_00780_LEFT_MLO/1.3.6.1.4.1.9590.100.1.2.379478367612087026601017824253827010848/1.3.6.1.4.1.9590.100.1.2.26844491713821127722738477343558492076/000000.dcm,calc,train,0,BENIGN
P_00780,LEFT,MLO,calcification,BENIGN_WITHOUT_CALLBACK,Calc-Training_P_00780_LEFT_MLO/1.3.6.1.4.1.9590.100.1.2.379478367612087026601017824253827010848/1.3.6.1.4.1.9590.100.1.2.26844491713821127722738477343558492076/000000.dcm,calc,train,0,BENIGN
P_00780,RIGHT,CC,calcification,BENIGN_WITHOUT_CALLBACK,Calc-Training_P_00780_RIGHT_CC/1.3.6.1.4.1.9590.100.1.2.118680250812167435400101472213777729087/1.3.6.1.4.1.9590.100.1.2.27921508611215286123537135992327014778/000000.dcm,calc,train,0,BENIGN
P_00780,RIGHT,CC,calcification,BENIGN_WITHOUT_CALLBACK,Calc-Training_P_00780_RIGHT_CC/1.3.6.1.4.1.9590.100.1.2.118680250812167435400101472213777729087/1.3.6.1.4.1.9590.100.1.2.27921508611215286123537135992327014778/000000.dcm,calc,train,0,BENIGN
P_00780,RIGHT,CC,calcification,BENIGN_WITHOUT_CALLBACK,Calc-Training_P_00780_RIGHT_CC/1.3.6.1.4.1.9590.100.1.2.118680250812167435400101472213777729087/1.3.6.1.4.1.9590.100.1.2.27921508611215286123537135992327014778/000000.dcm,calc,train,0,BENIGN
P_00780,RIGHT,CC,calcification,BENIGN_WITHOUT_CALLBACK,Calc-Training_P_00780_RIGHT_CC/1.3.6.1.4.1.9590.100.1.2.118680250812167435400101472213777729087/1.3.6.1.4.1.9590.100.1.2.27921508611215286123537135992327014778/000000.dcm,calc,train,0,BENIGN
P_00780,RIGHT,CC,calcification,BENIGN_WITHOUT_CALLBACK,Calc-Training_P_00780_RIGHT_CC/1.3.6.1.4.1.9590.100.1.2.118680250812167435400101472213777729087/1.3.6.1.4.1.9590.100.1.2.27921508611215286123537135992327014778/000000.dcm,calc,train,0,BENIGN
P_00780,RIGHT,MLO,calcification,BENIGN_WITHOUT_CALLBACK,Calc-Training_P_00780_RIGHT_MLO/1.3.6.1.4.1.9590.100.1.2.108555492012579427821496060280570470826/1.3.6.1.4.1.9590.100.1.2.420929550811391634524803001613230317195/000000.dcm,calc,train,0,BENIGN
P_00780,RIGHT,MLO,calcification,BENIGN_WITHOUT_CALLBACK,Calc-Training_P_00780_RIGHT_MLO/1.3.6.1.4.1.9590.100.1.2.108555492012579427821496060280570470826/1.3.6.1.4.1.9590.100.1.2.420929550811391634524803001613230317195/000000.dcm,calc,train,0,BENIGN
P_00780,RIGHT,MLO,calcification,BENIGN_WITHOUT_CALLBACK,Calc-Training_P_00780_RIGHT_MLO/1.3.6.1.4.1.9590.100.1.2.108555492012579427821496060280570470826/1.3.6.1.4.1.9590.100.1.2.420929550811391634524803001613230317195/000000.dcm,calc,train,0,BENIGN
P_00780,RIGHT,MLO,calcification,BENIGN_WITHOUT_CALLBACK,Calc-Training_P_00780_RIGHT_MLO/1.3.6.1.4.1.9590.100.1.2.108555492012579427821496060280570470826/1.3.6.1.4.1.9590.100.1.2.420929550811391634524803001613230317195/000000.dcm,calc,train,0,BENIGN
P_00780,RIGHT,MLO,calcification,BENIGN_WITHOUT_CALLBACK,Calc-Training_P_00780_RIGHT_MLO/1.3.6.1.4.1.9590.100.1.2.108555492012579427821496060280570470826/1.3.6.1.4.1.9590.100.1.2.420929550811391634524803001613230317195/000000.dcm,calc,train,0,BENIGN
P_00784,RIGHT,CC,calcification,MALIGNANT,Calc-Training_P_00784_RIGHT_CC/1.3.6.1.4.1.9590.100.1.2.305005127010352955202557664402562682266/1.3.6.1.4.1.9590.100.1.2.106917101213622946607766232832878006143/000000.dcm,calc,train,1,MALIGNANT
P_00784,RIGHT,MLO,calcification,MALIGNANT,Calc-Training_P_00784_RIGHT_MLO/1.3.6.1.4.1.9590.100.1.2.183602370612068584201762198083783117851/1.3.6.1.4.1.9590.100.1.2.104598755811797818735626090722353466054/000000.dcm,calc,train,1,MALIGNANT
P_00787,LEFT,CC,calcification,MALIGNANT,Calc-Training_P_00787_LEFT_CC/1.3.6.1.4.1.9590.100.1.2.410081740111017532604530710152384340969/1.3.6.1.4.1.9590.100.1.2.322076229212951135707392081042024790043/000000.dcm,calc,train,1,MALIGNANT
P_00787,LEFT,MLO,calcification,MALIGNANT,Calc-Training_P_00787_LEFT_MLO/1.3.6.1.4.1.9590.100.1.2.264254900711046670918973963531822435524/1.3.6.1.4.1.9590.100.1.2.325810565512077826129893423950024767023/000000.dcm,calc,train,1,MALIGNANT
P_00792,LEFT,CC,calcification,BENIGN,Calc-Training_P_00792_LEFT_CC/1.3.6.1.4.1.9590.100.1.2.368253316410320525432032812850445924690/1.3.6.1.4.1.9590.100.1.2.23171275711867406927584313741229073727/000000.dcm,calc,train,0,BENIGN
P_00792,LEFT,MLO,calcification,BENIGN,Calc-Training_P_00792_LEFT_MLO/1.3.6.1.4.1.9590.100.1.2.261040183512496434412180655523303847324/1.3.6.1.4.1.9590.100.1.2.214085238011489452931149070683884371276/000000.dcm,calc,train,0,BENIGN
P_00793,LEFT,CC,calcification,BENIGN,Calc-Training_P_00793_LEFT_CC/1.3.6.1.4.1.9590.100.1.2.426581136310122540936616595501177650801/1.3.6.1.4.1.9590.100.1.2.50448156411078837902872183470683212696/000000.dcm,calc,train,0,BENIGN
P_00793,LEFT,MLO,calcification,BENIGN,Calc-Training_P_00793_LEFT_MLO/1.3.6.1.4.1.9590.100.1.2.129083837212102842820832111693226598147/1.3.6.1.4.1.9590.100.1.2.388740778612471822734687471840248065267/000000.dcm,calc,train,0,BENIGN
P_00799,LEFT,CC,calcification,BENIGN_WITHOUT_CALLBACK,Calc-Training_P_00799_LEFT_CC/1.3.6.1.4.1.9590.100.1.2.324009818012227782014242973992300754321/1.3.6.1.4.1.9590.100.1.2.133944761010345351331921230624130846002/000000.dcm,calc,train,0,BENIGN
P_00799,LEFT,MLO,calcification,BENIGN_WITHOUT_CALLBACK,Calc-Training_P_00799_LEFT_MLO/1.3.6.1.4.1.9590.100.1.2.308576118413117109720575584471915447726/1.3.6.1.4.1.9590.100.1.2.374436479311202765121223958274001391503/000000.dcm,calc,train,0,BENIGN
P_00799,RIGHT,CC,calcification,BENIGN_WITHOUT_CALLBACK,Calc-Training_P_00799_RIGHT_CC/1.3.6.1.4.1.9590.100.1.2.365613098312838889033179971892874509085/1.3.6.1.4.1.9590.100.1.2.294285802412426434142155201760863880888/000000.dcm,calc,train,0,BENIGN
P_00799,RIGHT,MLO,calcification,BENIGN_WITHOUT_CALLBACK,Calc-Training_P_00799_RIGHT_MLO/1.3.6.1.4.1.9590.100.1.2.93144508112099916531311494570602899218/1.3.6.1.4.1.9590.100.1.2.183885014912767769817561941994033992763/000000.dcm,calc,train,0,BENIGN
P_00806,LEFT,CC,calcification,BENIGN,Calc-Training_P_00806_LEFT_CC/1.3.6.1.4.1.9590.100.1.2.148249440413824481610020220250119715227/1.3.6.1.4.1.9590.100.1.2.131327334913180687026044145941886282592/000000.dcm,calc,train,0,BENIGN
P_00806,LEFT,MLO,calcification,BENIGN,Calc-Training_P_00806_LEFT_MLO/1.3.6.1.4.1.9590.100.1.2.309545358510916262738531797881876265879/1.3.6.1.4.1.9590.100.1.2.299762724312708528005043593530032551991/000000.dcm,calc,train,0,BENIGN
P_00808,LEFT,MLO,calcification,BENIGN,Calc-Training_P_00808_LEFT_MLO/1.3.6.1.4.1.9590.100.1.2.405603741012713849522132248451778349137/1.3.6.1.4.1.9590.100.1.2.220706542812758910938875181150531550739/000000.dcm,calc,train,0,BENIGN
P_00809,LEFT,CC,calcification,MALIGNANT,Calc-Training_P_00809_LEFT_CC/1.3.6.1.4.1.9590.100.1.2.147946216713119584826611590940652374959/1.3.6.1.4.1.9590.100.1.2.386761544611323810702530743401614160021/000000.dcm,calc,train,1,MALIGNANT
P_00809,LEFT,MLO,calcification,MALIGNANT,Calc-Training_P_00809_LEFT_MLO/1.3.6.1.4.1.9590.100.1.2.367311485112165750236580033533556694339/1.3.6.1.4.1.9590.100.1.2.118454262312858578201554832952508051556/000000.dcm,calc,train,1,MALIGNANT
P_00812,LEFT,CC,calcification,BENIGN_WITHOUT_CALLBACK,Calc-Training_P_00812_LEFT_CC/1.3.6.1.4.1.9590.100.1.2.80761438811592829709185304533380262191/1.3.6.1.4.1.9590.100.1.2.389071801410757137802579322214096737878/000000.dcm,calc,train,0,BENIGN
P_00812,LEFT,MLO,calcification,BENIGN_WITHOUT_CALLBACK,Calc-Training_P_00812_LEFT_MLO/1.3.6.1.4.1.9590.100.1.2.348464240512472470120408859204164195046/1.3.6.1.4.1.9590.100.1.2.389786288212949329831943023700290478225/000000.dcm,calc,train,0,BENIGN
P_00814,LEFT,CC,calcification,BENIGN,Calc-Training_P_00814_LEFT_CC/1.3.6.1.4.1.9590.100.1.2.19120471512241248541941413322327018732/1.3.6.1.4.1.9590.100.1.2.75685967613859814023566473423731482422/000000.dcm,calc,train,0,BENIGN
P_00814,LEFT,MLO,calcification,BENIGN,Calc-Training_P_00814_LEFT_MLO/1.3.6.1.4.1.9590.100.1.2.199749123011823222824852834814280306061/1.3.6.1.4.1.9590.100.1.2.304301253411650416232138049551865286762/000000.dcm,calc,train,0,BENIGN
P_00814,RIGHT,CC,calcification,BENIGN,Calc-Training_P_00814_RIGHT_CC/1.3.6.1.4.1.9590.100.1.2.416017659212770080620973900142183458387/1.3.6.1.4.1.9590.100.1.2.196151294612496393640357620892715457154/000000.dcm,calc,train,0,BENIGN
P_00814,RIGHT,MLO,calcification,BENIGN,Calc-Training_P_00814_RIGHT_MLO/1.3.6.1.4.1.9590.100.1.2.300286111812615693223797193171714504357/1.3.6.1.4.1.9590.100.1.2.375950777011100688940752098872379476173/000000.dcm,calc,train,0,BENIGN
P_00819,RIGHT,CC,calcification,BENIGN,Calc-Training_P_00819_RIGHT_CC/1.3.6.1.4.1.9590.100.1.2.353517772511973125002102593542167470331/1.3.6.1.4.1.9590.100.1.2.413598290212827236039238754790889568058/000000.dcm,calc,train,0,BENIGN
P_00819,RIGHT,MLO,calcification,BENIGN,Calc-Training_P_00819_RIGHT_MLO/1.3.6.1.4.1.9590.100.1.2.384926062911653896238378316153813499077/1.3.6.1.4.1.9590.100.1.2.46344513111928266142519763203768626766/000000.dcm,calc,train,0,BENIGN
P_00824,LEFT,CC,calcification,BENIGN,Calc-Training_P_00824_LEFT_CC/1.3.6.1.4.1.9590.100.1.2.415925501811864025705400690541847870436/1.3.6.1.4.1.9590.100.1.2.215210317011846438511415041460355419770/000000.dcm,calc,train,0,BENIGN
P_00824,LEFT,MLO,calcification,BENIGN,Calc-Training_P_00824_LEFT_MLO/1.3.6.1.4.1.9590.100.1.2.269689220612258312016203130042511325296/1.3.6.1.4.1.9590.100.1.2.232179602411982479121262306963612746541/000000.dcm,calc,train,0,BENIGN
P_00825,RIGHT,MLO,calcification,BENIGN,Calc-Training_P_00825_RIGHT_MLO/1.3.6.1.4.1.9590.100.1.2.23443629612262719037383451433832626373/1.3.6.1.4.1.9590.100.1.2.280522851113057968903060443451874088671/000000.dcm,calc,train,0,BENIGN
P_00832,RIGHT,CC,calcification,MALIGNANT,Calc-Training_P_00832_RIGHT_CC/1.3.6.1.4.1.9590.100.1.2.400796359611437609519470401393556719040/1.3.6.1.4.1.9590.100.1.2.246061136312976418238749078391134986854/000000.dcm,calc,train,1,MALIGNANT
P_00832,RIGHT,MLO,calcification,MALIGNANT,Calc-Training_P_00832_RIGHT_MLO/1.3.6.1.4.1.9590.100.1.2.189822663312359077902721225443187880648/1.3.6.1.4.1.9590.100.1.2.117311526211769399912345133122658800626/000000.dcm,calc,train,1,MALIGNANT
P_00833,LEFT,CC,calcification,BENIGN,Calc-Training_P_00833_LEFT_CC/1.3.6.1.4.1.9590.100.1.2.343071992511721831100225348221852458848/1.3.6.1.4.1.9590.100.1.2.106465032210752805907002236741591530181/000000.dcm,calc,train,0,BENIGN
P_00833,LEFT,MLO,calcification,BENIGN,Calc-Training_P_00833_LEFT_MLO/1.3.6.1.4.1.9590.100.1.2.325404921512132567542325610310779032428/1.3.6.1.4.1.9590.100.1.2.209178895412089671523889112493419459370/000000.dcm,calc,train,0,BENIGN
P_00834,LEFT,CC,calcification,BENIGN,Calc-Training_P_00834_LEFT_CC/1.3.6.1.4.1.9590.100.1.2.2432220111113812934142509291316613977/1.3.6.1.4.1.9590.100.1.2.82580079713162601103528979613359770568/000000.dcm,calc,train,0,BENIGN
P_00834,LEFT,MLO,calcification,BENIGN,Calc-Training_P_00834_LEFT_MLO/1.3.6.1.4.1.9590.100.1.2.370771448012195261731405633612899797738/1.3.6.1.4.1.9590.100.1.2.199125701311272631706267647003312527450/000000.dcm,calc,train,0,BENIGN
P_00835,LEFT,CC,calcification,MALIGNANT,Calc-Training_P_00835_LEFT_CC/1.3.6.1.4.1.9590.100.1.2.14005026312632877927855438660319027235/1.3.6.1.4.1.9590.100.1.2.11022274911190587300517352134079013675/000000.dcm,calc,train,1,MALIGNANT
P_00835,LEFT,MLO,calcification,MALIGNANT,Calc-Training_P_00835_LEFT_MLO/1.3.6.1.4.1.9590.100.1.2.376832685410730742428225127792023890200/1.3.6.1.4.1.9590.100.1.2.36740324513891883011852671110606248012/000000.dcm,calc,train,1,MALIGNANT
P_00840,RIGHT,CC,calcification,BENIGN_WITHOUT_CALLBACK,Calc-Training_P_00840_RIGHT_CC/1.3.6.1.4.1.9590.100.1.2.30786725812319421901193084501035948372/1.3.6.1.4.1.9590.100.1.2.231970056811978600208248779723737558508/000000.dcm,calc,train,0,BENIGN
P_00840,RIGHT,MLO,calcification,BENIGN_WITHOUT_CALLBACK,Calc-Training_P_00840_RIGHT_MLO/1.3.6.1.4.1.9590.100.1.2.225698792411551012821377117501663994517/1.3.6.1.4.1.9590.100.1.2.396114208612979422410970287433674162441/000000.dcm,calc,train,0,BENIGN
P_00842,LEFT,CC,calcification,BENIGN,Calc-Training_P_00842_LEFT_CC/1.3.6.1.4.1.9590.100.1.2.235437414412534669831963470340567291077/1.3.6.1.4.1.9590.100.1.2.163139807212431147829351221040513114015/000000.dcm,calc,train,0,BENIGN
P_00842,LEFT,MLO,calcification,BENIGN,Calc-Training_P_00842_LEFT_MLO/1.3.6.1.4.1.9590.100.1.2.84010451011311551640741413423062518711/1.3.6.1.4.1.9590.100.1.2.144907180112807257303467178570882704399/000000.dcm,calc,train,0,BENIGN
P_00846,LEFT,CC,calcification,MALIGNANT,Calc-Training_P_00846_LEFT_CC/1.3.6.1.4.1.9590.100.1.2.268339224211030436307201768132068673693/1.3.6.1.4.1.9590.100.1.2.389621626711069689900624646813879983663/000000.dcm,calc,train,1,MALIGNANT
P_00846,LEFT,MLO,calcification,MALIGNANT,Calc-Training_P_00846_LEFT_MLO/1.3.6.1.4.1.9590.100.1.2.29128573512697230429648690221634685349/1.3.6.1.4.1.9590.100.1.2.371132178511188477419415806813642832371/000000.dcm,calc,train,1,MALIGNANT
P_00847,LEFT,CC,calcification,BENIGN,Calc-Training_P_00847_LEFT_CC/1.3.6.1.4.1.9590.100.1.2.325681799111492920816850474593365696251/1.3.6.1.4.1.9590.100.1.2.415897061313533775214397313661600111228/000000.dcm,calc,train,0,BENIGN
P_00847,LEFT,MLO,calcification,BENIGN,Calc-Training_P_00847_LEFT_MLO/1.3.6.1.4.1.9590.100.1.2.217679929412731794040244673580697570804/1.3.6.1.4.1.9590.100.1.2.219881893711684161705068271613325017276/000000.dcm,calc,train,0,BENIGN
P_00852,LEFT,CC,calcification,MALIGNANT,Calc-Training_P_00852_LEFT_CC/1.3.6.1.4.1.9590.100.1.2.112604655912537340807696810284123093459/1.3.6.1.4.1.9590.100.1.2.286720820911422039305674901973538322342/000000.dcm,calc,train,1,MALIGNANT
P_00852,LEFT,MLO,calcification,MALIGNANT,Calc-Training_P_00852_LEFT_MLO/1.3.6.1.4.1.9590.100.1.2.232879168511014372128633017621426841701/1.3.6.1.4.1.9590.100.1.2.213940962912740664041865870240823058585/000000.dcm,calc,train,1,MALIGNANT
P_00854,RIGHT,CC,calcification,BENIGN,Calc-Training_P_00854_RIGHT_CC/1.3.6.1.4.1.9590.100.1.2.287781515112310637139479118122963765865/1.3.6.1.4.1.9590.100.1.2.192751633813025245909285986991816288603/000000.dcm,calc,train,0,BENIGN
P_00854,RIGHT,MLO,calcification,BENIGN,Calc-Training_P_00854_RIGHT_MLO/1.3.6.1.4.1.9590.100.1.2.412464900911205600310971680532009801758/1.3.6.1.4.1.9590.100.1.2.151307021411735106300935909414144762025/000000.dcm,calc,train,0,BENIGN
P_00855,RIGHT,CC,calcification,MALIGNANT,Calc-Training_P_00855_RIGHT_CC/1.3.6.1.4.1.9590.100.1.2.211155313411812064011985827160057142323/1.3.6.1.4.1.9590.100.1.2.211042445212536071003764839771776411157/000000.dcm,calc,train,1,MALIGNANT
P_00856,LEFT,MLO,calcification,MALIGNANT,Calc-Training_P_00856_LEFT_MLO/1.3.6.1.4.1.9590.100.1.2.123182132911098574315013564572526562537/1.3.6.1.4.1.9590.100.1.2.361472840813689328917331007233761327298/000000.dcm,calc,train,1,MALIGNANT
P_00858,LEFT,CC,calcification,BENIGN_WITHOUT_CALLBACK,Calc-Training_P_00858_LEFT_CC/1.3.6.1.4.1.9590.100.1.2.363284458613022834113457061633645574871/1.3.6.1.4.1.9590.100.1.2.299426453311263189712712625943466679082/000000.dcm,calc,train,0,BENIGN
P_00858,LEFT,MLO,calcification,BENIGN_WITHOUT_CALLBACK,Calc-Training_P_00858_LEFT_MLO/1.3.6.1.4.1.9590.100.1.2.343170552712421075730503612352078904126/1.3.6.1.4.1.9590.100.1.2.207222801913295076440202482321306809609/000000.dcm,calc,train,0,BENIGN
P_00858,RIGHT,CC,calcification,BENIGN,Calc-Training_P_00858_RIGHT_CC/1.3.6.1.4.1.9590.100.1.2.378015788313560566134597838150194477905/1.3.6.1.4.1.9590.100.1.2.327968843610614575901068248832181051215/000000.dcm,calc,train,0,BENIGN
P_00858,RIGHT,CC,calcification,BENIGN_WITHOUT_CALLBACK,Calc-Training_P_00858_RIGHT_CC/1.3.6.1.4.1.9590.100.1.2.378015788313560566134597838150194477905/1.3.6.1.4.1.9590.100.1.2.327968843610614575901068248832181051215/000000.dcm,calc,train,0,BENIGN
P_00858,RIGHT,MLO,calcification,BENIGN_WITHOUT_CALLBACK,Calc-Training_P_00858_RIGHT_MLO/1.3.6.1.4.1.9590.100.1.2.154701552912026387537768204120519793340/1.3.6.1.4.1.9590.100.1.2.104945329511927564209924440623498712427/000000.dcm,calc,train,0,BENIGN
P_00858,RIGHT,MLO,calcification,BENIGN,Calc-Training_P_00858_RIGHT_MLO/1.3.6.1.4.1.9590.100.1.2.154701552912026387537768204120519793340/1.3.6.1.4.1.9590.100.1.2.104945329511927564209924440623498712427/000000.dcm,calc,train,0,BENIGN
P_00861,RIGHT,CC,calcification,MALIGNANT,Calc-Training_P_00861_RIGHT_CC/1.3.6.1.4.1.9590.100.1.2.117415120611449040200930945463611488697/1.3.6.1.4.1.9590.100.1.2.239203710210122452109896316403648569122/000000.dcm,calc,train,1,MALIGNANT
P_00861,RIGHT,MLO,calcification,MALIGNANT,Calc-Training_P_00861_RIGHT_MLO/1.3.6.1.4.1.9590.100.1.2.87979451010307281225612589160575235042/1.3.6.1.4.1.9590.100.1.2.20469413713644314425732832412205778793/000000.dcm,calc,train,1,MALIGNANT
P_00862,LEFT,CC,calcification,MALIGNANT,Calc-Training_P_00862_LEFT_CC/1.3.6.1.4.1.9590.100.1.2.109559525511182169439694476020877248194/1.3.6.1.4.1.9590.100.1.2.203598989611569921112328472532117515315/000000.dcm,calc,train,1,MALIGNANT
P_00862,LEFT,MLO,calcification,MALIGNANT,Calc-Training_P_00862_LEFT_MLO/1.3.6.1.4.1.9590.100.1.2.347013058611045242511871963390774688576/1.3.6.1.4.1.9590.100.1.2.223017306913889215618164550443303786242/000000.dcm,calc,train,1,MALIGNANT
P_00864,LEFT,CC,calcification,MALIGNANT,Calc-Training_P_00864_LEFT_CC/1.3.6.1.4.1.9590.100.1.2.416312132910357750301459570172446233263/1.3.6.1.4.1.9590.100.1.2.55079548812194238133135435560779901897/000000.dcm,calc,train,1,MALIGNANT
P_00864,LEFT,MLO,calcification,MALIGNANT,Calc-Training_P_00864_LEFT_MLO/1.3.6.1.4.1.9590.100.1.2.191238241511984843704703016203721587526/1.3.6.1.4.1.9590.100.1.2.336391770812426847331672413524157261267/000000.dcm,calc,train,1,MALIGNANT
P_00866,RIGHT,CC,calcification,BENIGN,Calc-Training_P_00866_RIGHT_CC/1.3.6.1.4.1.9590.100.1.2.109739196812611143609205310753104567313/1.3.6.1.4.1.9590.100.1.2.300832082013249140301567548643447086232/000000.dcm,calc,train,0,BENIGN
P_00866,RIGHT,MLO,calcification,BENIGN,Calc-Training_P_00866_RIGHT_MLO/1.3.6.1.4.1.9590.100.1.2.249737322310104439328707239752749134511/1.3.6.1.4.1.9590.100.1.2.428282054012177447101766370934168019719/000000.dcm,calc,train,0,BENIGN
P_00868,RIGHT,CC,calcification,BENIGN,Calc-Training_P_00868_RIGHT_CC/1.3.6.1.4.1.9590.100.1.2.146383691013452582017683854574147912939/1.3.6.1.4.1.9590.100.1.2.171845237911815849837126217032209480931/000000.dcm,calc,train,0,BENIGN
P_00868,RIGHT,MLO,calcification,BENIGN,Calc-Training_P_00868_RIGHT_MLO/1.3.6.1.4.1.9590.100.1.2.371804871612087759606017752613661724934/1.3.6.1.4.1.9590.100.1.2.316699245610247354328827790532537478140/000000.dcm,calc,train,0,BENIGN
P_00877,LEFT,CC,calcification,BENIGN,Calc-Training_P_00877_LEFT_CC/1.3.6.1.4.1.9590.100.1.2.188194454011596347834980041263831189315/1.3.6.1.4.1.9590.100.1.2.366628925413741059424922517803153083311/000000.dcm,calc,train,0,BENIGN
P_00877,LEFT,CC,calcification,BENIGN,Calc-Training_P_00877_LEFT_CC/1.3.6.1.4.1.9590.100.1.2.188194454011596347834980041263831189315/1.3.6.1.4.1.9590.100.1.2.366628925413741059424922517803153083311/000000.dcm,calc,train,0,BENIGN
P_00877,LEFT,MLO,calcification,BENIGN,Calc-Training_P_00877_LEFT_MLO/1.3.6.1.4.1.9590.100.1.2.395668647211925868900525472222351350991/1.3.6.1.4.1.9590.100.1.2.69706767613252231801714451640824864551/000000.dcm,calc,train,0,BENIGN
P_00877,LEFT,MLO,calcification,BENIGN,Calc-Training_P_00877_LEFT_MLO/1.3.6.1.4.1.9590.100.1.2.395668647211925868900525472222351350991/1.3.6.1.4.1.9590.100.1.2.69706767613252231801714451640824864551/000000.dcm,calc,train,0,BENIGN
P_00878,LEFT,CC,calcification,BENIGN_WITHOUT_CALLBACK,Calc-Training_P_00878_LEFT_CC/1.3.6.1.4.1.9590.100.1.2.349643207111666927142294161150051706503/1.3.6.1.4.1.9590.100.1.2.194061669610575751733143965863789331914/000000.dcm,calc,train,0,BENIGN
P_00878,LEFT,MLO,calcification,BENIGN_WITHOUT_CALLBACK,Calc-Training_P_00878_LEFT_MLO/1.3.6.1.4.1.9590.100.1.2.193103722011042622017840611000007500199/1.3.6.1.4.1.9590.100.1.2.116164982812599045200809588663089591115/000000.dcm,calc,train,0,BENIGN
P_00880,RIGHT,CC,calcification,MALIGNANT,Calc-Training_P_00880_RIGHT_CC/1.3.6.1.4.1.9590.100.1.2.257264195511262299008214887913602298961/1.3.6.1.4.1.9590.100.1.2.406745411811415604016920892463084950863/000000.dcm,calc,train,1,MALIGNANT
P_00882,LEFT,CC,calcification,BENIGN,Calc-Training_P_00882_LEFT_CC/1.3.6.1.4.1.9590.100.1.2.377044414213277169521069457221049308032/1.3.6.1.4.1.9590.100.1.2.428160343110955085707041803760674040403/000000.dcm,calc,train,0,BENIGN
P_00882,LEFT,MLO,calcification,BENIGN,Calc-Training_P_00882_LEFT_MLO/1.3.6.1.4.1.9590.100.1.2.126946279311178994042062291834118100727/1.3.6.1.4.1.9590.100.1.2.185401704612037921031992536423384183051/000000.dcm,calc,train,0,BENIGN
P_00883,RIGHT,CC,calcification,MALIGNANT,Calc-Training_P_00883_RIGHT_CC/1.3.6.1.4.1.9590.100.1.2.76333797013816828741420333424194154033/1.3.6.1.4.1.9590.100.1.2.308954887312142280715658692342050482500/000000.dcm,calc,train,1,MALIGNANT
P_00883,RIGHT,MLO,calcification,MALIGNANT,Calc-Training_P_00883_RIGHT_MLO/1.3.6.1.4.1.9590.100.1.2.19013668111416719433047108322049821524/1.3.6.1.4.1.9590.100.1.2.319485490112341893321472922931257197418/000000.dcm,calc,train,1,MALIGNANT
P_00890,RIGHT,MLO,calcification,MALIGNANT,Calc-Training_P_00890_RIGHT_MLO/1.3.6.1.4.1.9590.100.1.2.251368034711297362927674804802260013999/1.3.6.1.4.1.9590.100.1.2.198736957110519485726617660644185454434/000000.dcm,calc,train,1,MALIGNANT
P_00895,RIGHT,CC,calcification,BENIGN_WITHOUT_CALLBACK,Calc-Training_P_00895_RIGHT_CC/1.3.6.1.4.1.9590.100.1.2.162899768112526505635912531433698490190/1.3.6.1.4.1.9590.100.1.2.72640831611925992431286102122175222272/000000.dcm,calc,train,0,BENIGN
P_00895,RIGHT,MLO,calcification,BENIGN_WITHOUT_CALLBACK,Calc-Training_P_00895_RIGHT_MLO/1.3.6.1.4.1.9590.100.1.2.287195078612660009806925836002800752849/1.3.6.1.4.1.9590.100.1.2.268338964312030708003325520990371795480/000000.dcm,calc,train,0,BENIGN
P_00897,LEFT,CC,calcification,BENIGN,Calc-Training_P_00897_LEFT_CC/1.3.6.1.4.1.9590.100.1.2.262290655811019675002750688623874870451/1.3.6.1.4.1.9590.100.1.2.337763270912511728712590286511607259072/000000.dcm,calc,train,0,BENIGN
P_00897,LEFT,MLO,calcification,BENIGN,Calc-Training_P_00897_LEFT_MLO/1.3.6.1.4.1.9590.100.1.2.287192897312125109741054248280015663795/1.3.6.1.4.1.9590.100.1.2.332034696812620711538066336553649187256/000000.dcm,calc,train,0,BENIGN
P_00899,RIGHT,CC,calcification,BENIGN,Calc-Training_P_00899_RIGHT_CC/1.3.6.1.4.1.9590.100.1.2.63423120010021345524196942530225480936/1.3.6.1.4.1.9590.100.1.2.49612248011510451307828335631692346338/000000.dcm,calc,train,0,BENIGN
P_00899,RIGHT,MLO,calcification,BENIGN,Calc-Training_P_00899_RIGHT_MLO/1.3.6.1.4.1.9590.100.1.2.356741225813630530327794871052355383404/1.3.6.1.4.1.9590.100.1.2.144204938110882656031845083352087750820/000000.dcm,calc,train,0,BENIGN
P_00909,LEFT,MLO,calcification,BENIGN,Calc-Training_P_00909_LEFT_MLO/1.3.6.1.4.1.9590.100.1.2.133833669113043751900971198790858115314/1.3.6.1.4.1.9590.100.1.2.363236019813136094142843015023844147375/000000.dcm,calc,train,0,BENIGN
P_00912,LEFT,CC,calcification,BENIGN,Calc-Training_P_00912_LEFT_CC/1.3.6.1.4.1.9590.100.1.2.230450986611140485123440876902567414008/1.3.6.1.4.1.9590.100.1.2.290838492711284803403629444370093622551/000000.dcm,calc,train,0,BENIGN
P_00912,LEFT,MLO,calcification,BENIGN,Calc-Training_P_00912_LEFT_MLO/1.3.6.1.4.1.9590.100.1.2.83489178512652790805470394072514339658/1.3.6.1.4.1.9590.100.1.2.327147771712879466208988947642578614551/000000.dcm,calc,train,0,BENIGN
P_00916,RIGHT,MLO,calcification,MALIGNANT,Calc-Training_P_00916_RIGHT_MLO/1.3.6.1.4.1.9590.100.1.2.257654456012639570024061610252656758184/1.3.6.1.4.1.9590.100.1.2.225203541212478285824088191044251968368/000000.dcm,calc,train,1,MALIGNANT
P_00923,RIGHT,CC,calcification,BENIGN,Calc-Training_P_00923_RIGHT_CC/1.3.6.1.4.1.9590.100.1.2.235758707411504722238126555143239874834/1.3.6.1.4.1.9590.100.1.2.383957242713711150719063881282414552718/000000.dcm,calc,train,0,BENIGN
P_00923,RIGHT,MLO,calcification,BENIGN,Calc-Training_P_00923_RIGHT_MLO/1.3.6.1.4.1.9590.100.1.2.258132949013705071934206511920991989477/1.3.6.1.4.1.9590.100.1.2.201343023312572202611149257572758552350/000000.dcm,calc,train,0,BENIGN
P_00924,LEFT,CC,calcification,BENIGN_WITHOUT_CALLBACK,Calc-Training_P_00924_LEFT_CC/1.3.6.1.4.1.9590.100.1.2.54255176811825170228669861511478072916/1.3.6.1.4.1.9590.100.1.2.119150035610468094707502358331429997680/000000.dcm,calc,train,0,BENIGN
P_00924,LEFT,MLO,calcification,BENIGN_WITHOUT_CALLBACK,Calc-Training_P_00924_LEFT_MLO/1.3.6.1.4.1.9590.100.1.2.273723246712070845407182194511456634208/1.3.6.1.4.1.9590.100.1.2.64030969412569743540386633463132009973/000000.dcm,calc,train,0,BENIGN
P_00924,LEFT,MLO,calcification,BENIGN_WITHOUT_CALLBACK,Calc-Training_P_00924_LEFT_MLO/1.3.6.1.4.1.9590.100.1.2.273723246712070845407182194511456634208/1.3.6.1.4.1.9590.100.1.2.64030969412569743540386633463132009973/000000.dcm,calc,train,0,BENIGN
P_00924,LEFT,MLO,calcification,BENIGN_WITHOUT_CALLBACK,Calc-Training_P_00924_LEFT_MLO/1.3.6.1.4.1.9590.100.1.2.273723246712070845407182194511456634208/1.3.6.1.4.1.9590.100.1.2.64030969412569743540386633463132009973/000000.dcm,calc,train,0,BENIGN
P_00924,RIGHT,CC,calcification,BENIGN_WITHOUT_CALLBACK,Calc-Training_P_00924_RIGHT_CC/1.3.6.1.4.1.9590.100.1.2.264250032311718982132636655833386731697/1.3.6.1.4.1.9590.100.1.2.28680883310411594307445836062592645670/000000.dcm,calc,train,0,BENIGN
P_00924,RIGHT,MLO,calcification,BENIGN_WITHOUT_CALLBACK,Calc-Training_P_00924_RIGHT_MLO/1.3.6.1.4.1.9590.100.1.2.289160079911208321325993054051901509222/1.3.6.1.4.1.9590.100.1.2.135043818412885041303928984800475592511/000000.dcm,calc,train,0,BENIGN
P_00924,RIGHT,MLO,calcification,BENIGN_WITHOUT_CALLBACK,Calc-Training_P_00924_RIGHT_MLO/1.3.6.1.4.1.9590.100.1.2.289160079911208321325993054051901509222/1.3.6.1.4.1.9590.100.1.2.135043818412885041303928984800475592511/000000.dcm,calc,train,0,BENIGN
P_00924,RIGHT,MLO,calcification,BENIGN_WITHOUT_CALLBACK,Calc-Training_P_00924_RIGHT_MLO/1.3.6.1.4.1.9590.100.1.2.289160079911208321325993054051901509222/1.3.6.1.4.1.9590.100.1.2.135043818412885041303928984800475592511/000000.dcm,calc,train,0,BENIGN
P_00925,RIGHT,CC,calcification,MALIGNANT,Calc-Training_P_00925_RIGHT_CC/1.3.6.1.4.1.9590.100.1.2.133996804410195687140254995442237149328/1.3.6.1.4.1.9590.100.1.2.101876034212703674115614634520983956604/000000.dcm,calc,train,1,MALIGNANT
P_00925,RIGHT,MLO,calcification,MALIGNANT,Calc-Training_P_00925_RIGHT_MLO/1.3.6.1.4.1.9590.100.1.2.112199739512288270938449627040550851254/1.3.6.1.4.1.9590.100.1.2.36141652310257071729656234632903650840/000000.dcm,calc,train,1,MALIGNANT
P_00926,LEFT,CC,calcification,BENIGN,Calc-Training_P_00926_LEFT_CC/1.3.6.1.4.1.9590.100.1.2.28989838512641167838232183491489829266/1.3.6.1.4.1.9590.100.1.2.74540245811959658905415477073773838016/000000.dcm,calc,train,0,BENIGN
P_00926,LEFT,MLO,calcification,BENIGN,Calc-Training_P_00926_LEFT_MLO/1.3.6.1.4.1.9590.100.1.2.335973360011208441304722825130683546329/1.3.6.1.4.1.9590.100.1.2.398342917812582110323344958731918670494/000000.dcm,calc,train,0,BENIGN
P_00930,LEFT,CC,calcification,MALIGNANT,Calc-Training_P_00930_LEFT_CC/1.3.6.1.4.1.9590.100.1.2.72379391511256167308292533104017675858/1.3.6.1.4.1.9590.100.1.2.359294407211413842911899393813732222873/000000.dcm,calc,train,1,MALIGNANT
P_00930,LEFT,MLO,calcification,MALIGNANT,Calc-Training_P_00930_LEFT_MLO/1.3.6.1.4.1.9590.100.1.2.204223189311763698330854974773574392670/1.3.6.1.4.1.9590.100.1.2.423366648112441100512193050891334003531/000000.dcm,calc,train,1,MALIGNANT
P_00933,LEFT,CC,calcification,MALIGNANT,Calc-Training_P_00933_LEFT_CC/1.3.6.1.4.1.9590.100.1.2.272145359510099600009228392180763778998/1.3.6.1.4.1.9590.100.1.2.234549745310812929712724768013589422424/000000.dcm,calc,train,1,MALIGNANT
P_00933,LEFT,MLO,calcification,MALIGNANT,Calc-Training_P_00933_LEFT_MLO/1.3.6.1.4.1.9590.100.1.2.233275453911206242601462419252661752445/1.3.6.1.4.1.9590.100.1.2.265097794411175803131715370690526888527/000000.dcm,calc,train,1,MALIGNANT
P_00937,LEFT,CC,calcification,MALIGNANT,Calc-Training_P_00937_LEFT_CC/1.3.6.1.4.1.9590.100.1.2.116879015210475958229167740762946040006/1.3.6.1.4.1.9590.100.1.2.14226245411940428604259460062748182603/000000.dcm,calc,train,1,MALIGNANT
P_00937,LEFT,MLO,calcification,MALIGNANT,Calc-Training_P_00937_LEFT_MLO/1.3.6.1.4.1.9590.100.1.2.125939122812343066913493930452131634917/1.3.6.1.4.1.9590.100.1.2.149019799211529270232141083060812049618/000000.dcm,calc,train,1,MALIGNANT
P_00937,RIGHT,CC,calcification,MALIGNANT,Calc-Training_P_00937_RIGHT_CC/1.3.6.1.4.1.9590.100.1.2.242230585012919504617083073410135406632/1.3.6.1.4.1.9590.100.1.2.277386199113623622538283393320382856393/000000.dcm,calc,train,1,MALIGNANT
P_00937,RIGHT,CC,calcification,BENIGN,Calc-Training_P_00937_RIGHT_CC/1.3.6.1.4.1.9590.100.1.2.242230585012919504617083073410135406632/1.3.6.1.4.1.9590.100.1.2.277386199113623622538283393320382856393/000000.dcm,calc,train,0,BENIGN
P_00937,RIGHT,MLO,calcification,MALIGNANT,Calc-Training_P_00937_RIGHT_MLO/1.3.6.1.4.1.9590.100.1.2.341648471811449206413421846383752782936/1.3.6.1.4.1.9590.100.1.2.164230313413171420208980348222559764106/000000.dcm,calc,train,1,MALIGNANT
P_00937,RIGHT,MLO,calcification,BENIGN,Calc-Training_P_00937_RIGHT_MLO/1.3.6.1.4.1.9590.100.1.2.341648471811449206413421846383752782936/1.3.6.1.4.1.9590.100.1.2.164230313413171420208980348222559764106/000000.dcm,calc,train,0,BENIGN
P_00944,LEFT,CC,calcification,BENIGN,Calc-Training_P_00944_LEFT_CC/1.3.6.1.4.1.9590.100.1.2.422874565411242085819554787152928123469/1.3.6.1.4.1.9590.100.1.2.407211245712081520831383541002617507906/000000.dcm,calc,train,0,BENIGN
P_00944,LEFT,MLO,calcification,BENIGN,Calc-Training_P_00944_LEFT_MLO/1.3.6.1.4.1.9590.100.1.2.95917802810796105816864746314183721203/1.3.6.1.4.1.9590.100.1.2.75888639012130774840181006431587214557/000000.dcm,calc,train,0,BENIGN
P_00945,RIGHT,CC,calcification,MALIGNANT,Calc-Training_P_00945_RIGHT_CC/1.3.6.1.4.1.9590.100.1.2.184686901711851736502256585203046428936/1.3.6.1.4.1.9590.100.1.2.129810991011241876502499191340009065374/000000.dcm,calc,train,1,MALIGNANT
P_00945,RIGHT,MLO,calcification,MALIGNANT,Calc-Training_P_00945_RIGHT_MLO/1.3.6.1.4.1.9590.100.1.2.276645736211018779024234425821348423100/1.3.6.1.4.1.9590.100.1.2.163506679610325004000797648673297270049/000000.dcm,calc,train,1,MALIGNANT
P_00953,LEFT,CC,calcification,BENIGN,Calc-Training_P_00953_LEFT_CC/1.3.6.1.4.1.9590.100.1.2.331675888313728937626240421280553513270/1.3.6.1.4.1.9590.100.1.2.322555840610150969036628980763641238031/000000.dcm,calc,train,0,BENIGN
P_00953,LEFT,MLO,calcification,BENIGN,Calc-Training_P_00953_LEFT_MLO/1.3.6.1.4.1.9590.100.1.2.249384878112651737627125001263137149033/1.3.6.1.4.1.9590.100.1.2.340639819113816987131662997970973726015/000000.dcm,calc,train,0,BENIGN
P_00954,RIGHT,CC,calcification,MALIGNANT,Calc-Training_P_00954_RIGHT_CC/1.3.6.1.4.1.9590.100.1.2.339785766911684157312552562501786615281/1.3.6.1.4.1.9590.100.1.2.411116258112014480321014946852384550659/000000.dcm,calc,train,1,MALIGNANT
P_00954,RIGHT,MLO,calcification,MALIGNANT,Calc-Training_P_00954_RIGHT_MLO/1.3.6.1.4.1.9590.100.1.2.150076873612499455224918880010150779459/1.3.6.1.4.1.9590.100.1.2.395712637213472331226606094561312221771/000000.dcm,calc,train,1,MALIGNANT
P_00955,RIGHT,CC,calcification,BENIGN,Calc-Training_P_00955_RIGHT_CC/1.3.6.1.4.1.9590.100.1.2.248381089511847907116257831811790888749/1.3.6.1.4.1.9590.100.1.2.253365176212377875325903763800059466852/000000.dcm,calc,train,0,BENIGN
P_00955,RIGHT,MLO,calcification,BENIGN,Calc-Training_P_00955_RIGHT_MLO/1.3.6.1.4.1.9590.100.1.2.229108913512298044829505071780879041935/1.3.6.1.4.1.9590.100.1.2.11944132911495668340164386581275227965/000000.dcm,calc,train,0,BENIGN
P_00956,LEFT,MLO,calcification,BENIGN,Calc-Training_P_00956_LEFT_MLO/1.3.6.1.4.1.9590.100.1.2.303073621312797956511712895051728769491/1.3.6.1.4.1.9590.100.1.2.229144240411164885912420635020552730908/000000.dcm,calc,train,0,BENIGN
P_00960,LEFT,CC,calcification,BENIGN,Calc-Training_P_00960_LEFT_CC/1.3.6.1.4.1.9590.100.1.2.204611285812065666500527097672735488086/1.3.6.1.4.1.9590.100.1.2.56216990710364340925180261581308674021/000000.dcm,calc,train,0,BENIGN
P_00960,LEFT,MLO,calcification,BENIGN,Calc-Training_P_00960_LEFT_MLO/1.3.6.1.4.1.9590.100.1.2.201671583110341689339694688124232828997/1.3.6.1.4.1.9590.100.1.2.172371081711408385517269979123131469684/000000.dcm,calc,train,0,BENIGN
P_00965,LEFT,CC,calcification,BENIGN,Calc-Training_P_00965_LEFT_CC/1.3.6.1.4.1.9590.100.1.2.409487710412206621807606677902802588562/1.3.6.1.4.1.9590.100.1.2.292500264312414953135195470122597266700/000000.dcm,calc,train,0,BENIGN
P_00965,LEFT,MLO,calcification,BENIGN,Calc-Training_P_00965_LEFT_MLO/1.3.6.1.4.1.9590.100.1.2.351170991213438816624854014983761624102/1.3.6.1.4.1.9590.100.1.2.426882877412590145115368977103864751984/000000.dcm,calc,train,0,BENIGN
P_00967,RIGHT,CC,calcification,MALIGNANT,Calc-Training_P_00967_RIGHT_CC/1.3.6.1.4.1.9590.100.1.2.125462656311969504515726929100920683191/1.3.6.1.4.1.9590.100.1.2.285266930611885423011132043611867699717/000000.dcm,calc,train,1,MALIGNANT
P_00967,RIGHT,MLO,calcification,MALIGNANT,Calc-Training_P_00967_RIGHT_MLO/1.3.6.1.4.1.9590.100.1.2.247123796311414478426585476454145806345/1.3.6.1.4.1.9590.100.1.2.146230669811223160611759960320327556822/000000.dcm,calc,train,1,MALIGNANT
P_00969,LEFT,CC,calcification,MALIGNANT,Calc-Training_P_00969_LEFT_CC/1.3.6.1.4.1.9590.100.1.2.157467273412622198637361970530344222097/1.3.6.1.4.1.9590.100.1.2.424724898813138149709627478201552429920/000000.dcm,calc,train,1,MALIGNANT
P_00969,LEFT,MLO,calcification,MALIGNANT,Calc-Training_P_00969_LEFT_MLO/1.3.6.1.4.1.9590.100.1.2.304887339612389688815928554421526258582/1.3.6.1.4.1.9590.100.1.2.77317686512407756642679748473824118854/000000.dcm,calc,train,1,MALIGNANT
P_00969,LEFT,MLO,calcification,MALIGNANT,Calc-Training_P_00969_LEFT_MLO/1.3.6.1.4.1.9590.100.1.2.304887339612389688815928554421526258582/1.3.6.1.4.1.9590.100.1.2.77317686512407756642679748473824118854/000000.dcm,calc,train,1,MALIGNANT
P_00969,LEFT,MLO,calcification,MALIGNANT,Calc-Training_P_00969_LEFT_MLO/1.3.6.1.4.1.9590.100.1.2.304887339612389688815928554421526258582/1.3.6.1.4.1.9590.100.1.2.77317686512407756642679748473824118854/000000.dcm,calc,train,1,MALIGNANT
P_00971,RIGHT,MLO,calcification,MALIGNANT,Calc-Training_P_00971_RIGHT_MLO/1.3.6.1.4.1.9590.100.1.2.240209461112191749628468025710354071900/1.3.6.1.4.1.9590.100.1.2.332028408911864921336926698523884558246/000000.dcm,calc,train,1,MALIGNANT
P_00973,RIGHT,CC,calcification,BENIGN,Calc-Training_P_00973_RIGHT_CC/1.3.6.1.4.1.9590.100.1.2.204111297311585100022259191231908397197/1.3.6.1.4.1.9590.100.1.2.100792511112769116642896236870187678269/000000.dcm,calc,train,0,BENIGN
P_00973,RIGHT,MLO,calcification,BENIGN,Calc-Training_P_00973_RIGHT_MLO/1.3.6.1.4.1.9590.100.1.2.295192403513460964627962408264282621353/1.3.6.1.4.1.9590.100.1.2.221183989512603246529505140580275370749/000000.dcm,calc,train,0,BENIGN
P_00977,LEFT,MLO,calcification,BENIGN,Calc-Training_P_00977_LEFT_MLO/1.3.6.1.4.1.9590.100.1.2.58603487011917101216234748623224478278/1.3.6.1.4.1.9590.100.1.2.75802369411762877605034853502683415083/000000.dcm,calc,train,0,BENIGN
P_00978,LEFT,CC,calcification,MALIGNANT,Calc-Training_P_00978_LEFT_CC/1.3.6.1.4.1.9590.100.1.2.263757598013372325005601622202401954589/1.3.6.1.4.1.9590.100.1.2.289047219512256039918940338131357459992/000000.dcm,calc,train,1,MALIGNANT
P_00978,LEFT,MLO,calcification,MALIGNANT,Calc-Training_P_00978_LEFT_MLO/1.3.6.1.4.1.9590.100.1.2.326363612512303990731241138410039763736/1.3.6.1.4.1.9590.100.1.2.193679587911454947820277534022913478828/000000.dcm,calc,train,1,MALIGNANT
P_00981,LEFT,CC,calcification,MALIGNANT,Calc-Training_P_00981_LEFT_CC/1.3.6.1.4.1.9590.100.1.2.364230130513139065826348394492623198741/1.3.6.1.4.1.9590.100.1.2.429363465711291189601905988291113051006/000000.dcm,calc,train,1,MALIGNANT
P_00981,LEFT,MLO,calcification,MALIGNANT,Calc-Training_P_00981_LEFT_MLO/1.3.6.1.4.1.9590.100.1.2.185200434911662017737594595133143874924/1.3.6.1.4.1.9590.100.1.2.66963588213040864130748622603302907017/000000.dcm,calc,train,1,MALIGNANT
P_00983,LEFT,CC,calcification,MALIGNANT,Calc-Training_P_00983_LEFT_CC/1.3.6.1.4.1.9590.100.1.2.3245368812632098232448590452291015985/1.3.6.1.4.1.9590.100.1.2.291332101511102122706139063180009445919/000000.dcm,calc,train,1,MALIGNANT
P_00989,RIGHT,CC,calcification,MALIGNANT,Calc-Training_P_00989_RIGHT_CC/1.3.6.1.4.1.9590.100.1.2.74242971410950967702362983813185863316/1.3.6.1.4.1.9590.100.1.2.246955628010861739125873409552788690641/000000.dcm,calc,train,1,MALIGNANT
P_00989,RIGHT,CC,calcification,MALIGNANT,Calc-Training_P_00989_RIGHT_CC/1.3.6.1.4.1.9590.100.1.2.74242971410950967702362983813185863316/1.3.6.1.4.1.9590.100.1.2.246955628010861739125873409552788690641/000000.dcm,calc,train,1,MALIGNANT
P_00989,RIGHT,MLO,calcification,MALIGNANT,Calc-Training_P_00989_RIGHT_MLO/1.3.6.1.4.1.9590.100.1.2.358103411879086803774957030683493689/1.3.6.1.4.1.9590.100.1.2.373716041310972106022292125742053053582/000000.dcm,calc,train,1,MALIGNANT
P_00991,LEFT,CC,calcification,BENIGN_WITHOUT_CALLBACK,Calc-Training_P_00991_LEFT_CC/1.3.6.1.4.1.9590.100.1.2.340914133511714410340519791783558991484/1.3.6.1.4.1.9590.100.1.2.239375757412064469217558560010783597200/000000.dcm,calc,train,0,BENIGN
P_00991,LEFT,MLO,calcification,BENIGN_WITHOUT_CALLBACK,Calc-Training_P_00991_LEFT_MLO/1.3.6.1.4.1.9590.100.1.2.221107317611725128608437574462381320827/1.3.6.1.4.1.9590.100.1.2.160273527413038558910382570803012121272/000000.dcm,calc,train,0,BENIGN
P_00992,LEFT,CC,calcification,BENIGN_WITHOUT_CALLBACK,Calc-Training_P_00992_LEFT_CC/1.3.6.1.4.1.9590.100.1.2.69091509812004698737649064282520263552/1.3.6.1.4.1.9590.100.1.2.226461181411166301627817785992929720287/000000.dcm,calc,train,0,BENIGN
P_00992,LEFT,MLO,calcification,BENIGN_WITHOUT_CALLBACK,Calc-Training_P_00992_LEFT_MLO/1.3.6.1.4.1.9590.100.1.2.258129828112032372740571450173629846196/1.3.6.1.4.1.9590.100.1.2.243936712411953371707027038052910046052/000000.dcm,calc,train,0,BENIGN
P_00992,RIGHT,CC,calcification,MALIGNANT,Calc-Training_P_00992_RIGHT_CC/1.3.6.1.4.1.9590.100.1.2.197222410011134381535565756391834140817/1.3.6.1.4.1.9590.100.1.2.361650515113026812037039136351935445201/000000.dcm,calc,train,1,MALIGNANT
P_00992,RIGHT,MLO,calcification,MALIGNANT,Calc-Training_P_00992_RIGHT_MLO/1.3.6.1.4.1.9590.100.1.2.358559571612407059805241691471210376756/1.3.6.1.4.1.9590.100.1.2.323851724411936165416912969091240998164/000000.dcm,calc,train,1,MALIGNANT
P_00993,RIGHT,CC,calcification,MALIGNANT,Calc-Training_P_00993_RIGHT_CC/1.3.6.1.4.1.9590.100.1.2.425692523412479780335299186281262122380/1.3.6.1.4.1.9590.100.1.2.386720606312146335806417821662975361570/000000.dcm,calc,train,1,MALIGNANT
P_00993,RIGHT,MLO,calcification,MALIGNANT,Calc-Training_P_00993_RIGHT_MLO/1.3.6.1.4.1.9590.100.1.2.114069149213765687711603792850666419328/1.3.6.1.4.1.9590.100.1.2.319635205312149596339720475250305366229/000000.dcm,calc,train,1,MALIGNANT
P_00998,LEFT,CC,calcification,MALIGNANT,Calc-Training_P_00998_LEFT_CC/1.3.6.1.4.1.9590.100.1.2.132376034512947092026462219962344220487/1.3.6.1.4.1.9590.100.1.2.281134918712523522430570152044038946365/000000.dcm,calc,train,1,MALIGNANT
P_01002,LEFT,CC,calcification,MALIGNANT,Calc-Training_P_01002_LEFT_CC/1.3.6.1.4.1.9590.100.1.2.57390508811700299026745565902843772777/1.3.6.1.4.1.9590.100.1.2.162762326813606162325742273321703939322/000000.dcm,calc,train,1,MALIGNANT
P_01002,LEFT,MLO,calcification,MALIGNANT,Calc-Training_P_01002_LEFT_MLO/1.3.6.1.4.1.9590.100.1.2.327213361411690290542217361222491103598/1.3.6.1.4.1.9590.100.1.2.244445414111520983332544196020644235005/000000.dcm,calc,train,1,MALIGNANT
P_01003,LEFT,CC,calcification,BENIGN_WITHOUT_CALLBACK,Calc-Training_P_01003_LEFT_CC/1.3.6.1.4.1.9590.100.1.2.112122269512865262831653564224237317078/1.3.6.1.4.1.9590.100.1.2.362930515912268348301215317810563291196/000000.dcm,calc,train,0,BENIGN
P_01003,LEFT,MLO,calcification,BENIGN_WITHOUT_CALLBACK,Calc-Training_P_01003_LEFT_MLO/1.3.6.1.4.1.9590.100.1.2.405994429011733068727541771761482347641/1.3.6.1.4.1.9590.100.1.2.385276758111193101103062514103940887367/000000.dcm,calc,train,0,BENIGN
P_01010,RIGHT,MLO,calcification,BENIGN,Calc-Training_P_01010_RIGHT_MLO/1.3.6.1.4.1.9590.100.1.2.203174807211879452112634146871282236886/1.3.6.1.4.1.9590.100.1.2.211409008111163961622935100200425308865/000000.dcm,calc,train,0,BENIGN
P_01015,LEFT,CC,calcification,MALIGNANT,Calc-Training_P_01015_LEFT_CC/1.3.6.1.4.1.9590.100.1.2.269902158310788001504697673504180240861/1.3.6.1.4.1.9590.100.1.2.121959290711029067138836794212407572353/000000.dcm,calc,train,1,MALIGNANT
P_01015,LEFT,MLO,calcification,MALIGNANT,Calc-Training_P_01015_LEFT_MLO/1.3.6.1.4.1.9590.100.1.2.92554839412835052822028747753577234339/1.3.6.1.4.1.9590.100.1.2.275391905512319530405651560254072747125/000000.dcm,calc,train,1,MALIGNANT
P_01016,RIGHT,MLO,calcification,BENIGN,Calc-Training_P_01016_RIGHT_MLO/1.3.6.1.4.1.9590.100.1.2.22658275312778932305796220650813030087/1.3.6.1.4.1.9590.100.1.2.82279956611168869209293211082234635438/000000.dcm,calc,train,0,BENIGN
P_01019,LEFT,CC,calcification,BENIGN,Calc-Training_P_01019_LEFT_CC/1.3.6.1.4.1.9590.100.1.2.50583170612425982821344608152746842491/1.3.6.1.4.1.9590.100.1.2.380165511912229640405471402453798358515/000000.dcm,calc,train,0,BENIGN
P_01019,LEFT,MLO,calcification,BENIGN,Calc-Training_P_01019_LEFT_MLO/1.3.6.1.4.1.9590.100.1.2.401901722010623344630325377452556379042/1.3.6.1.4.1.9590.100.1.2.344548292212143213708734404012782653103/000000.dcm,calc,train,0,BENIGN
P_01029,LEFT,CC,calcification,BENIGN_WITHOUT_CALLBACK,Calc-Training_P_01029_LEFT_CC/1.3.6.1.4.1.9590.100.1.2.274150905212922239213422232774271304828/1.3.6.1.4.1.9590.100.1.2.410427251211324668806364507381692714222/000000.dcm,calc,train,0,BENIGN
P_01029,LEFT,CC,calcification,BENIGN_WITHOUT_CALLBACK,Calc-Training_P_01029_LEFT_CC/1.3.6.1.4.1.9590.100.1.2.274150905212922239213422232774271304828/1.3.6.1.4.1.9590.100.1.2.410427251211324668806364507381692714222/000000.dcm,calc,train,0,BENIGN
P_01029,LEFT,CC,calcification,BENIGN_WITHOUT_CALLBACK,Calc-Training_P_01029_LEFT_CC/1.3.6.1.4.1.9590.100.1.2.274150905212922239213422232774271304828/1.3.6.1.4.1.9590.100.1.2.410427251211324668806364507381692714222/000000.dcm,calc,train,0,BENIGN
P_01029,LEFT,MLO,calcification,BENIGN_WITHOUT_CALLBACK,Calc-Training_P_01029_LEFT_MLO/1.3.6.1.4.1.9590.100.1.2.198699648213816317830016011860675029140/1.3.6.1.4.1.9590.100.1.2.25505513712855415327641798580412158176/000000.dcm,calc,train,0,BENIGN
P_01029,LEFT,MLO,calcification,BENIGN_WITHOUT_CALLBACK,Calc-Training_P_01029_LEFT_MLO/1.3.6.1.4.1.9590.100.1.2.198699648213816317830016011860675029140/1.3.6.1.4.1.9590.100.1.2.25505513712855415327641798580412158176/000000.dcm,calc,train,0,BENIGN
P_01029,LEFT,MLO,calcification,BENIGN_WITHOUT_CALLBACK,Calc-Training_P_01029_LEFT_MLO/1.3.6.1.4.1.9590.100.1.2.198699648213816317830016011860675029140/1.3.6.1.4.1.9590.100.1.2.25505513712855415327641798580412158176/000000.dcm,calc,train,0,BENIGN
P_01029,RIGHT,CC,calcification,BENIGN_WITHOUT_CALLBACK,Calc-Training_P_01029_RIGHT_CC/1.3.6.1.4.1.9590.100.1.2.328255538113127087024624746550438491848/1.3.6.1.4.1.9590.100.1.2.44132888612333667131750660180484426736/000000.dcm,calc,train,0,BENIGN
P_01029,RIGHT,MLO,calcification,BENIGN_WITHOUT_CALLBACK,Calc-Training_P_01029_RIGHT_MLO/1.3.6.1.4.1.9590.100.1.2.418894889111323939835260619540207725600/1.3.6.1.4.1.9590.100.1.2.399234136513836877323460701560078559066/000000.dcm,calc,train,0,BENIGN
P_01033,LEFT,CC,calcification,BENIGN,Calc-Training_P_01033_LEFT_CC/1.3.6.1.4.1.9590.100.1.2.118894778811081526416678206731783229448/1.3.6.1.4.1.9590.100.1.2.392970146113452970803977306882479362135/000000.dcm,calc,train,0,BENIGN
P_01033,LEFT,MLO,calcification,BENIGN,Calc-Training_P_01033_LEFT_MLO/1.3.6.1.4.1.9590.100.1.2.35203406912827487505926393763794657107/1.3.6.1.4.1.9590.100.1.2.269202987711986825109322228633022698364/000000.dcm,calc,train,0,BENIGN
P_01034,LEFT,CC,calcification,BENIGN,Calc-Training_P_01034_LEFT_CC/1.3.6.1.4.1.9590.100.1.2.384346320712373081111378275152759103508/1.3.6.1.4.1.9590.100.1.2.297279813411974783710996817011363320248/000000.dcm,calc,train,0,BENIGN
P_01034,LEFT,CC,calcification,BENIGN,Calc-Training_P_01034_LEFT_CC/1.3.6.1.4.1.9590.100.1.2.384346320712373081111378275152759103508/1.3.6.1.4.1.9590.100.1.2.297279813411974783710996817011363320248/000000.dcm,calc,train,0,BENIGN
P_01034,LEFT,MLO,calcification,BENIGN,Calc-Training_P_01034_LEFT_MLO/1.3.6.1.4.1.9590.100.1.2.218006709311741481102521888080689209049/1.3.6.1.4.1.9590.100.1.2.133488449010975893429744902440595376958/000000.dcm,calc,train,0,BENIGN
P_01034,LEFT,MLO,calcification,BENIGN,Calc-Training_P_01034_LEFT_MLO/1.3.6.1.4.1.9590.100.1.2.218006709311741481102521888080689209049/1.3.6.1.4.1.9590.100.1.2.133488449010975893429744902440595376958/000000.dcm,calc,train,0,BENIGN
P_01034,LEFT,MLO,calcification,BENIGN,Calc-Training_P_01034_LEFT_MLO/1.3.6.1.4.1.9590.100.1.2.218006709311741481102521888080689209049/1.3.6.1.4.1.9590.100.1.2.133488449010975893429744902440595376958/000000.dcm,calc,train,0,BENIGN
P_01037,LEFT,CC,calcification,BENIGN,Calc-Training_P_01037_LEFT_CC/1.3.6.1.4.1.9590.100.1.2.90265893713853672415701700021598666851/1.3.6.1.4.1.9590.100.1.2.230147294010770633909173559510996309816/000000.dcm,calc,train,0,BENIGN
P_01037,LEFT,MLO,calcification,BENIGN,Calc-Training_P_01037_LEFT_MLO/1.3.6.1.4.1.9590.100.1.2.111211829312983143235029413300600920868/1.3.6.1.4.1.9590.100.1.2.97547826211095985914050307841941534768/000000.dcm,calc,train,0,BENIGN
P_01040,RIGHT,CC,calcification,BENIGN,Calc-Training_P_01040_RIGHT_CC/1.3.6.1.4.1.9590.100.1.2.220541538711296754316557160120444417258/1.3.6.1.4.1.9590.100.1.2.52915627412340525122930510274096143514/000000.dcm,calc,train,0,BENIGN
P_01040,RIGHT,MLO,calcification,BENIGN,Calc-Training_P_01040_RIGHT_MLO/1.3.6.1.4.1.9590.100.1.2.276851624512584931031059882823856251195/1.3.6.1.4.1.9590.100.1.2.83277529510554269626736140001670498905/000000.dcm,calc,train,0,BENIGN
P_01041,RIGHT,CC,calcification,MALIGNANT,Calc-Training_P_01041_RIGHT_CC/1.3.6.1.4.1.9590.100.1.2.142382003813775396102166255381197817209/1.3.6.1.4.1.9590.100.1.2.131626144811795899405524794221176116222/000000.dcm,calc,train,1,MALIGNANT
P_01041,RIGHT,MLO,calcification,MALIGNANT,Calc-Training_P_01041_RIGHT_MLO/1.3.6.1.4.1.9590.100.1.2.182915036311473278940384393553899042688/1.3.6.1.4.1.9590.100.1.2.105898757111424247422197592732128710492/000000.dcm,calc,train,1,MALIGNANT
P_01043,RIGHT,CC,calcification,MALIGNANT,Calc-Training_P_01043_RIGHT_CC/1.3.6.1.4.1.9590.100.1.2.427268006811270295134554124003500857227/1.3.6.1.4.1.9590.100.1.2.377251303311539452605579787814068657688/000000.dcm,calc,train,1,MALIGNANT
P_01043,RIGHT,MLO,calcification,MALIGNANT,Calc-Training_P_01043_RIGHT_MLO/1.3.6.1.4.1.9590.100.1.2.224431341013110991622667836733774433807/1.3.6.1.4.1.9590.100.1.2.276944404311872545918449832041230927716/000000.dcm,calc,train,1,MALIGNANT
P_01045,RIGHT,CC,calcification,MALIGNANT,Calc-Training_P_01045_RIGHT_CC/1.3.6.1.4.1.9590.100.1.2.60491154410616892211578623050201901794/1.3.6.1.4.1.9590.100.1.2.1690346311216645411811746583186761059/000000.dcm,calc,train,1,MALIGNANT
P_01045,RIGHT,MLO,calcification,MALIGNANT,Calc-Training_P_01045_RIGHT_MLO/1.3.6.1.4.1.9590.100.1.2.41514464111335940200087415144072647026/1.3.6.1.4.1.9590.100.1.2.17892681711337126219926987863105305533/000000.dcm,calc,train,1,MALIGNANT
P_01046,LEFT,CC,calcification,BENIGN,Calc-Training_P_01046_LEFT_CC/1.3.6.1.4.1.9590.100.1.2.74583576813060019607014411661201834324/1.3.6.1.4.1.9590.100.1.2.336250745512245224235516614562274071177/000000.dcm,calc,train,0,BENIGN
P_01046,LEFT,MLO,calcification,BENIGN,Calc-Training_P_01046_LEFT_MLO/1.3.6.1.4.1.9590.100.1.2.308871193111265917102272611104214824077/1.3.6.1.4.1.9590.100.1.2.393223075311861735504061874434045352957/000000.dcm,calc,train,0,BENIGN
P_01049,LEFT,CC,calcification,BENIGN_WITHOUT_CALLBACK,Calc-Training_P_01049_LEFT_CC/1.3.6.1.4.1.9590.100.1.2.204476716911127885531486506390601360204/1.3.6.1.4.1.9590.100.1.2.346337420110158560234241834612005252035/000000.dcm,calc,train,0,BENIGN
P_01049,LEFT,MLO,calcification,BENIGN_WITHOUT_CALLBACK,Calc-Training_P_01049_LEFT_MLO/1.3.6.1.4.1.9590.100.1.2.246276318211228348019114197823767745861/1.3.6.1.4.1.9590.100.1.2.355553641512510260238898266910522141460/000000.dcm,calc,train,0,BENIGN
P_01053,LEFT,CC,calcification,BENIGN,Calc-Training_P_01053_LEFT_CC/1.3.6.1.4.1.9590.100.1.2.270214466112983215635564044150826898974/1.3.6.1.4.1.9590.100.1.2.289747916911460414638425343101156758320/000000.dcm,calc,train,0,BENIGN
P_01053,LEFT,MLO,calcification,BENIGN,Calc-Training_P_01053_LEFT_MLO/1.3.6.1.4.1.9590.100.1.2.110208638311684813514709792382620043604/1.3.6.1.4.1.9590.100.1.2.103878693213983598417120702731396728191/000000.dcm,calc,train,0,BENIGN
P_01056,RIGHT,CC,calcification,BENIGN,Calc-Training_P_01056_RIGHT_CC/1.3.6.1.4.1.9590.100.1.2.403345024913474972639344206310104443507/1.3.6.1.4.1.9590.100.1.2.329911839010759035709065450270233678387/000000.dcm,calc,train,0,BENIGN
P_01056,RIGHT,MLO,calcification,BENIGN,Calc-Training_P_01056_RIGHT_MLO/1.3.6.1.4.1.9590.100.1.2.40690239611084725734789500782835194288/1.3.6.1.4.1.9590.100.1.2.40544421012540353037771775093708383382/000000.dcm,calc,train,0,BENIGN
P_01059,LEFT,CC,calcification,MALIGNANT,Calc-Training_P_01059_LEFT_CC/1.3.6.1.4.1.9590.100.1.2.221061310111179644841729327362348237467/1.3.6.1.4.1.9590.100.1.2.119555056211949481036271922532846188146/000000.dcm,calc,train,1,MALIGNANT
P_01059,LEFT,MLO,calcification,MALIGNANT,Calc-Training_P_01059_LEFT_MLO/1.3.6.1.4.1.9590.100.1.2.200119932013341435311363460382747123946/1.3.6.1.4.1.9590.100.1.2.183070980511146062324091268450186681155/000000.dcm,calc,train,1,MALIGNANT
P_01060,RIGHT,CC,calcification,MALIGNANT,Calc-Training_P_01060_RIGHT_CC/1.3.6.1.4.1.9590.100.1.2.81107819511539033839335942782773159311/1.3.6.1.4.1.9590.100.1.2.292582328811125814120981958810763291533/000000.dcm,calc,train,1,MALIGNANT
P_01060,RIGHT,MLO,calcification,MALIGNANT,Calc-Training_P_01060_RIGHT_MLO/1.3.6.1.4.1.9590.100.1.2.197183202113802850232603941133467562747/1.3.6.1.4.1.9590.100.1.2.275564325713829826540902335213793436483/000000.dcm,calc,train,1,MALIGNANT
P_01063,RIGHT,MLO,calcification,BENIGN,Calc-Training_P_01063_RIGHT_MLO/1.3.6.1.4.1.9590.100.1.2.223285405612310799513898254270565791524/1.3.6.1.4.1.9590.100.1.2.226710185113728202217989093142516698730/000000.dcm,calc,train,0,BENIGN
P_01064,LEFT,MLO,calcification,MALIGNANT,Calc-Training_P_01064_LEFT_MLO/1.3.6.1.4.1.9590.100.1.2.145321979911263111014439789421857690800/1.3.6.1.4.1.9590.100.1.2.58003588113763135936054240060937112831/000000.dcm,calc,train,1,MALIGNANT
P_01065,LEFT,CC,calcification,MALIGNANT,Calc-Training_P_01065_LEFT_CC/1.3.6.1.4.1.9590.100.1.2.257650853312671242400595774972842625363/1.3.6.1.4.1.9590.100.1.2.423745919512326900017054944484153444538/000000.dcm,calc,train,1,MALIGNANT
P_01065,LEFT,MLO,calcification,MALIGNANT,Calc-Training_P_01065_LEFT_MLO/1.3.6.1.4.1.9590.100.1.2.96236096211686763003141682222852720174/1.3.6.1.4.1.9590.100.1.2.229512859711763365608275659942936229047/000000.dcm,calc,train,1,MALIGNANT
P_01066,RIGHT,CC,calcification,BENIGN,Calc-Training_P_01066_RIGHT_CC/1.3.6.1.4.1.9590.100.1.2.224922858312253759806609798593560211102/1.3.6.1.4.1.9590.100.1.2.171690193811939034300995285902067361456/000000.dcm,calc,train,0,BENIGN
P_01066,RIGHT,MLO,calcification,BENIGN,Calc-Training_P_01066_RIGHT_MLO/1.3.6.1.4.1.9590.100.1.2.183070804311625192542182217232898170254/1.3.6.1.4.1.9590.100.1.2.39667273111261815839824900083494215398/000000.dcm,calc,train,0,BENIGN
P_01069,LEFT,CC,calcification,BENIGN_WITHOUT_CALLBACK,Calc-Training_P_01069_LEFT_CC/1.3.6.1.4.1.9590.100.1.2.125064026712484909642903113223991239133/1.3.6.1.4.1.9590.100.1.2.357622005111975986615741382700349738102/000000.dcm,calc,train,0,BENIGN
P_01069,LEFT,MLO,calcification,BENIGN_WITHOUT_CALLBACK,Calc-Training_P_01069_LEFT_MLO/1.3.6.1.4.1.9590.100.1.2.390695719012411072840174841980919775542/1.3.6.1.4.1.9590.100.1.2.83580204812160373934283132732956217039/000000.dcm,calc,train,0,BENIGN
P_01069,RIGHT,CC,calcification,BENIGN_WITHOUT_CALLBACK,Calc-Training_P_01069_RIGHT_CC/1.3.6.1.4.1.9590.100.1.2.169487615612126035905419188482237301932/1.3.6.1.4.1.9590.100.1.2.277195194610753664319289297033722205267/000000.dcm,calc,train,0,BENIGN
P_01069,RIGHT,MLO,calcification,BENIGN_WITHOUT_CALLBACK,Calc-Training_P_01069_RIGHT_MLO/1.3.6.1.4.1.9590.100.1.2.330768037110450914437162692172664184895/1.3.6.1.4.1.9590.100.1.2.199030465211628071534398032711707148782/000000.dcm,calc,train,0,BENIGN
P_01072,LEFT,CC,calcification,MALIGNANT,Calc-Training_P_01072_LEFT_CC/1.3.6.1.4.1.9590.100.1.2.69058808811789716022767198051929922119/1.3.6.1.4.1.9590.100.1.2.152759266912320052713353770351328506160/000000.dcm,calc,train,1,MALIGNANT
P_01072,LEFT,MLO,calcification,MALIGNANT,Calc-Training_P_01072_LEFT_MLO/1.3.6.1.4.1.9590.100.1.2.255436035111100991214729325273686863120/1.3.6.1.4.1.9590.100.1.2.159291141810912015217099519221852402492/000000.dcm,calc,train,1,MALIGNANT
P_01073,RIGHT,CC,calcification,BENIGN,Calc-Training_P_01073_RIGHT_CC/1.3.6.1.4.1.9590.100.1.2.116069366110775118631771846580466509932/1.3.6.1.4.1.9590.100.1.2.311473502413204676224697502020831513751/000000.dcm,calc,train,0,BENIGN
P_01073,RIGHT,MLO,calcification,BENIGN,Calc-Training_P_01073_RIGHT_MLO/1.3.6.1.4.1.9590.100.1.2.117874921912298854035029585100603516585/1.3.6.1.4.1.9590.100.1.2.81370656213894660718368918152165902345/000000.dcm,calc,train,0,BENIGN
P_01084,LEFT,CC,calcification,MALIGNANT,Calc-Training_P_01084_LEFT_CC/1.3.6.1.4.1.9590.100.1.2.152862231412368410629290310690202991539/1.3.6.1.4.1.9590.100.1.2.335477209910579493217302204181784363691/000000.dcm,calc,train,1,MALIGNANT
P_01084,LEFT,MLO,calcification,MALIGNANT,Calc-Training_P_01084_LEFT_MLO/1.3.6.1.4.1.9590.100.1.2.222685844312548565317328094042600303054/1.3.6.1.4.1.9590.100.1.2.409183696710028206511889027894090456209/000000.dcm,calc,train,1,MALIGNANT
P_01084,LEFT,MLO,calcification,MALIGNANT,Calc-Training_P_01084_LEFT_MLO/1.3.6.1.4.1.9590.100.1.2.222685844312548565317328094042600303054/1.3.6.1.4.1.9590.100.1.2.409183696710028206511889027894090456209/000000.dcm,calc,train,1,MALIGNANT
P_01087,LEFT,CC,calcification,MALIGNANT,Calc-Training_P_01087_LEFT_CC/1.3.6.1.4.1.9590.100.1.2.226939271211349128430148773491042803858/1.3.6.1.4.1.9590.100.1.2.369846684911774316529294473251654117504/000000.dcm,calc,train,1,MALIGNANT
P_01091,RIGHT,MLO,calcification,MALIGNANT,Calc-Training_P_01091_RIGHT_MLO/1.3.6.1.4.1.9590.100.1.2.146437105510985445833643521453731517967/1.3.6.1.4.1.9590.100.1.2.252669224511178690019488364973047108738/000000.dcm,calc,train,1,MALIGNANT
P_01094,RIGHT,CC,calcification,BENIGN,Calc-Training_P_01094_RIGHT_CC/1.3.6.1.4.1.9590.100.1.2.195326896111844395714058346720228962180/1.3.6.1.4.1.9590.100.1.2.191588296112588510420175663541137286417/000000.dcm,calc,train,0,BENIGN
P_01094,RIGHT,MLO,calcification,BENIGN,Calc-Training_P_01094_RIGHT_MLO/1.3.6.1.4.1.9590.100.1.2.101767424012087941440701095954082356610/1.3.6.1.4.1.9590.100.1.2.344419358811985823629681727110281003457/000000.dcm,calc,train,0,BENIGN
P_01095,LEFT,CC,calcification,BENIGN,Calc-Training_P_01095_LEFT_CC/1.3.6.1.4.1.9590.100.1.2.88261220012070338202522904704183228867/1.3.6.1.4.1.9590.100.1.2.124325172312570652216926793142454709735/000000.dcm,calc,train,0,BENIGN
P_01095,LEFT,MLO,calcification,BENIGN,Calc-Training_P_01095_LEFT_MLO/1.3.6.1.4.1.9590.100.1.2.192903305011255427741433655592507767150/1.3.6.1.4.1.9590.100.1.2.407894012911760684441472426533218082092/000000.dcm,calc,train,0,BENIGN
P_01099,LEFT,CC,calcification,BENIGN_WITHOUT_CALLBACK,Calc-Training_P_01099_LEFT_CC/1.3.6.1.4.1.9590.100.1.2.310963923113275759430297488912741557782/1.3.6.1.4.1.9590.100.1.2.180179872111889546935977772832474436349/000000.dcm,calc,train,0,BENIGN
P_01099,LEFT,CC,calcification,BENIGN_WITHOUT_CALLBACK,Calc-Training_P_01099_LEFT_CC/1.3.6.1.4.1.9590.100.1.2.310963923113275759430297488912741557782/1.3.6.1.4.1.9590.100.1.2.180179872111889546935977772832474436349/000000.dcm,calc,train,0,BENIGN
P_01099,LEFT,CC,calcification,BENIGN_WITHOUT_CALLBACK,Calc-Training_P_01099_LEFT_CC/1.3.6.1.4.1.9590.100.1.2.310963923113275759430297488912741557782/1.3.6.1.4.1.9590.100.1.2.180179872111889546935977772832474436349/000000.dcm,calc,train,0,BENIGN
P_01099,LEFT,CC,calcification,BENIGN_WITHOUT_CALLBACK,Calc-Training_P_01099_LEFT_CC/1.3.6.1.4.1.9590.100.1.2.310963923113275759430297488912741557782/1.3.6.1.4.1.9590.100.1.2.180179872111889546935977772832474436349/000000.dcm,calc,train,0,BENIGN
P_01099,LEFT,CC,calcification,BENIGN_WITHOUT_CALLBACK,Calc-Training_P_01099_LEFT_CC/1.3.6.1.4.1.9590.100.1.2.310963923113275759430297488912741557782/1.3.6.1.4.1.9590.100.1.2.180179872111889546935977772832474436349/000000.dcm,calc,train,0,BENIGN
P_01099,LEFT,CC,calcification,BENIGN_WITHOUT_CALLBACK,Calc-Training_P_01099_LEFT_CC/1.3.6.1.4.1.9590.100.1.2.310963923113275759430297488912741557782/1.3.6.1.4.1.9590.100.1.2.180179872111889546935977772832474436349/000000.dcm,calc,train,0,BENIGN
P_01099,LEFT,MLO,calcification,BENIGN_WITHOUT_CALLBACK,Calc-Training_P_01099_LEFT_MLO/1.3.6.1.4.1.9590.100.1.2.428065927611844671526736797842135792707/1.3.6.1.4.1.9590.100.1.2.312361067713438122413722103643203072508/000000.dcm,calc,train,0,BENIGN
P_01099,LEFT,MLO,calcification,BENIGN_WITHOUT_CALLBACK,Calc-Training_P_01099_LEFT_MLO/1.3.6.1.4.1.9590.100.1.2.428065927611844671526736797842135792707/1.3.6.1.4.1.9590.100.1.2.312361067713438122413722103643203072508/000000.dcm,calc,train,0,BENIGN
P_01099,LEFT,MLO,calcification,BENIGN_WITHOUT_CALLBACK,Calc-Training_P_01099_LEFT_MLO/1.3.6.1.4.1.9590.100.1.2.428065927611844671526736797842135792707/1.3.6.1.4.1.9590.100.1.2.312361067713438122413722103643203072508/000000.dcm,calc,train,0,BENIGN
P_01099,LEFT,MLO,calcification,BENIGN_WITHOUT_CALLBACK,Calc-Training_P_01099_LEFT_MLO/1.3.6.1.4.1.9590.100.1.2.428065927611844671526736797842135792707/1.3.6.1.4.1.9590.100.1.2.312361067713438122413722103643203072508/000000.dcm,calc,train,0,BENIGN
P_01099,RIGHT,CC,calcification,BENIGN_WITHOUT_CALLBACK,Calc-Training_P_01099_RIGHT_CC/1.3.6.1.4.1.9590.100.1.2.60215632912210994211186989430034108360/1.3.6.1.4.1.9590.100.1.2.299422233111841863932704104012333395571/000000.dcm,calc,train,0,BENIGN
P_01099,RIGHT,CC,calcification,BENIGN_WITHOUT_CALLBACK,Calc-Training_P_01099_RIGHT_CC/1.3.6.1.4.1.9590.100.1.2.60215632912210994211186989430034108360/1.3.6.1.4.1.9590.100.1.2.299422233111841863932704104012333395571/000000.dcm,calc,train,0,BENIGN
P_01099,RIGHT,CC,calcification,BENIGN_WITHOUT_CALLBACK,Calc-Training_P_01099_RIGHT_CC/1.3.6.1.4.1.9590.100.1.2.60215632912210994211186989430034108360/1.3.6.1.4.1.9590.100.1.2.299422233111841863932704104012333395571/000000.dcm,calc,train,0,BENIGN
P_01099,RIGHT,CC,calcification,BENIGN_WITHOUT_CALLBACK,Calc-Training_P_01099_RIGHT_CC/1.3.6.1.4.1.9590.100.1.2.60215632912210994211186989430034108360/1.3.6.1.4.1.9590.100.1.2.299422233111841863932704104012333395571/000000.dcm,calc,train,0,BENIGN
P_01099,RIGHT,MLO,calcification,BENIGN_WITHOUT_CALLBACK,Calc-Training_P_01099_RIGHT_MLO/1.3.6.1.4.1.9590.100.1.2.175380341613901657001091275872224936538/1.3.6.1.4.1.9590.100.1.2.2095384111825867314260486552743781525/000000.dcm,calc,train,0,BENIGN
P_01099,RIGHT,MLO,calcification,BENIGN_WITHOUT_CALLBACK,Calc-Training_P_01099_RIGHT_MLO/1.3.6.1.4.1.9590.100.1.2.175380341613901657001091275872224936538/1.3.6.1.4.1.9590.100.1.2.2095384111825867314260486552743781525/000000.dcm,calc,train,0,BENIGN
P_01100,RIGHT,CC,calcification,MALIGNANT,Calc-Training_P_01100_RIGHT_CC/1.3.6.1.4.1.9590.100.1.2.288490761312945132908392365044278247584/1.3.6.1.4.1.9590.100.1.2.396604500411307443204543930030203115880/000000.dcm,calc,train,1,MALIGNANT
P_01100,RIGHT,MLO,calcification,MALIGNANT,Calc-Training_P_01100_RIGHT_MLO/1.3.6.1.4.1.9590.100.1.2.373795452610834103212196473781594139974/1.3.6.1.4.1.9590.100.1.2.120839820113993618016613190672462397549/000000.dcm,calc,train,1,MALIGNANT
P_01102,LEFT,CC,calcification,BENIGN,Calc-Training_P_01102_LEFT_CC/1.3.6.1.4.1.9590.100.1.2.213975641711449685519255433510124649945/1.3.6.1.4.1.9590.100.1.2.97144810013982610931099885093025527836/000000.dcm,calc,train,0,BENIGN
P_01102,LEFT,MLO,calcification,BENIGN,Calc-Training_P_01102_LEFT_MLO/1.3.6.1.4.1.9590.100.1.2.102922131212579895807495789140988476331/1.3.6.1.4.1.9590.100.1.2.129108994012902785219325923011884638559/000000.dcm,calc,train,0,BENIGN
P_01107,LEFT,CC,calcification,BENIGN,Calc-Training_P_01107_LEFT_CC/1.3.6.1.4.1.9590.100.1.2.113816182611334006337837077773297165535/1.3.6.1.4.1.9590.100.1.2.100131208110604806117271735422083351547/000000.dcm,calc,train,0,BENIGN
P_01108,LEFT,CC,calcification,MALIGNANT,Calc-Training_P_01108_LEFT_CC/1.3.6.1.4.1.9590.100.1.2.406287381112741671323488531213325330254/1.3.6.1.4.1.9590.100.1.2.253010696412069047905690318382750443710/000000.dcm,calc,train,1,MALIGNANT
P_01108,LEFT,MLO,calcification,MALIGNANT,Calc-Training_P_01108_LEFT_MLO/1.3.6.1.4.1.9590.100.1.2.20459268212176859023343098062510996563/1.3.6.1.4.1.9590.100.1.2.302719910210975778338360129852077203918/000000.dcm,calc,train,1,MALIGNANT
P_01111,RIGHT,CC,calcification,BENIGN,Calc-Training_P_01111_RIGHT_CC/1.3.6.1.4.1.9590.100.1.2.179443356112295978916246417031214961211/1.3.6.1.4.1.9590.100.1.2.360774541713699954804597697593685517912/000000.dcm,calc,train,0,BENIGN
P_01111,RIGHT,MLO,calcification,BENIGN,Calc-Training_P_01111_RIGHT_MLO/1.3.6.1.4.1.9590.100.1.2.336543260411744086600378464054274984848/1.3.6.1.4.1.9590.100.1.2.198408797411973249223998329771364862275/000000.dcm,calc,train,0,BENIGN
P_01116,LEFT,CC,calcification,MALIGNANT,Calc-Training_P_01116_LEFT_CC/1.3.6.1.4.1.9590.100.1.2.324560841011950247832152554734001159174/1.3.6.1.4.1.9590.100.1.2.85309839011170642133738011031212296767/000000.dcm,calc,train,1,MALIGNANT
P_01116,LEFT,MLO,calcification,MALIGNANT,Calc-Training_P_01116_LEFT_MLO/1.3.6.1.4.1.9590.100.1.2.56211352012620109337055364290965772167/1.3.6.1.4.1.9590.100.1.2.32508039410256614319830316800481737564/000000.dcm,calc,train,1,MALIGNANT
P_01121,RIGHT,CC,calcification,BENIGN,Calc-Training_P_01121_RIGHT_CC/1.3.6.1.4.1.9590.100.1.2.335336623410922633530757869063488763025/1.3.6.1.4.1.9590.100.1.2.187447102411757213912563923330858073270/000000.dcm,calc,train,0,BENIGN
P_01122,LEFT,MLO,calcification,MALIGNANT,Calc-Training_P_01122_LEFT_MLO/1.3.6.1.4.1.9590.100.1.2.13409451811750429435216334330437517986/1.3.6.1.4.1.9590.100.1.2.424190100610972729219666105610315614571/000000.dcm,calc,train,1,MALIGNANT
P_01126,LEFT,CC,calcification,MALIGNANT,Calc-Training_P_01126_LEFT_CC/1.3.6.1.4.1.9590.100.1.2.412229047412899337627198416871416682905/1.3.6.1.4.1.9590.100.1.2.201233482511695710329318222480637984332/000000.dcm,calc,train,1,MALIGNANT
P_01126,LEFT,MLO,calcification,MALIGNANT,Calc-Training_P_01126_LEFT_MLO/1.3.6.1.4.1.9590.100.1.2.184428630412590234123440226882651659508/1.3.6.1.4.1.9590.100.1.2.362850998313148907107653679643239246253/000000.dcm,calc,train,1,MALIGNANT
P_01127,RIGHT,CC,calcification,MALIGNANT,Calc-Training_P_01127_RIGHT_CC/1.3.6.1.4.1.9590.100.1.2.131837341012649759804293541161145552841/1.3.6.1.4.1.9590.100.1.2.3478421910273401413584257571399041820/000000.dcm,calc,train,1,MALIGNANT
P_01127,RIGHT,MLO,calcification,MALIGNANT,Calc-Training_P_01127_RIGHT_MLO/1.3.6.1.4.1.9590.100.1.2.342837789210415340530940962901214295690/1.3.6.1.4.1.9590.100.1.2.184132030113784493301744656830725352693/000000.dcm,calc,train,1,MALIGNANT
P_01128,RIGHT,CC,calcification,MALIGNANT,Calc-Training_P_01128_RIGHT_CC/1.3.6.1.4.1.9590.100.1.2.423527438111562164723672551822603786268/1.3.6.1.4.1.9590.100.1.2.191134379411008523532752949014193653088/000000.dcm,calc,train,1,MALIGNANT
P_01128,RIGHT,MLO,calcification,MALIGNANT,Calc-Training_P_01128_RIGHT_MLO/1.3.6.1.4.1.9590.100.1.2.53929958211660649240879466762220194583/1.3.6.1.4.1.9590.100.1.2.285049282711520439927936580010562783961/000000.dcm,calc,train,1,MALIGNANT
P_01129,RIGHT,CC,calcification,MALIGNANT,Calc-Training_P_01129_RIGHT_CC/1.3.6.1.4.1.9590.100.1.2.36358938012147608533326286580514963057/1.3.6.1.4.1.9590.100.1.2.230804502011274263902437974223960723250/000000.dcm,calc,train,1,MALIGNANT
P_01129,RIGHT,MLO,calcification,MALIGNANT,Calc-Training_P_01129_RIGHT_MLO/1.3.6.1.4.1.9590.100.1.2.341167262511769314413134106981360281553/1.3.6.1.4.1.9590.100.1.2.148251371812862346024763411711402591038/000000.dcm,calc,train,1,MALIGNANT
P_01135,RIGHT,CC,calcification,MALIGNANT,Calc-Training_P_01135_RIGHT_CC/1.3.6.1.4.1.9590.100.1.2.377786662913960715137862020471002355145/1.3.6.1.4.1.9590.100.1.2.420763609111435339704089150903718666975/000000.dcm,calc,train,1,MALIGNANT
P_01135,RIGHT,MLO,calcification,MALIGNANT,Calc-Training_P_01135_RIGHT_MLO/1.3.6.1.4.1.9590.100.1.2.182797030111563960417380368990159583862/1.3.6.1.4.1.9590.100.1.2.77923777812147182404960943553995342184/000000.dcm,calc,train,1,MALIGNANT
P_01136,RIGHT,CC,calcification,MALIGNANT,Calc-Training_P_01136_RIGHT_CC/1.3.6.1.4.1.9590.100.1.2.370188787612527973013964179421490733196/1.3.6.1.4.1.9590.100.1.2.187801080911979419917016472452952987655/000000.dcm,calc,train,1,MALIGNANT
P_01136,RIGHT,MLO,calcification,MALIGNANT,Calc-Training_P_01136_RIGHT_MLO/1.3.6.1.4.1.9590.100.1.2.230389287212804397831379913380286225499/1.3.6.1.4.1.9590.100.1.2.42740231911655521932474540862807543760/000000.dcm,calc,train,1,MALIGNANT
P_01137,LEFT,CC,calcification,BENIGN,Calc-Training_P_01137_LEFT_CC/1.3.6.1.4.1.9590.100.1.2.138547375211216513917669247280804334941/1.3.6.1.4.1.9590.100.1.2.339299576912040973011088628540486328970/000000.dcm,calc,train,0,BENIGN
P_01137,LEFT,MLO,calcification,BENIGN,Calc-Training_P_01137_LEFT_MLO/1.3.6.1.4.1.9590.100.1.2.158611395812646796835599243851120182923/1.3.6.1.4.1.9590.100.1.2.46668605713503245226094022901268055399/000000.dcm,calc,train,0,BENIGN
P_01139,RIGHT,CC,calcification,BENIGN,Calc-Training_P_01139_RIGHT_CC/1.3.6.1.4.1.9590.100.1.2.277775072412539469911596799102669164565/1.3.6.1.4.1.9590.100.1.2.403090840212190218506309792023706082164/000000.dcm,calc,train,0,BENIGN
P_01139,RIGHT,MLO,calcification,BENIGN,Calc-Training_P_01139_RIGHT_MLO/1.3.6.1.4.1.9590.100.1.2.110064712411448393707589039880693851553/1.3.6.1.4.1.9590.100.1.2.122022510612330415111923595773868709300/000000.dcm,calc,train,0,BENIGN
P_01143,RIGHT,CC,calcification,MALIGNANT,Calc-Training_P_01143_RIGHT_CC/1.3.6.1.4.1.9590.100.1.2.406583374811015607318043654784041675711/1.3.6.1.4.1.9590.100.1.2.335759587112978415009690968910313809428/000000.dcm,calc,train,1,MALIGNANT
P_01156,LEFT,CC,calcification,MALIGNANT,Calc-Training_P_01156_LEFT_CC/1.3.6.1.4.1.9590.100.1.2.309544265312054158902729998290826146895/1.3.6.1.4.1.9590.100.1.2.108002057013111430336727044094025324036/000000.dcm,calc,train,1,MALIGNANT
P_01156,LEFT,MLO,calcification,MALIGNANT,Calc-Training_P_01156_LEFT_MLO/1.3.6.1.4.1.9590.100.1.2.31372554313920580719201286510147876786/1.3.6.1.4.1.9590.100.1.2.212655444311667120813228944911265341472/000000.dcm,calc,train,1,MALIGNANT
P_01156,RIGHT,CC,calcification,BENIGN,Calc-Training_P_01156_RIGHT_CC/1.3.6.1.4.1.9590.100.1.2.149836229110890525742942163763527504679/1.3.6.1.4.1.9590.100.1.2.125186725812574527938954645843941913292/000000.dcm,calc,train,0,BENIGN
P_01156,RIGHT,MLO,calcification,BENIGN,Calc-Training_P_01156_RIGHT_MLO/1.3.6.1.4.1.9590.100.1.2.71309503210261249938218031482773530127/1.3.6.1.4.1.9590.100.1.2.257121690713456816329642203104082439417/000000.dcm,calc,train,0,BENIGN
P_01159,LEFT,CC,calcification,BENIGN,Calc-Training_P_01159_LEFT_CC/1.3.6.1.4.1.9590.100.1.2.256604085913896345511039256761295154633/1.3.6.1.4.1.9590.100.1.2.380905989912218418233790025291671442357/000000.dcm,calc,train,0,BENIGN
P_01159,LEFT,MLO,calcification,BENIGN,Calc-Training_P_01159_LEFT_MLO/1.3.6.1.4.1.9590.100.1.2.422817365513957768437992869323216195866/1.3.6.1.4.1.9590.100.1.2.68254316712960162925339014852925361538/000000.dcm,calc,train,0,BENIGN
P_01160,LEFT,CC,calcification,BENIGN,Calc-Training_P_01160_LEFT_CC/1.3.6.1.4.1.9590.100.1.2.189633625412319256038380107523722071349/1.3.6.1.4.1.9590.100.1.2.63343900612319317514099695681271398070/000000.dcm,calc,train,0,BENIGN
P_01160,LEFT,CC,calcification,BENIGN,Calc-Training_P_01160_LEFT_CC/1.3.6.1.4.1.9590.100.1.2.189633625412319256038380107523722071349/1.3.6.1.4.1.9590.100.1.2.63343900612319317514099695681271398070/000000.dcm,calc,train,0,BENIGN
P_01160,LEFT,MLO,calcification,BENIGN,Calc-Training_P_01160_LEFT_MLO/1.3.6.1.4.1.9590.100.1.2.401905821511497926409976813012034387243/1.3.6.1.4.1.9590.100.1.2.139929790911667938718042410562344734892/000000.dcm,calc,train,0,BENIGN
P_01160,RIGHT,CC,calcification,BENIGN,Calc-Training_P_01160_RIGHT_CC/1.3.6.1.4.1.9590.100.1.2.285015735211870031730711947850772595499/1.3.6.1.4.1.9590.100.1.2.237299280013126111510435744040765027157/000000.dcm,calc,train,0,BENIGN
P_01160,RIGHT,MLO,calcification,BENIGN,Calc-Training_P_01160_RIGHT_MLO/1.3.6.1.4.1.9590.100.1.2.347077544911839274918100612120782616768/1.3.6.1.4.1.9590.100.1.2.316416066813383425701103965822545542478/000000.dcm,calc,train,0,BENIGN
P_01161,LEFT,CC,calcification,MALIGNANT,Calc-Training_P_01161_LEFT_CC/1.3.6.1.4.1.9590.100.1.2.9964969811134071325282000870885554735/1.3.6.1.4.1.9590.100.1.2.185576773912873759339141290700161880807/000000.dcm,calc,train,1,MALIGNANT
P_01161,LEFT,MLO,calcification,MALIGNANT,Calc-Training_P_01161_LEFT_MLO/1.3.6.1.4.1.9590.100.1.2.133812501213142063714952122050425622316/1.3.6.1.4.1.9590.100.1.2.335561445313862150205403137510532104700/000000.dcm,calc,train,1,MALIGNANT
P_01166,RIGHT,CC,calcification,MALIGNANT,Calc-Training_P_01166_RIGHT_CC/1.3.6.1.4.1.9590.100.1.2.228714011511132723911581308653058252205/1.3.6.1.4.1.9590.100.1.2.81483641012484912507058343961201118390/000000.dcm,calc,train,1,MALIGNANT
P_01166,RIGHT,MLO,calcification,MALIGNANT,Calc-Training_P_01166_RIGHT_MLO/1.3.6.1.4.1.9590.100.1.2.385328844613106891512587109543237278410/1.3.6.1.4.1.9590.100.1.2.247980602411587249715082305464090905322/000000.dcm,calc,train,1,MALIGNANT
P_01169,LEFT,CC,calcification,BENIGN_WITHOUT_CALLBACK,Calc-Training_P_01169_LEFT_CC/1.3.6.1.4.1.9590.100.1.2.2489622813619397328670954494249650892/1.3.6.1.4.1.9590.100.1.2.220273663912151874116929827120870527163/000000.dcm,calc,train,0,BENIGN
P_01169,LEFT,CC,calcification,BENIGN_WITHOUT_CALLBACK,Calc-Training_P_01169_LEFT_CC/1.3.6.1.4.1.9590.100.1.2.2489622813619397328670954494249650892/1.3.6.1.4.1.9590.100.1.2.220273663912151874116929827120870527163/000000.dcm,calc,train,0,BENIGN
P_01169,LEFT,CC,calcification,BENIGN_WITHOUT_CALLBACK,Calc-Training_P_01169_LEFT_CC/1.3.6.1.4.1.9590.100.1.2.2489622813619397328670954494249650892/1.3.6.1.4.1.9590.100.1.2.220273663912151874116929827120870527163/000000.dcm,calc,train,0,BENIGN
P_01169,LEFT,MLO,calcification,BENIGN_WITHOUT_CALLBACK,Calc-Training_P_01169_LEFT_MLO/1.3.6.1.4.1.9590.100.1.2.337444466712139797326444809114204747602/1.3.6.1.4.1.9590.100.1.2.398583749811807840942824239480101725501/000000.dcm,calc,train,0,BENIGN
P_01169,LEFT,MLO,calcification,BENIGN_WITHOUT_CALLBACK,Calc-Training_P_01169_LEFT_MLO/1.3.6.1.4.1.9590.100.1.2.337444466712139797326444809114204747602/1.3.6.1.4.1.9590.100.1.2.398583749811807840942824239480101725501/000000.dcm,calc,train,0,BENIGN
P_01169,LEFT,MLO,calcification,BENIGN_WITHOUT_CALLBACK,Calc-Training_P_01169_LEFT_MLO/1.3.6.1.4.1.9590.100.1.2.337444466712139797326444809114204747602/1.3.6.1.4.1.9590.100.1.2.398583749811807840942824239480101725501/000000.dcm,calc,train,0,BENIGN
P_01170,RIGHT,CC,calcification,BENIGN,Calc-Training_P_01170_RIGHT_CC/1.3.6.1.4.1.9590.100.1.2.174827721711268349920656295700756437427/1.3.6.1.4.1.9590.100.1.2.94685081912693421142437833161955670310/000000.dcm,calc,train,0,BENIGN
P_01170,RIGHT,MLO,calcification,BENIGN,Calc-Training_P_01170_RIGHT_MLO/1.3.6.1.4.1.9590.100.1.2.56423027410460469501189075572579688775/1.3.6.1.4.1.9590.100.1.2.79657692810401017928889565702341369334/000000.dcm,calc,train,0,BENIGN
P_01172,LEFT,CC,calcification,BENIGN,Calc-Training_P_01172_LEFT_CC/1.3.6.1.4.1.9590.100.1.2.219308732512038817620126132991503145499/1.3.6.1.4.1.9590.100.1.2.103301770111155110006221740823728896475/000000.dcm,calc,train,0,BENIGN
P_01172,LEFT,MLO,calcification,BENIGN,Calc-Training_P_01172_LEFT_MLO/1.3.6.1.4.1.9590.100.1.2.390573100611142724128111353771330174505/1.3.6.1.4.1.9590.100.1.2.262202908511839088524161903743778190192/000000.dcm,calc,train,0,BENIGN
P_01180,LEFT,CC,calcification,MALIGNANT,Calc-Training_P_01180_LEFT_CC/1.3.6.1.4.1.9590.100.1.2.57176617211396686037721253363808463514/1.3.6.1.4.1.9590.100.1.2.43946857813519712118012619781708744211/000000.dcm,calc,train,1,MALIGNANT
P_01180,LEFT,MLO,calcification,MALIGNANT,Calc-Training_P_01180_LEFT_MLO/1.3.6.1.4.1.9590.100.1.2.184962108711018276700401393951779076348/1.3.6.1.4.1.9590.100.1.2.20025337312723100000095343913423004198/000000.dcm,calc,train,1,MALIGNANT
P_01184,LEFT,CC,calcification,BENIGN,Calc-Training_P_01184_LEFT_CC/1.3.6.1.4.1.9590.100.1.2.410142536613721096301056334330964097464/1.3.6.1.4.1.9590.100.1.2.8876334912424740407679336282176986422/000000.dcm,calc,train,0,BENIGN
P_01184,LEFT,MLO,calcification,BENIGN,Calc-Training_P_01184_LEFT_MLO/1.3.6.1.4.1.9590.100.1.2.427581020313429822510247395001823966018/1.3.6.1.4.1.9590.100.1.2.16837050313954113312139943960430424998/000000.dcm,calc,train,0,BENIGN
P_01186,LEFT,CC,calcification,BENIGN,Calc-Training_P_01186_LEFT_CC/1.3.6.1.4.1.9590.100.1.2.218366866811885553840529164010024854409/1.3.6.1.4.1.9590.100.1.2.256467310212718130229233647384110196667/000000.dcm,calc,train,0,BENIGN
P_01186,LEFT,MLO,calcification,BENIGN,Calc-Training_P_01186_LEFT_MLO/1.3.6.1.4.1.9590.100.1.2.170556401710061035317519658552587189944/1.3.6.1.4.1.9590.100.1.2.124828783912670457721367980840424491796/000000.dcm,calc,train,0,BENIGN
P_01188,RIGHT,CC,calcification,MALIGNANT,Calc-Training_P_01188_RIGHT_CC/1.3.6.1.4.1.9590.100.1.2.9479787710388430114317812660171832179/1.3.6.1.4.1.9590.100.1.2.249417591513868599226701446953615972540/000000.dcm,calc,train,1,MALIGNANT
P_01188,RIGHT,MLO,calcification,MALIGNANT,Calc-Training_P_01188_RIGHT_MLO/1.3.6.1.4.1.9590.100.1.2.338091059211230471839242141600960733943/1.3.6.1.4.1.9590.100.1.2.120260708312543179512257401852648058055/000000.dcm,calc,train,1,MALIGNANT
P_01193,LEFT,CC,calcification,MALIGNANT,Calc-Training_P_01193_LEFT_CC/1.3.6.1.4.1.9590.100.1.2.41935527712501992015280314031061036238/1.3.6.1.4.1.9590.100.1.2.115043133211026042831051052803230188757/000000.dcm,calc,train,1,MALIGNANT
P_01196,LEFT,MLO,calcification,MALIGNANT,Calc-Training_P_01196_LEFT_MLO/1.3.6.1.4.1.9590.100.1.2.329585679611108847722544249872811776566/1.3.6.1.4.1.9590.100.1.2.343898858112495672123446933853650418949/000000.dcm,calc,train,1,MALIGNANT
P_01197,LEFT,CC,calcification,MALIGNANT,Calc-Training_P_01197_LEFT_CC/1.3.6.1.4.1.9590.100.1.2.353771567110548612629441652991811743453/1.3.6.1.4.1.9590.100.1.2.336593881412023009830489396773211578289/000000.dcm,calc,train,1,MALIGNANT
P_01197,LEFT,MLO,calcification,MALIGNANT,Calc-Training_P_01197_LEFT_MLO/1.3.6.1.4.1.9590.100.1.2.307661928711910783904280664774017378119/1.3.6.1.4.1.9590.100.1.2.169150619911549304709554403020440540759/000000.dcm,calc,train,1,MALIGNANT
P_01198,RIGHT,CC,calcification,MALIGNANT,Calc-Training_P_01198_RIGHT_CC/1.3.6.1.4.1.9590.100.1.2.425962779713310044812526209792527091492/1.3.6.1.4.1.9590.100.1.2.271543360213900924236205697430910036980/000000.dcm,calc,train,1,MALIGNANT
P_01198,RIGHT,MLO,calcification,MALIGNANT,Calc-Training_P_01198_RIGHT_MLO/1.3.6.1.4.1.9590.100.1.2.369085356811113095142545690992791068595/1.3.6.1.4.1.9590.100.1.2.129082060813264949404607443482905090965/000000.dcm,calc,train,1,MALIGNANT
P_01200,LEFT,CC,calcification,BENIGN_WITHOUT_CALLBACK,Calc-Training_P_01200_LEFT_CC/1.3.6.1.4.1.9590.100.1.2.172404793712131351936497279000267115685/1.3.6.1.4.1.9590.100.1.2.46201435710128593933574788050846076022/000000.dcm,calc,train,0,BENIGN
P_01200,LEFT,MLO,calcification,BENIGN,Calc-Training_P_01200_LEFT_MLO/1.3.6.1.4.1.9590.100.1.2.320371187111410998212025161570346376717/1.3.6.1.4.1.9590.100.1.2.145984246113115955324597955903969227642/000000.dcm,calc,train,0,BENIGN
P_01200,RIGHT,MLO,calcification,BENIGN_WITHOUT_CALLBACK,Calc-Training_P_01200_RIGHT_MLO/1.3.6.1.4.1.9590.100.1.2.210460480013177192323730044473916141551/1.3.6.1.4.1.9590.100.1.2.175165509811380008413433256113516915878/000000.dcm,calc,train,0,BENIGN
P_01205,RIGHT,CC,calcification,BENIGN,Calc-Training_P_01205_RIGHT_CC/1.3.6.1.4.1.9590.100.1.2.91066139613269806801732763301533725962/1.3.6.1.4.1.9590.100.1.2.331391419112714773005584462452654655658/000000.dcm,calc,train,0,BENIGN
P_01205,RIGHT,MLO,calcification,BENIGN,Calc-Training_P_01205_RIGHT_MLO/1.3.6.1.4.1.9590.100.1.2.404866978812841548511911023824065597043/1.3.6.1.4.1.9590.100.1.2.267279966012646263817338530614161100214/000000.dcm,calc,train,0,BENIGN
P_01219,LEFT,CC,calcification,BENIGN,Calc-Training_P_01219_LEFT_CC/1.3.6.1.4.1.9590.100.1.2.300196829213910601511749428983190667605/1.3.6.1.4.1.9590.100.1.2.119812520211670042141834991682201417811/000000.dcm,calc,train,0,BENIGN
P_01219,LEFT,MLO,calcification,BENIGN,Calc-Training_P_01219_LEFT_MLO/1.3.6.1.4.1.9590.100.1.2.3667108011433197106616372993929820311/1.3.6.1.4.1.9590.100.1.2.53998893311649606527800731271725922952/000000.dcm,calc,train,0,BENIGN
P_01220,RIGHT,CC,calcification,MALIGNANT,Calc-Training_P_01220_RIGHT_CC/1.3.6.1.4.1.9590.100.1.2.290672041411724970309230475851331649131/1.3.6.1.4.1.9590.100.1.2.355779907912165946215072510751714323553/000000.dcm,calc,train,1,MALIGNANT
P_01220,RIGHT,MLO,calcification,MALIGNANT,Calc-Training_P_01220_RIGHT_MLO/1.3.6.1.4.1.9590.100.1.2.12632000812040956820168045310398542743/1.3.6.1.4.1.9590.100.1.2.428868892311612991922842180140211445323/000000.dcm,calc,train,1,MALIGNANT
P_01227,RIGHT,CC,calcification,BENIGN,Calc-Training_P_01227_RIGHT_CC/1.3.6.1.4.1.9590.100.1.2.251229393412385867941848541770264573557/1.3.6.1.4.1.9590.100.1.2.244460735711395028035944354853393091506/000000.dcm,calc,train,0,BENIGN
P_01227,RIGHT,MLO,calcification,BENIGN,Calc-Training_P_01227_RIGHT_MLO/1.3.6.1.4.1.9590.100.1.2.248270934113256087005107135304267824930/1.3.6.1.4.1.9590.100.1.2.84681805910112876039342882662938357638/000000.dcm,calc,train,0,BENIGN
P_01229,RIGHT,CC,calcification,MALIGNANT,Calc-Training_P_01229_RIGHT_CC/1.3.6.1.4.1.9590.100.1.2.90428700911961281841429298111334495849/1.3.6.1.4.1.9590.100.1.2.161689661911147077736107178481747425159/000000.dcm,calc,train,1,MALIGNANT
P_01229,RIGHT,MLO,calcification,MALIGNANT,Calc-Training_P_01229_RIGHT_MLO/1.3.6.1.4.1.9590.100.1.2.405057654812315316226101692710509342094/1.3.6.1.4.1.9590.100.1.2.5158321810285028907717323553389669078/000000.dcm,calc,train,1,MALIGNANT
P_01234,RIGHT,CC,calcification,MALIGNANT,Calc-Training_P_01234_RIGHT_CC/1.3.6.1.4.1.9590.100.1.2.246411627610789541610221720390954397961/1.3.6.1.4.1.9590.100.1.2.122038973013753530601474517772052180736/000000.dcm,calc,train,1,MALIGNANT
P_01234,RIGHT,MLO,calcification,MALIGNANT,Calc-Training_P_01234_RIGHT_MLO/1.3.6.1.4.1.9590.100.1.2.289449724311997995531933213491567323573/1.3.6.1.4.1.9590.100.1.2.369720565211394398934300072121710398753/000000.dcm,calc,train,1,MALIGNANT
P_01240,RIGHT,MLO,calcification,BENIGN,Calc-Training_P_01240_RIGHT_MLO/1.3.6.1.4.1.9590.100.1.2.404106959711533873504551399992342511247/1.3.6.1.4.1.9590.100.1.2.38317093411227075405264487880631899983/000000.dcm,calc,train,0,BENIGN
P_01246,RIGHT,MLO,calcification,BENIGN,Calc-Training_P_01246_RIGHT_MLO/1.3.6.1.4.1.9590.100.1.2.211771568512778152324454624000760561173/1.3.6.1.4.1.9590.100.1.2.343578549611284359105064050154285773843/000000.dcm,calc,train,0,BENIGN
P_01249,LEFT,CC,calcification,BENIGN,Calc-Training_P_01249_LEFT_CC/1.3.6.1.4.1.9590.100.1.2.257152670411019087820227613760706786978/1.3.6.1.4.1.9590.100.1.2.132851956411261172437200344883005397777/000000.dcm,calc,train,0,BENIGN
P_01249,LEFT,MLO,calcification,BENIGN,Calc-Training_P_01249_LEFT_MLO/1.3.6.1.4.1.9590.100.1.2.219734973212102815125558517030114545963/1.3.6.1.4.1.9590.100.1.2.116726511513227424318097681012411560009/000000.dcm,calc,train,0,BENIGN
P_01250,LEFT,CC,calcification,MALIGNANT,Calc-Training_P_01250_LEFT_CC/1.3.6.1.4.1.9590.100.1.2.395289165011405393013387467900839714398/1.3.6.1.4.1.9590.100.1.2.237441548812765752538326493702612260758/000000.dcm,calc,train,1,MALIGNANT
P_01250,LEFT,MLO,calcification,MALIGNANT,Calc-Training_P_01250_LEFT_MLO/1.3.6.1.4.1.9590.100.1.2.275376814912142985320722080440014336522/1.3.6.1.4.1.9590.100.1.2.115921617211684820005528208791800358731/000000.dcm,calc,train,1,MALIGNANT
P_01252,RIGHT,CC,calcification,MALIGNANT,Calc-Training_P_01252_RIGHT_CC/1.3.6.1.4.1.9590.100.1.2.216788535311792003202580389681016765743/1.3.6.1.4.1.9590.100.1.2.249927522112412657031564620123699946938/000000.dcm,calc,train,1,MALIGNANT
P_01252,RIGHT,MLO,calcification,MALIGNANT,Calc-Training_P_01252_RIGHT_MLO/1.3.6.1.4.1.9590.100.1.2.270062626613157998319308661064171596208/1.3.6.1.4.1.9590.100.1.2.400026462310530719000693961182033505135/000000.dcm,calc,train,1,MALIGNANT
P_01255,RIGHT,CC,calcification,BENIGN,Calc-Training_P_01255_RIGHT_CC/1.3.6.1.4.1.9590.100.1.2.390244316711531501424137125351652319382/1.3.6.1.4.1.9590.100.1.2.232617917112744961712907293961070610074/000000.dcm,calc,train,0,BENIGN
P_01255,RIGHT,MLO,calcification,BENIGN,Calc-Training_P_01255_RIGHT_MLO/1.3.6.1.4.1.9590.100.1.2.383027671711709044531554943194022931084/1.3.6.1.4.1.9590.100.1.2.37243936011733832215332048830759608965/000000.dcm,calc,train,0,BENIGN
P_01256,RIGHT,CC,calcification,BENIGN,Calc-Training_P_01256_RIGHT_CC/1.3.6.1.4.1.9590.100.1.2.283816630212610228723354510341351164091/1.3.6.1.4.1.9590.100.1.2.252909312012499981203351046723328015540/000000.dcm,calc,train,0,BENIGN
P_01256,RIGHT,MLO,calcification,BENIGN,Calc-Training_P_01256_RIGHT_MLO/1.3.6.1.4.1.9590.100.1.2.409069631811745849318359392580513898841/1.3.6.1.4.1.9590.100.1.2.413012504811554182235066878763158914566/000000.dcm,calc,train,0,BENIGN
P_01259,RIGHT,CC,calcification,MALIGNANT,Calc-Training_P_01259_RIGHT_CC/1.3.6.1.4.1.9590.100.1.2.100079897611795347840188527952364733954/1.3.6.1.4.1.9590.100.1.2.268533536011607229841218876192205007679/000000.dcm,calc,train,1,MALIGNANT
P_01259,RIGHT,MLO,calcification,MALIGNANT,Calc-Training_P_01259_RIGHT_MLO/1.3.6.1.4.1.9590.100.1.2.308695845010669410520737703930285813540/1.3.6.1.4.1.9590.100.1.2.322916792112042748525490016380242518238/000000.dcm,calc,train,1,MALIGNANT
P_01262,RIGHT,CC,calcification,MALIGNANT,Calc-Training_P_01262_RIGHT_CC/1.3.6.1.4.1.9590.100.1.2.108425156812790156634457522191466169339/1.3.6.1.4.1.9590.100.1.2.336445762111232801421096352533372291565/000000.dcm,calc,train,1,MALIGNANT
P_01262,RIGHT,CC,calcification,MALIGNANT,Calc-Training_P_01262_RIGHT_CC/1.3.6.1.4.1.9590.100.1.2.108425156812790156634457522191466169339/1.3.6.1.4.1.9590.100.1.2.336445762111232801421096352533372291565/000000.dcm,calc,train,1,MALIGNANT
P_01262,RIGHT,MLO,calcification,MALIGNANT,Calc-Training_P_01262_RIGHT_MLO/1.3.6.1.4.1.9590.100.1.2.104862237611389399831738889282068909602/1.3.6.1.4.1.9590.100.1.2.95178553213906004503673012881164120165/000000.dcm,calc,train,1,MALIGNANT
P_01262,RIGHT,MLO,calcification,MALIGNANT,Calc-Training_P_01262_RIGHT_MLO/1.3.6.1.4.1.9590.100.1.2.104862237611389399831738889282068909602/1.3.6.1.4.1.9590.100.1.2.95178553213906004503673012881164120165/000000.dcm,calc,train,1,MALIGNANT
P_01262,RIGHT,MLO,calcification,MALIGNANT,Calc-Training_P_01262_RIGHT_MLO/1.3.6.1.4.1.9590.100.1.2.104862237611389399831738889282068909602/1.3.6.1.4.1.9590.100.1.2.95178553213906004503673012881164120165/000000.dcm,calc,train,1,MALIGNANT
P_01264,RIGHT,MLO,calcification,MALIGNANT,Calc-Training_P_01264_RIGHT_MLO/1.3.6.1.4.1.9590.100.1.2.296621332711989814208372000302584502260/1.3.6.1.4.1.9590.100.1.2.409443022210646509816713296803710346242/000000.dcm,calc,train,1,MALIGNANT
P_01274,LEFT,CC,calcification,BENIGN_WITHOUT_CALLBACK,Calc-Training_P_01274_LEFT_CC/1.3.6.1.4.1.9590.100.1.2.973264012493893813681243051517780451/1.3.6.1.4.1.9590.100.1.2.192096083811016561231940323120580305079/000000.dcm,calc,train,0,BENIGN
P_01274,LEFT,CC,calcification,BENIGN_WITHOUT_CALLBACK,Calc-Training_P_01274_LEFT_CC/1.3.6.1.4.1.9590.100.1.2.973264012493893813681243051517780451/1.3.6.1.4.1.9590.100.1.2.192096083811016561231940323120580305079/000000.dcm,calc,train,0,BENIGN
P_01274,LEFT,MLO,calcification,BENIGN_WITHOUT_CALLBACK,Calc-Training_P_01274_LEFT_MLO/1.3.6.1.4.1.9590.100.1.2.355174354811339283710737985752032611108/1.3.6.1.4.1.9590.100.1.2.240030177712468650201301669501550759439/000000.dcm,calc,train,0,BENIGN
P_01274,LEFT,MLO,calcification,BENIGN_WITHOUT_CALLBACK,Calc-Training_P_01274_LEFT_MLO/1.3.6.1.4.1.9590.100.1.2.355174354811339283710737985752032611108/1.3.6.1.4.1.9590.100.1.2.240030177712468650201301669501550759439/000000.dcm,calc,train,0,BENIGN
P_01274,RIGHT,CC,calcification,BENIGN_WITHOUT_CALLBACK,Calc-Training_P_01274_RIGHT_CC/1.3.6.1.4.1.9590.100.1.2.266653506711916702115874080352538284313/1.3.6.1.4.1.9590.100.1.2.202140554212356059627096042381164268352/000000.dcm,calc,train,0,BENIGN
P_01274,RIGHT,MLO,calcification,BENIGN_WITHOUT_CALLBACK,Calc-Training_P_01274_RIGHT_MLO/1.3.6.1.4.1.9590.100.1.2.349766901411150186539214568090688354312/1.3.6.1.4.1.9590.100.1.2.123022685811579621109358275881068443451/000000.dcm,calc,train,0,BENIGN
P_01275,LEFT,CC,calcification,BENIGN,Calc-Training_P_01275_LEFT_CC/1.3.6.1.4.1.9590.100.1.2.141134107412611311438052691453938871670/1.3.6.1.4.1.9590.100.1.2.219748788112715919710346459242786920043/000000.dcm,calc,train,0,BENIGN
P_01275,LEFT,MLO,calcification,BENIGN,Calc-Training_P_01275_LEFT_MLO/1.3.6.1.4.1.9590.100.1.2.341821392211552481135997024082443205164/1.3.6.1.4.1.9590.100.1.2.183118185812313456728504142401143059500/000000.dcm,calc,train,0,BENIGN
P_01276,LEFT,CC,calcification,BENIGN_WITHOUT_CALLBACK,Calc-Training_P_01276_LEFT_CC/1.3.6.1.4.1.9590.100.1.2.406486103812390741832351845733655475226/1.3.6.1.4.1.9590.100.1.2.249980508210812926921637088361388379691/000000.dcm,calc,train,0,BENIGN
P_01276,LEFT,MLO,calcification,BENIGN_WITHOUT_CALLBACK,Calc-Training_P_01276_LEFT_MLO/1.3.6.1.4.1.9590.100.1.2.144179877112479559442770402933866089432/1.3.6.1.4.1.9590.100.1.2.358260417211746025415518864960692900436/000000.dcm,calc,train,0,BENIGN
P_01276,RIGHT,CC,calcification,BENIGN,Calc-Training_P_01276_RIGHT_CC/1.3.6.1.4.1.9590.100.1.2.261330742513091487437584429382540511483/1.3.6.1.4.1.9590.100.1.2.428282732312404780809096756841821455735/000000.dcm,calc,train,0,BENIGN
P_01276,RIGHT,CC,calcification,BENIGN,Calc-Training_P_01276_RIGHT_CC/1.3.6.1.4.1.9590.100.1.2.261330742513091487437584429382540511483/1.3.6.1.4.1.9590.100.1.2.428282732312404780809096756841821455735/000000.dcm,calc,train,0,BENIGN
P_01276,RIGHT,MLO,calcification,BENIGN,Calc-Training_P_01276_RIGHT_MLO/1.3.6.1.4.1.9590.100.1.2.419148736510496562509955572631717499462/1.3.6.1.4.1.9590.100.1.2.256521760711469500107962702111457764944/000000.dcm,calc,train,0,BENIGN
P_01276,RIGHT,MLO,calcification,BENIGN,Calc-Training_P_01276_RIGHT_MLO/1.3.6.1.4.1.9590.100.1.2.419148736510496562509955572631717499462/1.3.6.1.4.1.9590.100.1.2.256521760711469500107962702111457764944/000000.dcm,calc,train,0,BENIGN
P_01284,RIGHT,MLO,calcification,MALIGNANT,Calc-Training_P_01284_RIGHT_MLO/1.3.6.1.4.1.9590.100.1.2.141841577712653398603058720273667929731/1.3.6.1.4.1.9590.100.1.2.109422237810603720502642405613436677708/000000.dcm,calc,train,1,MALIGNANT
P_01284,RIGHT,MLO,calcification,BENIGN,Calc-Training_P_01284_RIGHT_MLO/1.3.6.1.4.1.9590.100.1.2.141841577712653398603058720273667929731/1.3.6.1.4.1.9590.100.1.2.109422237810603720502642405613436677708/000000.dcm,calc,train,0,BENIGN
P_01286,LEFT,CC,calcification,MALIGNANT,Calc-Training_P_01286_LEFT_CC/1.3.6.1.4.1.9590.100.1.2.54927749112445999334211826330076584757/1.3.6.1.4.1.9590.100.1.2.240083953312933883416427401150365051531/000000.dcm,calc,train,1,MALIGNANT
P_01286,LEFT,MLO,calcification,MALIGNANT,Calc-Training_P_01286_LEFT_MLO/1.3.6.1.4.1.9590.100.1.2.371304304012705553804904536381084809531/1.3.6.1.4.1.9590.100.1.2.405299159810537917502723726283608007689/000000.dcm,calc,train,1,MALIGNANT
P_01288,RIGHT,MLO,calcification,BENIGN,Calc-Training_P_01288_RIGHT_MLO/1.3.6.1.4.1.9590.100.1.2.261713327713900867335875547422860572625/1.3.6.1.4.1.9590.100.1.2.86428076112760215812448388063615806664/000000.dcm,calc,train,0,BENIGN
P_01291,RIGHT,CC,calcification,MALIGNANT,Calc-Training_P_01291_RIGHT_CC/1.3.6.1.4.1.9590.100.1.2.170862274812814030418094598670168567116/1.3.6.1.4.1.9590.100.1.2.31161705311728185331353153552048360024/000000.dcm,calc,train,1,MALIGNANT
P_01291,RIGHT,MLO,calcification,MALIGNANT,Calc-Training_P_01291_RIGHT_MLO/1.3.6.1.4.1.9590.100.1.2.111701835311987345718490965970644412942/1.3.6.1.4.1.9590.100.1.2.90203538811931490324877095832216648450/000000.dcm,calc,train,1,MALIGNANT
P_01292,RIGHT,CC,calcification,BENIGN,Calc-Training_P_01292_RIGHT_CC/1.3.6.1.4.1.9590.100.1.2.303376542612577416813903486752393568399/1.3.6.1.4.1.9590.100.1.2.365005191911113864718428952410983397105/000000.dcm,calc,train,0,BENIGN
P_01292,RIGHT,CC,calcification,BENIGN,Calc-Training_P_01292_RIGHT_CC/1.3.6.1.4.1.9590.100.1.2.303376542612577416813903486752393568399/1.3.6.1.4.1.9590.100.1.2.365005191911113864718428952410983397105/000000.dcm,calc,train,0,BENIGN
P_01292,RIGHT,CC,calcification,BENIGN,Calc-Training_P_01292_RIGHT_CC/1.3.6.1.4.1.9590.100.1.2.303376542612577416813903486752393568399/1.3.6.1.4.1.9590.100.1.2.365005191911113864718428952410983397105/000000.dcm,calc,train,0,BENIGN
P_01292,RIGHT,MLO,calcification,BENIGN,Calc-Training_P_01292_RIGHT_MLO/1.3.6.1.4.1.9590.100.1.2.82137724112003958131569906310887914082/1.3.6.1.4.1.9590.100.1.2.115128335612368035119416500701236859278/000000.dcm,calc,train,0,BENIGN
P_01292,RIGHT,MLO,calcification,BENIGN,Calc-Training_P_01292_RIGHT_MLO/1.3.6.1.4.1.9590.100.1.2.82137724112003958131569906310887914082/1.3.6.1.4.1.9590.100.1.2.115128335612368035119416500701236859278/000000.dcm,calc,train,0,BENIGN
P_01292,RIGHT,MLO,calcification,BENIGN,Calc-Training_P_01292_RIGHT_MLO/1.3.6.1.4.1.9590.100.1.2.82137724112003958131569906310887914082/1.3.6.1.4.1.9590.100.1.2.115128335612368035119416500701236859278/000000.dcm,calc,train,0,BENIGN
P_01293,RIGHT,CC,calcification,BENIGN,Calc-Training_P_01293_RIGHT_CC/1.3.6.1.4.1.9590.100.1.2.299119444412630534637735113330589094821/1.3.6.1.4.1.9590.100.1.2.415636879911845897009126483443306190938/000000.dcm,calc,train,0,BENIGN
P_01293,RIGHT,MLO,calcification,BENIGN,Calc-Training_P_01293_RIGHT_MLO/1.3.6.1.4.1.9590.100.1.2.276474168212753336636120810641139419026/1.3.6.1.4.1.9590.100.1.2.263216332912365473822921701420729836157/000000.dcm,calc,train,0,BENIGN
P_01296,RIGHT,CC,calcification,MALIGNANT,Calc-Training_P_01296_RIGHT_CC/1.3.6.1.4.1.9590.100.1.2.97344300013127662937874403121241372869/1.3.6.1.4.1.9590.100.1.2.113425557911004625402939897983972253612/000000.dcm,calc,train,1,MALIGNANT
P_01296,RIGHT,MLO,calcification,MALIGNANT,Calc-Training_P_01296_RIGHT_MLO/1.3.6.1.4.1.9590.100.1.2.311239866811842703533991958332570012269/1.3.6.1.4.1.9590.100.1.2.196185578112429971336199607131353171506/000000.dcm,calc,train,1,MALIGNANT
P_01297,LEFT,CC,calcification,MALIGNANT,Calc-Training_P_01297_LEFT_CC/1.3.6.1.4.1.9590.100.1.2.427068581812801659739634121120511737841/1.3.6.1.4.1.9590.100.1.2.166213555311829788503777621994292422232/000000.dcm,calc,train,1,MALIGNANT
P_01297,LEFT,MLO,calcification,MALIGNANT,Calc-Training_P_01297_LEFT_MLO/1.3.6.1.4.1.9590.100.1.2.72837053412606135921432577660904553779/1.3.6.1.4.1.9590.100.1.2.97440519012365755324425885773113127730/000000.dcm,calc,train,1,MALIGNANT
P_01300,LEFT,CC,calcification,MALIGNANT,Calc-Training_P_01300_LEFT_CC/1.3.6.1.4.1.9590.100.1.2.212840305212212663612902458002439700125/1.3.6.1.4.1.9590.100.1.2.84009070412715037733762005843016924346/000000.dcm,calc,train,1,MALIGNANT
P_01300,LEFT,CC,calcification,MALIGNANT,Calc-Training_P_01300_LEFT_CC/1.3.6.1.4.1.9590.100.1.2.212840305212212663612902458002439700125/1.3.6.1.4.1.9590.100.1.2.84009070412715037733762005843016924346/000000.dcm,calc,train,1,MALIGNANT
P_01300,LEFT,MLO,calcification,MALIGNANT,Calc-Training_P_01300_LEFT_MLO/1.3.6.1.4.1.9590.100.1.2.409860366512510825420797118980840315363/1.3.6.1.4.1.9590.100.1.2.260616920012100567701744383183403756692/000000.dcm,calc,train,1,MALIGNANT
P_01300,LEFT,MLO,calcification,MALIGNANT,Calc-Training_P_01300_LEFT_MLO/1.3.6.1.4.1.9590.100.1.2.409860366512510825420797118980840315363/1.3.6.1.4.1.9590.100.1.2.260616920012100567701744383183403756692/000000.dcm,calc,train,1,MALIGNANT
P_01300,LEFT,MLO,calcification,MALIGNANT,Calc-Training_P_01300_LEFT_MLO/1.3.6.1.4.1.9590.100.1.2.409860366512510825420797118980840315363/1.3.6.1.4.1.9590.100.1.2.260616920012100567701744383183403756692/000000.dcm,calc,train,1,MALIGNANT
P_01306,LEFT,CC,calcification,BENIGN_WITHOUT_CALLBACK,Calc-Training_P_01306_LEFT_CC/1.3.6.1.4.1.9590.100.1.2.12036495913516947416377056242636221376/1.3.6.1.4.1.9590.100.1.2.424300406310115543804841100020575572293/000000.dcm,calc,train,0,BENIGN
P_01306,LEFT,MLO,calcification,BENIGN_WITHOUT_CALLBACK,Calc-Training_P_01306_LEFT_MLO/1.3.6.1.4.1.9590.100.1.2.411248054412251704016857143283292867431/1.3.6.1.4.1.9590.100.1.2.396345553811333106520516967901101158697/000000.dcm,calc,train,0,BENIGN
P_01306,RIGHT,CC,calcification,BENIGN_WITHOUT_CALLBACK,Calc-Training_P_01306_RIGHT_CC/1.3.6.1.4.1.9590.100.1.2.339049747712643672040705376160589489074/1.3.6.1.4.1.9590.100.1.2.416662957412543243601653044863599039456/000000.dcm,calc,train,0,BENIGN
P_01306,RIGHT,CC,calcification,BENIGN_WITHOUT_CALLBACK,Calc-Training_P_01306_RIGHT_CC/1.3.6.1.4.1.9590.100.1.2.339049747712643672040705376160589489074/1.3.6.1.4.1.9590.100.1.2.416662957412543243601653044863599039456/000000.dcm,calc,train,0,BENIGN
P_01306,RIGHT,MLO,calcification,BENIGN_WITHOUT_CALLBACK,Calc-Training_P_01306_RIGHT_MLO/1.3.6.1.4.1.9590.100.1.2.158869211013540947335969146064210693141/1.3.6.1.4.1.9590.100.1.2.193209017912181210731137007683026874022/000000.dcm,calc,train,0,BENIGN
P_01306,RIGHT,MLO,calcification,BENIGN_WITHOUT_CALLBACK,Calc-Training_P_01306_RIGHT_MLO/1.3.6.1.4.1.9590.100.1.2.158869211013540947335969146064210693141/1.3.6.1.4.1.9590.100.1.2.193209017912181210731137007683026874022/000000.dcm,calc,train,0,BENIGN
P_01307,LEFT,CC,calcification,MALIGNANT,Calc-Training_P_01307_LEFT_CC/1.3.6.1.4.1.9590.100.1.2.244685245212927958608794377293232996693/1.3.6.1.4.1.9590.100.1.2.261162329911495677136618643691703402020/000000.dcm,calc,train,1,MALIGNANT
P_01307,LEFT,MLO,calcification,MALIGNANT,Calc-Training_P_01307_LEFT_MLO/1.3.6.1.4.1.9590.100.1.2.416367152711909223501114405524123894970/1.3.6.1.4.1.9590.100.1.2.391300747910191164137675350383390066494/000000.dcm,calc,train,1,MALIGNANT
P_01309,RIGHT,CC,calcification,MALIGNANT,Calc-Training_P_01309_RIGHT_CC/1.3.6.1.4.1.9590.100.1.2.267880841412485428533725653801871728765/1.3.6.1.4.1.9590.100.1.2.119885239412303817935271184920520679403/000000.dcm,calc,train,1,MALIGNANT
P_01309,RIGHT,MLO,calcification,MALIGNANT,Calc-Training_P_01309_RIGHT_MLO/1.3.6.1.4.1.9590.100.1.2.127682406911288239619939350340218965995/1.3.6.1.4.1.9590.100.1.2.24333444812755925516939424420989167110/000000.dcm,calc,train,1,MALIGNANT
P_01313,LEFT,CC,calcification,MALIGNANT,Calc-Training_P_01313_LEFT_CC/1.3.6.1.4.1.9590.100.1.2.226287891513793061200710705993320714939/1.3.6.1.4.1.9590.100.1.2.177582011412094468908535771193620844475/000000.dcm,calc,train,1,MALIGNANT
P_01313,LEFT,MLO,calcification,MALIGNANT,Calc-Training_P_01313_LEFT_MLO/1.3.6.1.4.1.9590.100.1.2.25175639713593756414670573313215752059/1.3.6.1.4.1.9590.100.1.2.35528843911586853216642973763454439592/000000.dcm,calc,train,1,MALIGNANT
P_01314,LEFT,CC,calcification,BENIGN,Calc-Training_P_01314_LEFT_CC/1.3.6.1.4.1.9590.100.1.2.387942910210439105112476970840532700899/1.3.6.1.4.1.9590.100.1.2.42626070812954012818877346930433383650/000000.dcm,calc,train,0,BENIGN
P_01314,LEFT,MLO,calcification,BENIGN,Calc-Training_P_01314_LEFT_MLO/1.3.6.1.4.1.9590.100.1.2.265607545913944409232105297193413296083/1.3.6.1.4.1.9590.100.1.2.384541871111984144322115462450672300346/000000.dcm,calc,train,0,BENIGN
P_01315,LEFT,CC,calcification,MALIGNANT,Calc-Training_P_01315_LEFT_CC/1.3.6.1.4.1.9590.100.1.2.198734462512348399123771751780648845712/1.3.6.1.4.1.9590.100.1.2.381248091711677980915374211971062026613/000000.dcm,calc,train,1,MALIGNANT
P_01315,LEFT,MLO,calcification,MALIGNANT,Calc-Training_P_01315_LEFT_MLO/1.3.6.1.4.1.9590.100.1.2.346133447212043857711197388082649528701/1.3.6.1.4.1.9590.100.1.2.35603173411210663304457772932040885488/000000.dcm,calc,train,1,MALIGNANT
P_01319,RIGHT,CC,calcification,BENIGN,Calc-Training_P_01319_RIGHT_CC/1.3.6.1.4.1.9590.100.1.2.186405401312516610120176987002950302288/1.3.6.1.4.1.9590.100.1.2.404370462311587751841153329983150629885/000000.dcm,calc,train,0,BENIGN
P_01319,RIGHT,MLO,calcification,BENIGN,Calc-Training_P_01319_RIGHT_MLO/1.3.6.1.4.1.9590.100.1.2.413870725811875729509382020001356858037/1.3.6.1.4.1.9590.100.1.2.381801591411570664022491472961274292215/000000.dcm,calc,train,0,BENIGN
P_01321,RIGHT,CC,calcification,MALIGNANT,Calc-Training_P_01321_RIGHT_CC/1.3.6.1.4.1.9590.100.1.2.23092099312957484832960989740759360488/1.3.6.1.4.1.9590.100.1.2.241020638813027313501928349840148500619/000000.dcm,calc,train,1,MALIGNANT
P_01321,RIGHT,CC,calcification,MALIGNANT,Calc-Training_P_01321_RIGHT_CC/1.3.6.1.4.1.9590.100.1.2.23092099312957484832960989740759360488/1.3.6.1.4.1.9590.100.1.2.241020638813027313501928349840148500619/000000.dcm,calc,train,1,MALIGNANT
P_01321,RIGHT,MLO,calcification,MALIGNANT,Calc-Training_P_01321_RIGHT_MLO/1.3.6.1.4.1.9590.100.1.2.39365926312573787933357165382723618668/1.3.6.1.4.1.9590.100.1.2.306442879812021178640314674451297223410/000000.dcm,calc,train,1,MALIGNANT
P_01321,RIGHT,MLO,calcification,MALIGNANT,Calc-Training_P_01321_RIGHT_MLO/1.3.6.1.4.1.9590.100.1.2.39365926312573787933357165382723618668/1.3.6.1.4.1.9590.100.1.2.306442879812021178640314674451297223410/000000.dcm,calc,train,1,MALIGNANT
P_01321,RIGHT,MLO,calcification,MALIGNANT,Calc-Training_P_01321_RIGHT_MLO/1.3.6.1.4.1.9590.100.1.2.39365926312573787933357165382723618668/1.3.6.1.4.1.9590.100.1.2.306442879812021178640314674451297223410/000000.dcm,calc,train,1,MALIGNANT
P_01334,RIGHT,CC,calcification,BENIGN,Calc-Training_P_01334_RIGHT_CC/1.3.6.1.4.1.9590.100.1.2.239352001912916651217679133721437056889/1.3.6.1.4.1.9590.100.1.2.359623265812836794310758245483736920239/000000.dcm,calc,train,0,BENIGN
P_01334,RIGHT,CC,calcification,BENIGN,Calc-Training_P_01334_RIGHT_CC/1.3.6.1.4.1.9590.100.1.2.239352001912916651217679133721437056889/1.3.6.1.4.1.9590.100.1.2.359623265812836794310758245483736920239/000000.dcm,calc,train,0,BENIGN
P_01334,RIGHT,MLO,calcification,BENIGN,Calc-Training_P_01334_RIGHT_MLO/1.3.6.1.4.1.9590.100.1.2.78047721712080323205681665872469375285/1.3.6.1.4.1.9590.100.1.2.226571679712227687534231177012671166470/000000.dcm,calc,train,0,BENIGN
P_01334,RIGHT,MLO,calcification,BENIGN,Calc-Training_P_01334_RIGHT_MLO/1.3.6.1.4.1.9590.100.1.2.78047721712080323205681665872469375285/1.3.6.1.4.1.9590.100.1.2.226571679712227687534231177012671166470/000000.dcm,calc,train,0,BENIGN
P_01336,LEFT,CC,calcification,BENIGN_WITHOUT_CALLBACK,Calc-Training_P_01336_LEFT_CC/1.3.6.1.4.1.9590.100.1.2.51465472912641481635818018723891410869/1.3.6.1.4.1.9590.100.1.2.174990543311142163841822622013966751822/000000.dcm,calc,train,0,BENIGN
P_01336,LEFT,CC,calcification,BENIGN_WITHOUT_CALLBACK,Calc-Training_P_01336_LEFT_CC/1.3.6.1.4.1.9590.100.1.2.51465472912641481635818018723891410869/1.3.6.1.4.1.9590.100.1.2.174990543311142163841822622013966751822/000000.dcm,calc,train,0,BENIGN
P_01336,LEFT,MLO,calcification,BENIGN_WITHOUT_CALLBACK,Calc-Training_P_01336_LEFT_MLO/1.3.6.1.4.1.9590.100.1.2.371191800211095157638292266390319773797/1.3.6.1.4.1.9590.100.1.2.263731963811012960132747749724192336784/000000.dcm,calc,train,0,BENIGN
P_01336,LEFT,MLO,calcification,BENIGN_WITHOUT_CALLBACK,Calc-Training_P_01336_LEFT_MLO/1.3.6.1.4.1.9590.100.1.2.371191800211095157638292266390319773797/1.3.6.1.4.1.9590.100.1.2.263731963811012960132747749724192336784/000000.dcm,calc,train,0,BENIGN
P_01336,RIGHT,CC,calcification,BENIGN_WITHOUT_CALLBACK,Calc-Training_P_01336_RIGHT_CC/1.3.6.1.4.1.9590.100.1.2.295077819712891186021055154271624615000/1.3.6.1.4.1.9590.100.1.2.371521100913612071339834479411057524792/000000.dcm,calc,train,0,BENIGN
P_01336,RIGHT,CC,calcification,BENIGN_WITHOUT_CALLBACK,Calc-Training_P_01336_RIGHT_CC/1.3.6.1.4.1.9590.100.1.2.295077819712891186021055154271624615000/1.3.6.1.4.1.9590.100.1.2.371521100913612071339834479411057524792/000000.dcm,calc,train,0,BENIGN
P_01336,RIGHT,CC,calcification,BENIGN_WITHOUT_CALLBACK,Calc-Training_P_01336_RIGHT_CC/1.3.6.1.4.1.9590.100.1.2.295077819712891186021055154271624615000/1.3.6.1.4.1.9590.100.1.2.371521100913612071339834479411057524792/000000.dcm,calc,train,0,BENIGN
P_01336,RIGHT,MLO,calcification,BENIGN_WITHOUT_CALLBACK,Calc-Training_P_01336_RIGHT_MLO/1.3.6.1.4.1.9590.100.1.2.364949365812713287533859191052886315213/1.3.6.1.4.1.9590.100.1.2.341981348711827379607058415621821344603/000000.dcm,calc,train,0,BENIGN
P_01336,RIGHT,MLO,calcification,BENIGN_WITHOUT_CALLBACK,Calc-Training_P_01336_RIGHT_MLO/1.3.6.1.4.1.9590.100.1.2.364949365812713287533859191052886315213/1.3.6.1.4.1.9590.100.1.2.341981348711827379607058415621821344603/000000.dcm,calc,train,0,BENIGN
P_01336,RIGHT,MLO,calcification,BENIGN_WITHOUT_CALLBACK,Calc-Training_P_01336_RIGHT_MLO/1.3.6.1.4.1.9590.100.1.2.364949365812713287533859191052886315213/1.3.6.1.4.1.9590.100.1.2.341981348711827379607058415621821344603/000000.dcm,calc,train,0,BENIGN
P_01337,LEFT,CC,calcification,BENIGN,Calc-Training_P_01337_LEFT_CC/1.3.6.1.4.1.9590.100.1.2.405977670313201500325441115151056365565/1.3.6.1.4.1.9590.100.1.2.304080633911418814313834231524294778636/000000.dcm,calc,train,0,BENIGN
P_01337,LEFT,MLO,calcification,BENIGN,Calc-Training_P_01337_LEFT_MLO/1.3.6.1.4.1.9590.100.1.2.113322354513701250616666564352014414009/1.3.6.1.4.1.9590.100.1.2.71017574313395051614245375180535546620/000000.dcm,calc,train,0,BENIGN
P_01338,LEFT,CC,calcification,BENIGN,Calc-Training_P_01338_LEFT_CC/1.3.6.1.4.1.9590.100.1.2.206721023112429054514676259032818849068/1.3.6.1.4.1.9590.100.1.2.204512398711170672309928311592250149675/000000.dcm,calc,train,0,BENIGN
P_01338,LEFT,MLO,calcification,BENIGN,Calc-Training_P_01338_LEFT_MLO/1.3.6.1.4.1.9590.100.1.2.50943721912859399410875641953891951285/1.3.6.1.4.1.9590.100.1.2.99342895011363986423216300882169877355/000000.dcm,calc,train,0,BENIGN
P_01339,LEFT,CC,calcification,MALIGNANT,Calc-Training_P_01339_LEFT_CC/1.3.6.1.4.1.9590.100.1.2.304237669811603420710112329110058607519/1.3.6.1.4.1.9590.100.1.2.254596568711853740609659134881267437060/000000.dcm,calc,train,1,MALIGNANT
P_01339,LEFT,MLO,calcification,MALIGNANT,Calc-Training_P_01339_LEFT_MLO/1.3.6.1.4.1.9590.100.1.2.761171611059113341155206812835254218/1.3.6.1.4.1.9590.100.1.2.411997837113660509620605211302533538204/000000.dcm,calc,train,1,MALIGNANT
P_01342,LEFT,CC,calcification,MALIGNANT,Calc-Training_P_01342_LEFT_CC/1.3.6.1.4.1.9590.100.1.2.235010976413015013237503934863168339794/1.3.6.1.4.1.9590.100.1.2.134439377912928720833298804631717877539/000000.dcm,calc,train,1,MALIGNANT
P_01342,LEFT,MLO,calcification,MALIGNANT,Calc-Training_P_01342_LEFT_MLO/1.3.6.1.4.1.9590.100.1.2.175066545711737410122179918330831756432/1.3.6.1.4.1.9590.100.1.2.1517581211255336105279292610416827842/000000.dcm,calc,train,1,MALIGNANT
P_01345,LEFT,CC,calcification,MALIGNANT,Calc-Training_P_01345_LEFT_CC/1.3.6.1.4.1.9590.100.1.2.420403340211604418827868798853743179214/1.3.6.1.4.1.9590.100.1.2.425440794112461783220310951732954007174/000000.dcm,calc,train,1,MALIGNANT
P_01346,LEFT,CC,calcification,MALIGNANT,Calc-Training_P_01346_LEFT_CC/1.3.6.1.4.1.9590.100.1.2.254864248210604991641201934660326332414/1.3.6.1.4.1.9590.100.1.2.370904778411307853928609337732678210519/000000.dcm,calc,train,1,MALIGNANT
P_01346,LEFT,MLO,calcification,MALIGNANT,Calc-Training_P_01346_LEFT_MLO/1.3.6.1.4.1.9590.100.1.2.44451198512352477434463870914051616606/1.3.6.1.4.1.9590.100.1.2.71526225211905372208911407833808251780/000000.dcm,calc,train,1,MALIGNANT
P_01358,RIGHT,CC,calcification,MALIGNANT,Calc-Training_P_01358_RIGHT_CC/1.3.6.1.4.1.9590.100.1.2.380989141712065006941805344124094685678/1.3.6.1.4.1.9590.100.1.2.183201718612699490638129860132694813077/000000.dcm,calc,train,1,MALIGNANT
P_01358,RIGHT,MLO,calcification,MALIGNANT,Calc-Training_P_01358_RIGHT_MLO/1.3.6.1.4.1.9590.100.1.2.220883757412581324233380128591577420025/1.3.6.1.4.1.9590.100.1.2.304348734811652940137241355930439088639/000000.dcm,calc,train,1,MALIGNANT
P_01359,LEFT,CC,calcification,MALIGNANT,Calc-Training_P_01359_LEFT_CC/1.3.6.1.4.1.9590.100.1.2.85953539213502032538667065962308748738/1.3.6.1.4.1.9590.100.1.2.212806456812604254924994246861707366979/000000.dcm,calc,train,1,MALIGNANT
P_01359,LEFT,MLO,calcification,MALIGNANT,Calc-Training_P_01359_LEFT_MLO/1.3.6.1.4.1.9590.100.1.2.54967059011395240525613006593811938962/1.3.6.1.4.1.9590.100.1.2.287491564112491053138988973044171148571/000000.dcm,calc,train,1,MALIGNANT
P_01361,LEFT,CC,calcification,MALIGNANT,Calc-Training_P_01361_LEFT_CC/1.3.6.1.4.1.9590.100.1.2.217187438011562429327788371761089620848/1.3.6.1.4.1.9590.100.1.2.331327558311113449521601105253807416400/000000.dcm,calc,train,1,MALIGNANT
P_01361,LEFT,MLO,calcification,MALIGNANT,Calc-Training_P_01361_LEFT_MLO/1.3.6.1.4.1.9590.100.1.2.224692945111624907133730597544098009087/1.3.6.1.4.1.9590.100.1.2.180485583613019071704800173290475744064/000000.dcm,calc,train,1,MALIGNANT
P_01362,RIGHT,CC,calcification,BENIGN,Calc-Training_P_01362_RIGHT_CC/1.3.6.1.4.1.9590.100.1.2.218147211311457900335898789271184426864/1.3.6.1.4.1.9590.100.1.2.373914580412711806613626095460333357117/000000.dcm,calc,train,0,BENIGN
P_01362,RIGHT,MLO,calcification,BENIGN,Calc-Training_P_01362_RIGHT_MLO/1.3.6.1.4.1.9590.100.1.2.382094331712279627207701751570645941709/1.3.6.1.4.1.9590.100.1.2.290033299313564175921383248932074169818/000000.dcm,calc,train,0,BENIGN
P_01365,LEFT,CC,calcification,MALIGNANT,Calc-Training_P_01365_LEFT_CC/1.3.6.1.4.1.9590.100.1.2.427118904413656906931224805361365900087/1.3.6.1.4.1.9590.100.1.2.335347935511487397204139588121458550361/000000.dcm,calc,train,1,MALIGNANT
P_01365,LEFT,MLO,calcification,MALIGNANT,Calc-Training_P_01365_LEFT_MLO/1.3.6.1.4.1.9590.100.1.2.389468361412872355505771588452170362760/1.3.6.1.4.1.9590.100.1.2.129461974210520317703570523152033445470/000000.dcm,calc,train,1,MALIGNANT
P_01366,LEFT,MLO,calcification,BENIGN,Calc-Training_P_01366_LEFT_MLO/1.3.6.1.4.1.9590.100.1.2.383413672312290848630644345804147555162/1.3.6.1.4.1.9590.100.1.2.306066785712401079129463453823896743517/000000.dcm,calc,train,0,BENIGN
P_01369,RIGHT,MLO,calcification,BENIGN,Calc-Training_P_01369_RIGHT_MLO/1.3.6.1.4.1.9590.100.1.2.417471476711030742333130953103322924690/1.3.6.1.4.1.9590.100.1.2.295052506611946782011728928283174149536/000000.dcm,calc,train,0,BENIGN
P_01370,LEFT,CC,calcification,MALIGNANT,Calc-Training_P_01370_LEFT_CC/1.3.6.1.4.1.9590.100.1.2.275408819011409862131335430411550841560/1.3.6.1.4.1.9590.100.1.2.181020898212070152641789154692195176514/000000.dcm,calc,train,1,MALIGNANT
P_01370,LEFT,MLO,calcification,MALIGNANT,Calc-Training_P_01370_LEFT_MLO/1.3.6.1.4.1.9590.100.1.2.394386890212126789442285254943847516924/1.3.6.1.4.1.9590.100.1.2.380748673310746739225303348773217646742/000000.dcm,calc,train,1,MALIGNANT
P_01375,LEFT,CC,calcification,BENIGN,Calc-Training_P_01375_LEFT_CC/1.3.6.1.4.1.9590.100.1.2.419764064712598081718626989032746123251/1.3.6.1.4.1.9590.100.1.2.251656623613805814905419705870531761204/000000.dcm,calc,train,0,BENIGN
P_01375,LEFT,MLO,calcification,BENIGN,Calc-Training_P_01375_LEFT_MLO/1.3.6.1.4.1.9590.100.1.2.140080600611505286632946118930020837246/1.3.6.1.4.1.9590.100.1.2.341175081113383659226675521334116391921/000000.dcm,calc,train,0,BENIGN
P_01384,LEFT,MLO,calcification,MALIGNANT,Calc-Training_P_01384_LEFT_MLO/1.3.6.1.4.1.9590.100.1.2.205505461513506020325748783951109882425/1.3.6.1.4.1.9590.100.1.2.17188040510851889906211235011127203952/000000.dcm,calc,train,1,MALIGNANT
P_01385,RIGHT,CC,calcification,BENIGN,Calc-Training_P_01385_RIGHT_CC/1.3.6.1.4.1.9590.100.1.2.51882044911227773914276804391542023138/1.3.6.1.4.1.9590.100.1.2.177370269713834397715444876031030103760/000000.dcm,calc,train,0,BENIGN
P_01385,RIGHT,MLO,calcification,BENIGN,Calc-Training_P_01385_RIGHT_MLO/1.3.6.1.4.1.9590.100.1.2.116828075311554414205087574133857742512/1.3.6.1.4.1.9590.100.1.2.384611309812647284010376283302325966627/000000.dcm,calc,train,0,BENIGN
P_01387,LEFT,CC,calcification,BENIGN,Calc-Training_P_01387_LEFT_CC/1.3.6.1.4.1.9590.100.1.2.426010020410851500126144436634248118198/1.3.6.1.4.1.9590.100.1.2.135840933211826754036247812081548809803/000000.dcm,calc,train,0,BENIGN
P_01387,LEFT,MLO,calcification,BENIGN,Calc-Training_P_01387_LEFT_MLO/1.3.6.1.4.1.9590.100.1.2.152652104910657848512628218210608119325/1.3.6.1.4.1.9590.100.1.2.424968677010755597734772433093801526193/000000.dcm,calc,train,0,BENIGN
P_01392,LEFT,CC,calcification,BENIGN,Calc-Training_P_01392_LEFT_CC/1.3.6.1.4.1.9590.100.1.2.86326008812927860427400623441415014601/1.3.6.1.4.1.9590.100.1.2.7561503712468329622578526000731535702/000000.dcm,calc,train,0,BENIGN
P_01392,LEFT,MLO,calcification,BENIGN,Calc-Training_P_01392_LEFT_MLO/1.3.6.1.4.1.9590.100.1.2.85154323111084601925486621493704014143/1.3.6.1.4.1.9590.100.1.2.100764250811134786606184452222065316702/000000.dcm,calc,train,0,BENIGN
P_01397,LEFT,CC,calcification,MALIGNANT,Calc-Training_P_01397_LEFT_CC/1.3.6.1.4.1.9590.100.1.2.333224815513785648507889178960788785417/1.3.6.1.4.1.9590.100.1.2.100631678311747240317898717702514834166/000000.dcm,calc,train,1,MALIGNANT
P_01397,LEFT,MLO,calcification,MALIGNANT,Calc-Training_P_01397_LEFT_MLO/1.3.6.1.4.1.9590.100.1.2.186433679911890996427368239780935498095/1.3.6.1.4.1.9590.100.1.2.169839092611849830418018197821819682729/000000.dcm,calc,train,1,MALIGNANT
P_01400,LEFT,CC,calcification,MALIGNANT,Calc-Training_P_01400_LEFT_CC/1.3.6.1.4.1.9590.100.1.2.256872729812095085225572663261122276559/1.3.6.1.4.1.9590.100.1.2.313594081413392733217249740001986075482/000000.dcm,calc,train,1,MALIGNANT
P_01400,LEFT,MLO,calcification,MALIGNANT,Calc-Training_P_01400_LEFT_MLO/1.3.6.1.4.1.9590.100.1.2.345437599012579181418875570290727216964/1.3.6.1.4.1.9590.100.1.2.382149281813606561710938825312456778348/000000.dcm,calc,train,1,MALIGNANT
P_01401,LEFT,CC,calcification,BENIGN,Calc-Training_P_01401_LEFT_CC/1.3.6.1.4.1.9590.100.1.2.424831888713031557817395864713878300418/1.3.6.1.4.1.9590.100.1.2.15672816513026443000890881673697647634/000000.dcm,calc,train,0,BENIGN
P_01401,LEFT,MLO,calcification,BENIGN,Calc-Training_P_01401_LEFT_MLO/1.3.6.1.4.1.9590.100.1.2.164819927612880999716609038532606148257/1.3.6.1.4.1.9590.100.1.2.298235187812730329831004732301311268726/000000.dcm,calc,train,0,BENIGN
P_01406,RIGHT,CC,calcification,BENIGN,Calc-Training_P_01406_RIGHT_CC/1.3.6.1.4.1.9590.100.1.2.426896584711792880208988862732149212449/1.3.6.1.4.1.9590.100.1.2.336140691713599002026264370393392600572/000000.dcm,calc,train,0,BENIGN
P_01406,RIGHT,MLO,calcification,BENIGN,Calc-Training_P_01406_RIGHT_MLO/1.3.6.1.4.1.9590.100.1.2.383321650012002427638774048591135162015/1.3.6.1.4.1.9590.100.1.2.285031839012393428200222660081050793109/000000.dcm,calc,train,0,BENIGN
P_01408,LEFT,CC,calcification,BENIGN_WITHOUT_CALLBACK,Calc-Training_P_01408_LEFT_CC/1.3.6.1.4.1.9590.100.1.2.361931850211268496115050536022963445126/1.3.6.1.4.1.9590.100.1.2.349750807312790393730055294924200427235/000000.dcm,calc,train,0,BENIGN
P_01408,LEFT,CC,calcification,BENIGN_WITHOUT_CALLBACK,Calc-Training_P_01408_LEFT_CC/1.3.6.1.4.1.9590.100.1.2.361931850211268496115050536022963445126/1.3.6.1.4.1.9590.100.1.2.349750807312790393730055294924200427235/000000.dcm,calc,train,0,BENIGN
P_01408,LEFT,CC,calcification,BENIGN_WITHOUT_CALLBACK,Calc-Training_P_01408_LEFT_CC/1.3.6.1.4.1.9590.100.1.2.361931850211268496115050536022963445126/1.3.6.1.4.1.9590.100.1.2.349750807312790393730055294924200427235/000000.dcm,calc,train,0,BENIGN
P_01408,LEFT,CC,calcification,BENIGN_WITHOUT_CALLBACK,Calc-Training_P_01408_LEFT_CC/1.3.6.1.4.1.9590.100.1.2.361931850211268496115050536022963445126/1.3.6.1.4.1.9590.100.1.2.349750807312790393730055294924200427235/000000.dcm,calc,train,0,BENIGN
P_01408,LEFT,CC,calcification,BENIGN_WITHOUT_CALLBACK,Calc-Training_P_01408_LEFT_CC/1.3.6.1.4.1.9590.100.1.2.361931850211268496115050536022963445126/1.3.6.1.4.1.9590.100.1.2.349750807312790393730055294924200427235/000000.dcm,calc,train,0,BENIGN
P_01408,LEFT,CC,calcification,BENIGN_WITHOUT_CALLBACK,Calc-Training_P_01408_LEFT_CC/1.3.6.1.4.1.9590.100.1.2.361931850211268496115050536022963445126/1.3.6.1.4.1.9590.100.1.2.349750807312790393730055294924200427235/000000.dcm,calc,train,0,BENIGN
P_01408,LEFT,MLO,calcification,BENIGN_WITHOUT_CALLBACK,Calc-Training_P_01408_LEFT_MLO/1.3.6.1.4.1.9590.100.1.2.318174473512682919216039510020153332186/1.3.6.1.4.1.9590.100.1.2.128475501111348894809978817563752879381/000000.dcm,calc,train,0,BENIGN
P_01408,LEFT,MLO,calcification,BENIGN_WITHOUT_CALLBACK,Calc-Training_P_01408_LEFT_MLO/1.3.6.1.4.1.9590.100.1.2.318174473512682919216039510020153332186/1.3.6.1.4.1.9590.100.1.2.128475501111348894809978817563752879381/000000.dcm,calc,train,0,BENIGN
P_01408,LEFT,MLO,calcification,BENIGN_WITHOUT_CALLBACK,Calc-Training_P_01408_LEFT_MLO/1.3.6.1.4.1.9590.100.1.2.318174473512682919216039510020153332186/1.3.6.1.4.1.9590.100.1.2.128475501111348894809978817563752879381/000000.dcm,calc,train,0,BENIGN
P_01408,LEFT,MLO,calcification,BENIGN_WITHOUT_CALLBACK,Calc-Training_P_01408_LEFT_MLO/1.3.6.1.4.1.9590.100.1.2.318174473512682919216039510020153332186/1.3.6.1.4.1.9590.100.1.2.128475501111348894809978817563752879381/000000.dcm,calc,train,0,BENIGN
P_01408,LEFT,MLO,calcification,BENIGN_WITHOUT_CALLBACK,Calc-Training_P_01408_LEFT_MLO/1.3.6.1.4.1.9590.100.1.2.318174473512682919216039510020153332186/1.3.6.1.4.1.9590.100.1.2.128475501111348894809978817563752879381/000000.dcm,calc,train,0,BENIGN
P_01409,LEFT,CC,calcification,BENIGN,Calc-Training_P_01409_LEFT_CC/1.3.6.1.4.1.9590.100.1.2.184560536311960038008909182833188708343/1.3.6.1.4.1.9590.100.1.2.156429831212124644117987682961436941917/000000.dcm,calc,train,0,BENIGN
P_01409,LEFT,CC,calcification,BENIGN,Calc-Training_P_01409_LEFT_CC/1.3.6.1.4.1.9590.100.1.2.184560536311960038008909182833188708343/1.3.6.1.4.1.9590.100.1.2.156429831212124644117987682961436941917/000000.dcm,calc,train,0,BENIGN
P_01409,LEFT,MLO,calcification,BENIGN,Calc-Training_P_01409_LEFT_MLO/1.3.6.1.4.1.9590.100.1.2.84907442211929172816259867092844527324/1.3.6.1.4.1.9590.100.1.2.203891778812936553635107621173538879683/000000.dcm,calc,train,0,BENIGN
P_01409,LEFT,MLO,calcification,BENIGN,Calc-Training_P_01409_LEFT_MLO/1.3.6.1.4.1.9590.100.1.2.84907442211929172816259867092844527324/1.3.6.1.4.1.9590.100.1.2.203891778812936553635107621173538879683/000000.dcm,calc,train,0,BENIGN
P_01409,RIGHT,CC,calcification,BENIGN_WITHOUT_CALLBACK,Calc-Training_P_01409_RIGHT_CC/1.3.6.1.4.1.9590.100.1.2.240457572711810205828087906662962423155/1.3.6.1.4.1.9590.100.1.2.329210912310967885401456277882049303085/000000.dcm,calc,train,0,BENIGN
P_01409,RIGHT,MLO,calcification,BENIGN_WITHOUT_CALLBACK,Calc-Training_P_01409_RIGHT_MLO/1.3.6.1.4.1.9590.100.1.2.27658601612750582914153980703871588093/1.3.6.1.4.1.9590.100.1.2.73421806511240577937139708330358440682/000000.dcm,calc,train,0,BENIGN
P_01410,LEFT,CC,calcification,BENIGN,Calc-Training_P_01410_LEFT_CC/1.3.6.1.4.1.9590.100.1.2.159015119512602003201571716012942282090/1.3.6.1.4.1.9590.100.1.2.148686803712462906622374060892629285446/000000.dcm,calc,train,0,BENIGN
P_01410,LEFT,MLO,calcification,BENIGN,Calc-Training_P_01410_LEFT_MLO/1.3.6.1.4.1.9590.100.1.2.343834542012890137334453518461912135681/1.3.6.1.4.1.9590.100.1.2.62362248312700592229111873632676885568/000000.dcm,calc,train,0,BENIGN
P_01420,RIGHT,CC,calcification,MALIGNANT,Calc-Training_P_01420_RIGHT_CC/1.3.6.1.4.1.9590.100.1.2.39347835610171221005568160193090804273/1.3.6.1.4.1.9590.100.1.2.166096012610604376639655223480951980969/000000.dcm,calc,train,1,MALIGNANT
P_01420,RIGHT,MLO,calcification,MALIGNANT,Calc-Training_P_01420_RIGHT_MLO/1.3.6.1.4.1.9590.100.1.2.158940811612606428816314533491004247368/1.3.6.1.4.1.9590.100.1.2.428041352412910454719421646690404262014/000000.dcm,calc,train,1,MALIGNANT
P_01422,RIGHT,CC,calcification,BENIGN,Calc-Training_P_01422_RIGHT_CC/1.3.6.1.4.1.9590.100.1.2.53627362112324157608312820852451644784/1.3.6.1.4.1.9590.100.1.2.131166517211175029814754105961193992633/000000.dcm,calc,train,0,BENIGN
P_01422,RIGHT,MLO,calcification,BENIGN,Calc-Training_P_01422_RIGHT_MLO/1.3.6.1.4.1.9590.100.1.2.296211031111946462104635529314174805117/1.3.6.1.4.1.9590.100.1.2.356624724711827621627229493093004503791/000000.dcm,calc,train,0,BENIGN
P_01424,LEFT,CC,calcification,MALIGNANT,Calc-Training_P_01424_LEFT_CC/1.3.6.1.4.1.9590.100.1.2.153353826412425919738364412764180697712/1.3.6.1.4.1.9590.100.1.2.172919944411677915229848590353488276134/000000.dcm,calc,train,1,MALIGNANT
P_01424,LEFT,MLO,calcification,MALIGNANT,Calc-Training_P_01424_LEFT_MLO/1.3.6.1.4.1.9590.100.1.2.33438926411507340523311097813218633871/1.3.6.1.4.1.9590.100.1.2.303963040612973183809584385400827798675/000000.dcm,calc,train,1,MALIGNANT
P_01435,RIGHT,CC,calcification,BENIGN_WITHOUT_CALLBACK,Calc-Training_P_01435_RIGHT_CC/1.3.6.1.4.1.9590.100.1.2.252817225911614892732583822520991470976/1.3.6.1.4.1.9590.100.1.2.424638564713660582219399223280435182077/000000.dcm,calc,train,0,BENIGN
P_01435,RIGHT,CC,calcification,BENIGN_WITHOUT_CALLBACK,Calc-Training_P_01435_RIGHT_CC/1.3.6.1.4.1.9590.100.1.2.252817225911614892732583822520991470976/1.3.6.1.4.1.9590.100.1.2.424638564713660582219399223280435182077/000000.dcm,calc,train,0,BENIGN
P_01435,RIGHT,MLO,calcification,BENIGN_WITHOUT_CALLBACK,Calc-Training_P_01435_RIGHT_MLO/1.3.6.1.4.1.9590.100.1.2.96684330311188942613481291521735380779/1.3.6.1.4.1.9590.100.1.2.348316458012317724403421295400199882746/000000.dcm,calc,train,0,BENIGN
P_01435,RIGHT,MLO,calcification,BENIGN_WITHOUT_CALLBACK,Calc-Training_P_01435_RIGHT_MLO/1.3.6.1.4.1.9590.100.1.2.96684330311188942613481291521735380779/1.3.6.1.4.1.9590.100.1.2.348316458012317724403421295400199882746/000000.dcm,calc,train,0,BENIGN
P_01435,RIGHT,MLO,calcification,BENIGN_WITHOUT_CALLBACK,Calc-Training_P_01435_RIGHT_MLO/1.3.6.1.4.1.9590.100.1.2.96684330311188942613481291521735380779/1.3.6.1.4.1.9590.100.1.2.348316458012317724403421295400199882746/000000.dcm,calc,train,0,BENIGN
P_01436,RIGHT,CC,calcification,BENIGN,Calc-Training_P_01436_RIGHT_CC/1.3.6.1.4.1.9590.100.1.2.216218290312209129711217512213193422871/1.3.6.1.4.1.9590.100.1.2.85870180612180229332613879573835216081/000000.dcm,calc,train,0,BENIGN
P_01436,RIGHT,MLO,calcification,BENIGN,Calc-Training_P_01436_RIGHT_MLO/1.3.6.1.4.1.9590.100.1.2.139906122711304383319228760510726782821/1.3.6.1.4.1.9590.100.1.2.256822345013628384406726618932254614746/000000.dcm,calc,train,0,BENIGN
P_01437,LEFT,CC,calcification,BENIGN_WITHOUT_CALLBACK,Calc-Training_P_01437_LEFT_CC/1.3.6.1.4.1.9590.100.1.2.229552924510260058107052012850581006269/1.3.6.1.4.1.9590.100.1.2.409207265212595936741414537543409826717/000000.dcm,calc,train,0,BENIGN
P_01437,LEFT,CC,calcification,BENIGN_WITHOUT_CALLBACK,Calc-Training_P_01437_LEFT_CC/1.3.6.1.4.1.9590.100.1.2.229552924510260058107052012850581006269/1.3.6.1.4.1.9590.100.1.2.409207265212595936741414537543409826717/000000.dcm,calc,train,0,BENIGN
P_01437,LEFT,CC,calcification,BENIGN_WITHOUT_CALLBACK,Calc-Training_P_01437_LEFT_CC/1.3.6.1.4.1.9590.100.1.2.229552924510260058107052012850581006269/1.3.6.1.4.1.9590.100.1.2.409207265212595936741414537543409826717/000000.dcm,calc,train,0,BENIGN
P_01437,LEFT,CC,calcification,BENIGN_WITHOUT_CALLBACK,Calc-Training_P_01437_LEFT_CC/1.3.6.1.4.1.9590.100.1.2.229552924510260058107052012850581006269/1.3.6.1.4.1.9590.100.1.2.409207265212595936741414537543409826717/000000.dcm,calc,train,0,BENIGN
P_01437,LEFT,CC,calcification,BENIGN_WITHOUT_CALLBACK,Calc-Training_P_01437_LEFT_CC/1.3.6.1.4.1.9590.100.1.2.229552924510260058107052012850581006269/1.3.6.1.4.1.9590.100.1.2.409207265212595936741414537543409826717/000000.dcm,calc,train,0,BENIGN
P_01437,LEFT,CC,calcification,BENIGN_WITHOUT_CALLBACK,Calc-Training_P_01437_LEFT_CC/1.3.6.1.4.1.9590.100.1.2.229552924510260058107052012850581006269/1.3.6.1.4.1.9590.100.1.2.409207265212595936741414537543409826717/000000.dcm,calc,train,0,BENIGN
P_01437,LEFT,MLO,calcification,BENIGN_WITHOUT_CALLBACK,Calc-Training_P_01437_LEFT_MLO/1.3.6.1.4.1.9590.100.1.2.139300909712289899323925986772461911227/1.3.6.1.4.1.9590.100.1.2.413719783912934165841599750420836099995/000000.dcm,calc,train,0,BENIGN
P_01437,LEFT,MLO,calcification,BENIGN_WITHOUT_CALLBACK,Calc-Training_P_01437_LEFT_MLO/1.3.6.1.4.1.9590.100.1.2.139300909712289899323925986772461911227/1.3.6.1.4.1.9590.100.1.2.413719783912934165841599750420836099995/000000.dcm,calc,train,0,BENIGN
P_01437,LEFT,MLO,calcification,BENIGN_WITHOUT_CALLBACK,Calc-Training_P_01437_LEFT_MLO/1.3.6.1.4.1.9590.100.1.2.139300909712289899323925986772461911227/1.3.6.1.4.1.9590.100.1.2.413719783912934165841599750420836099995/000000.dcm,calc,train,0,BENIGN
P_01437,LEFT,MLO,calcification,BENIGN_WITHOUT_CALLBACK,Calc-Training_P_01437_LEFT_MLO/1.3.6.1.4.1.9590.100.1.2.139300909712289899323925986772461911227/1.3.6.1.4.1.9590.100.1.2.413719783912934165841599750420836099995/000000.dcm,calc,train,0,BENIGN
P_01437,LEFT,MLO,calcification,BENIGN_WITHOUT_CALLBACK,Calc-Training_P_01437_LEFT_MLO/1.3.6.1.4.1.9590.100.1.2.139300909712289899323925986772461911227/1.3.6.1.4.1.9590.100.1.2.413719783912934165841599750420836099995/000000.dcm,calc,train,0,BENIGN
P_01437,LEFT,MLO,calcification,BENIGN_WITHOUT_CALLBACK,Calc-Training_P_01437_LEFT_MLO/1.3.6.1.4.1.9590.100.1.2.139300909712289899323925986772461911227/1.3.6.1.4.1.9590.100.1.2.413719783912934165841599750420836099995/000000.dcm,calc,train,0,BENIGN
P_01437,RIGHT,CC,calcification,BENIGN_WITHOUT_CALLBACK,Calc-Training_P_01437_RIGHT_CC/1.3.6.1.4.1.9590.100.1.2.172506911711552124315050668964233744708/1.3.6.1.4.1.9590.100.1.2.412965116411834959031936355110915022364/000000.dcm,calc,train,0,BENIGN
P_01437,RIGHT,CC,calcification,BENIGN_WITHOUT_CALLBACK,Calc-Training_P_01437_RIGHT_CC/1.3.6.1.4.1.9590.100.1.2.172506911711552124315050668964233744708/1.3.6.1.4.1.9590.100.1.2.412965116411834959031936355110915022364/000000.dcm,calc,train,0,BENIGN
P_01437,RIGHT,CC,calcification,BENIGN_WITHOUT_CALLBACK,Calc-Training_P_01437_RIGHT_CC/1.3.6.1.4.1.9590.100.1.2.172506911711552124315050668964233744708/1.3.6.1.4.1.9590.100.1.2.412965116411834959031936355110915022364/000000.dcm,calc,train,0,BENIGN
P_01437,RIGHT,CC,calcification,BENIGN_WITHOUT_CALLBACK,Calc-Training_P_01437_RIGHT_CC/1.3.6.1.4.1.9590.100.1.2.172506911711552124315050668964233744708/1.3.6.1.4.1.9590.100.1.2.412965116411834959031936355110915022364/000000.dcm,calc,train,0,BENIGN
P_01437,RIGHT,CC,calcification,BENIGN_WITHOUT_CALLBACK,Calc-Training_P_01437_RIGHT_CC/1.3.6.1.4.1.9590.100.1.2.172506911711552124315050668964233744708/1.3.6.1.4.1.9590.100.1.2.412965116411834959031936355110915022364/000000.dcm,calc,train,0,BENIGN
P_01437,RIGHT,CC,calcification,BENIGN_WITHOUT_CALLBACK,Calc-Training_P_01437_RIGHT_CC/1.3.6.1.4.1.9590.100.1.2.172506911711552124315050668964233744708/1.3.6.1.4.1.9590.100.1.2.412965116411834959031936355110915022364/000000.dcm,calc,train,0,BENIGN
P_01437,RIGHT,MLO,calcification,BENIGN_WITHOUT_CALLBACK,Calc-Training_P_01437_RIGHT_MLO/1.3.6.1.4.1.9590.100.1.2.255490114713502722206353793704091790845/1.3.6.1.4.1.9590.100.1.2.394064951611063352439533738582020635502/000000.dcm,calc,train,0,BENIGN
P_01437,RIGHT,MLO,calcification,BENIGN_WITHOUT_CALLBACK,Calc-Training_P_01437_RIGHT_MLO/1.3.6.1.4.1.9590.100.1.2.255490114713502722206353793704091790845/1.3.6.1.4.1.9590.100.1.2.394064951611063352439533738582020635502/000000.dcm,calc,train,0,BENIGN
P_01437,RIGHT,MLO,calcification,BENIGN_WITHOUT_CALLBACK,Calc-Training_P_01437_RIGHT_MLO/1.3.6.1.4.1.9590.100.1.2.255490114713502722206353793704091790845/1.3.6.1.4.1.9590.100.1.2.394064951611063352439533738582020635502/000000.dcm,calc,train,0,BENIGN
P_01437,RIGHT,MLO,calcification,BENIGN_WITHOUT_CALLBACK,Calc-Training_P_01437_RIGHT_MLO/1.3.6.1.4.1.9590.100.1.2.255490114713502722206353793704091790845/1.3.6.1.4.1.9590.100.1.2.394064951611063352439533738582020635502/000000.dcm,calc,train,0,BENIGN
P_01437,RIGHT,MLO,calcification,BENIGN_WITHOUT_CALLBACK,Calc-Training_P_01437_RIGHT_MLO/1.3.6.1.4.1.9590.100.1.2.255490114713502722206353793704091790845/1.3.6.1.4.1.9590.100.1.2.394064951611063352439533738582020635502/000000.dcm,calc,train,0,BENIGN
P_01437,RIGHT,MLO,calcification,BENIGN_WITHOUT_CALLBACK,Calc-Training_P_01437_RIGHT_MLO/1.3.6.1.4.1.9590.100.1.2.255490114713502722206353793704091790845/1.3.6.1.4.1.9590.100.1.2.394064951611063352439533738582020635502/000000.dcm,calc,train,0,BENIGN
P_01440,LEFT,CC,calcification,BENIGN_WITHOUT_CALLBACK,Calc-Training_P_01440_LEFT_CC/1.3.6.1.4.1.9590.100.1.2.76053712812465057914334778171403735636/1.3.6.1.4.1.9590.100.1.2.263687502211278852308517700023833966129/000000.dcm,calc,train,0,BENIGN
P_01440,LEFT,MLO,calcification,BENIGN_WITHOUT_CALLBACK,Calc-Training_P_01440_LEFT_MLO/1.3.6.1.4.1.9590.100.1.2.395714290412263645107043718722828675636/1.3.6.1.4.1.9590.100.1.2.200983790810176607803832982141479809710/000000.dcm,calc,train,0,BENIGN
P_01440,RIGHT,CC,calcification,BENIGN_WITHOUT_CALLBACK,Calc-Training_P_01440_RIGHT_CC/1.3.6.1.4.1.9590.100.1.2.252056815710743793837439999341666556151/1.3.6.1.4.1.9590.100.1.2.331904265911512030831184818240271458141/000000.dcm,calc,train,0,BENIGN
P_01440,RIGHT,CC,calcification,BENIGN_WITHOUT_CALLBACK,Calc-Training_P_01440_RIGHT_CC/1.3.6.1.4.1.9590.100.1.2.252056815710743793837439999341666556151/1.3.6.1.4.1.9590.100.1.2.331904265911512030831184818240271458141/000000.dcm,calc,train,0,BENIGN
P_01440,RIGHT,MLO,calcification,BENIGN_WITHOUT_CALLBACK,Calc-Training_P_01440_RIGHT_MLO/1.3.6.1.4.1.9590.100.1.2.417822951112815420403465401710480453761/1.3.6.1.4.1.9590.100.1.2.170007546712574576531170925212939732363/000000.dcm,calc,train,0,BENIGN
P_01440,RIGHT,MLO,calcification,BENIGN_WITHOUT_CALLBACK,Calc-Training_P_01440_RIGHT_MLO/1.3.6.1.4.1.9590.100.1.2.417822951112815420403465401710480453761/1.3.6.1.4.1.9590.100.1.2.170007546712574576531170925212939732363/000000.dcm,calc,train,0,BENIGN
P_01443,RIGHT,CC,calcification,MALIGNANT,Calc-Training_P_01443_RIGHT_CC/1.3.6.1.4.1.9590.100.1.2.319534145512676820220556538040696952454/1.3.6.1.4.1.9590.100.1.2.79384931311099795428619104562930591163/000000.dcm,calc,train,1,MALIGNANT
P_01443,RIGHT,MLO,calcification,MALIGNANT,Calc-Training_P_01443_RIGHT_MLO/1.3.6.1.4.1.9590.100.1.2.127296669911853004917758427260199756849/1.3.6.1.4.1.9590.100.1.2.207645418912956640938949109111186741944/000000.dcm,calc,train,1,MALIGNANT
P_01446,LEFT,MLO,calcification,BENIGN,Calc-Training_P_01446_LEFT_MLO/1.3.6.1.4.1.9590.100.1.2.290280947112577443319248871963339740559/1.3.6.1.4.1.9590.100.1.2.233937814612140678434788847791921701335/000000.dcm,calc,train,0,BENIGN
P_01451,RIGHT,CC,calcification,BENIGN,Calc-Training_P_01451_RIGHT_CC/1.3.6.1.4.1.9590.100.1.2.68430308811664570216057071432263551026/1.3.6.1.4.1.9590.100.1.2.61036743311125583313047274280567048361/000000.dcm,calc,train,0,BENIGN
P_01451,RIGHT,MLO,calcification,BENIGN,Calc-Training_P_01451_RIGHT_MLO/1.3.6.1.4.1.9590.100.1.2.188111532713150804824252353571825482006/1.3.6.1.4.1.9590.100.1.2.225302882212518929311329883021007445813/000000.dcm,calc,train,0,BENIGN
P_01454,LEFT,MLO,calcification,MALIGNANT,Calc-Training_P_01454_LEFT_MLO/1.3.6.1.4.1.9590.100.1.2.299928246013928625036610914720292257356/1.3.6.1.4.1.9590.100.1.2.295326067813319071803507885093865003464/000000.dcm,calc,train,1,MALIGNANT
P_01455,RIGHT,CC,calcification,MALIGNANT,Calc-Training_P_01455_RIGHT_CC/1.3.6.1.4.1.9590.100.1.2.411725899412665340931500934592688264654/1.3.6.1.4.1.9590.100.1.2.391753030711298372041348706691619519768/000000.dcm,calc,train,1,MALIGNANT
P_01455,RIGHT,MLO,calcification,MALIGNANT,Calc-Training_P_01455_RIGHT_MLO/1.3.6.1.4.1.9590.100.1.2.142641460812213053430600132223341257816/1.3.6.1.4.1.9590.100.1.2.65030953812108208712227969821580395603/000000.dcm,calc,train,1,MALIGNANT
P_01456,LEFT,CC,calcification,MALIGNANT,Calc-Training_P_01456_LEFT_CC/1.3.6.1.4.1.9590.100.1.2.398328602411034031639480874683982022136/1.3.6.1.4.1.9590.100.1.2.108709310310470826227069758833996167770/000000.dcm,calc,train,1,MALIGNANT
P_01456,LEFT,CC,calcification,MALIGNANT,Calc-Training_P_01456_LEFT_CC/1.3.6.1.4.1.9590.100.1.2.398328602411034031639480874683982022136/1.3.6.1.4.1.9590.100.1.2.108709310310470826227069758833996167770/000000.dcm,calc,train,1,MALIGNANT
P_01456,LEFT,MLO,calcification,MALIGNANT,Calc-Training_P_01456_LEFT_MLO/1.3.6.1.4.1.9590.100.1.2.429496255212282730229551479342985424987/1.3.6.1.4.1.9590.100.1.2.182768538513893622409297189391059224847/000000.dcm,calc,train,1,MALIGNANT
P_01456,LEFT,MLO,calcification,MALIGNANT,Calc-Training_P_01456_LEFT_MLO/1.3.6.1.4.1.9590.100.1.2.429496255212282730229551479342985424987/1.3.6.1.4.1.9590.100.1.2.182768538513893622409297189391059224847/000000.dcm,calc,train,1,MALIGNANT
P_01457,LEFT,CC,calcification,BENIGN_WITHOUT_CALLBACK,Calc-Training_P_01457_LEFT_CC/1.3.6.1.4.1.9590.100.1.2.361663983310320668003891795491258597306/1.3.6.1.4.1.9590.100.1.2.71928301212219609314072252602966948877/000000.dcm,calc,train,0,BENIGN
P_01457,LEFT,CC,calcification,BENIGN_WITHOUT_CALLBACK,Calc-Training_P_01457_LEFT_CC/1.3.6.1.4.1.9590.100.1.2.361663983310320668003891795491258597306/1.3.6.1.4.1.9590.100.1.2.71928301212219609314072252602966948877/000000.dcm,calc,train,0,BENIGN
P_01457,LEFT,MLO,calcification,BENIGN_WITHOUT_CALLBACK,Calc-Training_P_01457_LEFT_MLO/1.3.6.1.4.1.9590.100.1.2.39566081212416316903277088593165769656/1.3.6.1.4.1.9590.100.1.2.107208772712756184727248595500844018939/000000.dcm,calc,train,0,BENIGN
P_01457,LEFT,MLO,calcification,BENIGN_WITHOUT_CALLBACK,Calc-Training_P_01457_LEFT_MLO/1.3.6.1.4.1.9590.100.1.2.39566081212416316903277088593165769656/1.3.6.1.4.1.9590.100.1.2.107208772712756184727248595500844018939/000000.dcm,calc,train,0,BENIGN
P_01457,RIGHT,CC,calcification,BENIGN_WITHOUT_CALLBACK,Calc-Training_P_01457_RIGHT_CC/1.3.6.1.4.1.9590.100.1.2.227294638910719660317896836071520764674/1.3.6.1.4.1.9590.100.1.2.69593508413111090311950590930695136313/000000.dcm,calc,train,0,BENIGN
P_01457,RIGHT,MLO,calcification,BENIGN_WITHOUT_CALLBACK,Calc-Training_P_01457_RIGHT_MLO/1.3.6.1.4.1.9590.100.1.2.36354088712550359531643539632930917126/1.3.6.1.4.1.9590.100.1.2.352822755513452795201836990730140870919/000000.dcm,calc,train,0,BENIGN
P_01458,LEFT,CC,calcification,BENIGN_WITHOUT_CALLBACK,Calc-Training_P_01458_LEFT_CC/1.3.6.1.4.1.9590.100.1.2.142403477112288529212873443001391532558/1.3.6.1.4.1.9590.100.1.2.422123520011922899217541945691484632474/000000.dcm,calc,train,0,BENIGN
P_01458,LEFT,MLO,calcification,BENIGN_WITHOUT_CALLBACK,Calc-Training_P_01458_LEFT_MLO/1.3.6.1.4.1.9590.100.1.2.266128372211556701113230670243714115234/1.3.6.1.4.1.9590.100.1.2.96248553913743164001617432932817446188/000000.dcm,calc,train,0,BENIGN
P_01459,LEFT,CC,calcification,MALIGNANT,Calc-Training_P_01459_LEFT_CC/1.3.6.1.4.1.9590.100.1.2.340150523312880274532812519923289577902/1.3.6.1.4.1.9590.100.1.2.48108565012803469540186438433421578888/000000.dcm,calc,train,1,MALIGNANT
P_01459,LEFT,MLO,calcification,MALIGNANT,Calc-Training_P_01459_LEFT_MLO/1.3.6.1.4.1.9590.100.1.2.90750428112702051638212740373538660453/1.3.6.1.4.1.9590.100.1.2.104098193313490577933291262873930417517/000000.dcm,calc,train,1,MALIGNANT
P_01462,LEFT,CC,calcification,BENIGN_WITHOUT_CALLBACK,Calc-Training_P_01462_LEFT_CC/1.3.6.1.4.1.9590.100.1.2.363498803612413388213654834312067202288/1.3.6.1.4.1.9590.100.1.2.74414112111016019039766101982433139856/000000.dcm,calc,train,0,BENIGN
P_01462,LEFT,MLO,calcification,BENIGN_WITHOUT_CALLBACK,Calc-Training_P_01462_LEFT_MLO/1.3.6.1.4.1.9590.100.1.2.174098060111938425402622877983842378457/1.3.6.1.4.1.9590.100.1.2.423283577712821737707939593061526028130/000000.dcm,calc,train,0,BENIGN
P_01467,RIGHT,CC,calcification,MALIGNANT,Calc-Training_P_01467_RIGHT_CC/1.3.6.1.4.1.9590.100.1.2.367703332613774802330864411290148926176/1.3.6.1.4.1.9590.100.1.2.164174857612677432629018415942618879873/000000.dcm,calc,train,1,MALIGNANT
P_01467,RIGHT,MLO,calcification,MALIGNANT,Calc-Training_P_01467_RIGHT_MLO/1.3.6.1.4.1.9590.100.1.2.67834836512535191020825975191056080587/1.3.6.1.4.1.9590.100.1.2.420314356512813221229518186673665284964/000000.dcm,calc,train,1,MALIGNANT
P_01472,RIGHT,MLO,calcification,MALIGNANT,Calc-Training_P_01472_RIGHT_MLO/1.3.6.1.4.1.9590.100.1.2.192430089413064844616914807180161288342/1.3.6.1.4.1.9590.100.1.2.379593658510835323128627421690186152690/000000.dcm,calc,train,1,MALIGNANT
P_01478,RIGHT,CC,calcification,BENIGN,Calc-Training_P_01478_RIGHT_CC/1.3.6.1.4.1.9590.100.1.2.54176539112841861431681302133289769062/1.3.6.1.4.1.9590.100.1.2.402643449512415976237006015151202585134/000000.dcm,calc,train,0,BENIGN
P_01478,RIGHT,MLO,calcification,BENIGN,Calc-Training_P_01478_RIGHT_MLO/1.3.6.1.4.1.9590.100.1.2.279487328812313135720312357660407732964/1.3.6.1.4.1.9590.100.1.2.285440095811114224804490681770375275703/000000.dcm,calc,train,0,BENIGN
P_01487,RIGHT,MLO,calcification,BENIGN_WITHOUT_CALLBACK,Calc-Training_P_01487_RIGHT_MLO/1.3.6.1.4.1.9590.100.1.2.396220810812967605031359945373210762707/1.3.6.1.4.1.9590.100.1.2.98372090412386749225225312403309635048/000000.dcm,calc,train,0,BENIGN
P_01488,LEFT,CC,calcification,BENIGN,Calc-Training_P_01488_LEFT_CC/1.3.6.1.4.1.9590.100.1.2.352542294712320268117524304664042155567/1.3.6.1.4.1.9590.100.1.2.355773468011776616230827398891817167802/000000.dcm,calc,train,0,BENIGN
P_01488,LEFT,MLO,calcification,BENIGN,Calc-Training_P_01488_LEFT_MLO/1.3.6.1.4.1.9590.100.1.2.274340617112129196020999871014007575344/1.3.6.1.4.1.9590.100.1.2.188890844413720002221423179850133021932/000000.dcm,calc,train,0,BENIGN
P_01497,LEFT,CC,calcification,BENIGN,Calc-Training_P_01497_LEFT_CC/1.3.6.1.4.1.9590.100.1.2.363926956911826102115398834164243292618/1.3.6.1.4.1.9590.100.1.2.350546038712624038408433082083902639722/000000.dcm,calc,train,0,BENIGN
P_01497,LEFT,MLO,calcification,BENIGN,Calc-Training_P_01497_LEFT_MLO/1.3.6.1.4.1.9590.100.1.2.178566783512040686713656442011602617328/1.3.6.1.4.1.9590.100.1.2.220280685513130075322275913451557533119/000000.dcm,calc,train,0,BENIGN
P_01497,RIGHT,MLO,calcification,BENIGN,Calc-Training_P_01497_RIGHT_MLO/1.3.6.1.4.1.9590.100.1.2.336321891411723063932424004241173881452/1.3.6.1.4.1.9590.100.1.2.68359999211952203236416201422505794258/000000.dcm,calc,train,0,BENIGN
P_01505,RIGHT,CC,calcification,MALIGNANT,Calc-Training_P_01505_RIGHT_CC/1.3.6.1.4.1.9590.100.1.2.212412705711835210125052238401063413943/1.3.6.1.4.1.9590.100.1.2.416621853111881253514598875510006554861/000000.dcm,calc,train,1,MALIGNANT
P_01505,RIGHT,MLO,calcification,MALIGNANT,Calc-Training_P_01505_RIGHT_MLO/1.3.6.1.4.1.9590.100.1.2.157793341911415872722519704792678424608/1.3.6.1.4.1.9590.100.1.2.222281501911594113427523470683718323294/000000.dcm,calc,train,1,MALIGNANT
P_01513,LEFT,CC,calcification,BENIGN,Calc-Training_P_01513_LEFT_CC/1.3.6.1.4.1.9590.100.1.2.88073099212384048531672887463128001122/1.3.6.1.4.1.9590.100.1.2.352128912013228466410351371520684526368/000000.dcm,calc,train,0,BENIGN
P_01513,LEFT,MLO,calcification,BENIGN,Calc-Training_P_01513_LEFT_MLO/1.3.6.1.4.1.9590.100.1.2.392340360111530535529435670061556018122/1.3.6.1.4.1.9590.100.1.2.391224973712452207210149840940582474307/000000.dcm,calc,train,0,BENIGN
P_01517,LEFT,MLO,calcification,MALIGNANT,Calc-Training_P_01517_LEFT_MLO/1.3.6.1.4.1.9590.100.1.2.288890966512995560334995879743852067310/1.3.6.1.4.1.9590.100.1.2.279948923912430242505168644041044434070/000000.dcm,calc,train,1,MALIGNANT
P_01522,RIGHT,CC,calcification,BENIGN,Calc-Training_P_01522_RIGHT_CC/1.3.6.1.4.1.9590.100.1.2.45762372110640775629264024663861324050/1.3.6.1.4.1.9590.100.1.2.179002426311854030527787595823231987229/000000.dcm,calc,train,0,BENIGN
P_01522,RIGHT,MLO,calcification,BENIGN,Calc-Training_P_01522_RIGHT_MLO/1.3.6.1.4.1.9590.100.1.2.158374174611607754932904713212238903562/1.3.6.1.4.1.9590.100.1.2.198834718312715761209988000201552629926/000000.dcm,calc,train,0,BENIGN
P_01524,LEFT,CC,calcification,MALIGNANT,Calc-Training_P_01524_LEFT_CC/1.3.6.1.4.1.9590.100.1.2.374776919512799445819538515820122816915/1.3.6.1.4.1.9590.100.1.2.312891195211815450318271986322851582397/000000.dcm,calc,train,1,MALIGNANT
P_01524,LEFT,MLO,calcification,MALIGNANT,Calc-Training_P_01524_LEFT_MLO/1.3.6.1.4.1.9590.100.1.2.43861083711468683228522005781304206433/1.3.6.1.4.1.9590.100.1.2.367814693413055371111666725260467765478/000000.dcm,calc,train,1,MALIGNANT
P_01526,RIGHT,CC,calcification,MALIGNANT,Calc-Training_P_01526_RIGHT_CC/1.3.6.1.4.1.9590.100.1.2.134711472212761241327170049682090721722/1.3.6.1.4.1.9590.100.1.2.7695450411177884124982727031697671380/000000.dcm,calc,train,1,MALIGNANT
P_01526,RIGHT,MLO,calcification,MALIGNANT,Calc-Training_P_01526_RIGHT_MLO/1.3.6.1.4.1.9590.100.1.2.216887038512164892927284904233695661617/1.3.6.1.4.1.9590.100.1.2.130470974411070255504692218214098227421/000000.dcm,calc,train,1,MALIGNANT
P_01537,RIGHT,CC,calcification,MALIGNANT,Calc-Training_P_01537_RIGHT_CC/1.3.6.1.4.1.9590.100.1.2.2375581211218365733342713643142284100/1.3.6.1.4.1.9590.100.1.2.344447442911351614334714653632888167512/000000.dcm,calc,train,1,MALIGNANT
P_01545,RIGHT,CC,calcification,MALIGNANT,Calc-Training_P_01545_RIGHT_CC/1.3.6.1.4.1.9590.100.1.2.334790393712217720717474579451763312427/1.3.6.1.4.1.9590.100.1.2.219128453912129615413882008863620477430/000000.dcm,calc,train,1,MALIGNANT
P_01545,RIGHT,MLO,calcification,MALIGNANT,Calc-Training_P_01545_RIGHT_MLO/1.3.6.1.4.1.9590.100.1.2.38689986713482772227607349013946517946/1.3.6.1.4.1.9590.100.1.2.120998615613811225618219808193960040058/000000.dcm,calc,train,1,MALIGNANT
P_01548,LEFT,CC,calcification,MALIGNANT,Calc-Training_P_01548_LEFT_CC/1.3.6.1.4.1.9590.100.1.2.76468357712991495112206560380483297403/1.3.6.1.4.1.9590.100.1.2.354019006911511506831408820601819240194/000000.dcm,calc,train,1,MALIGNANT
P_01548,LEFT,MLO,calcification,MALIGNANT,Calc-Training_P_01548_LEFT_MLO/1.3.6.1.4.1.9590.100.1.2.343455889212367092627072879942767173686/1.3.6.1.4.1.9590.100.1.2.266960425413774676731789659030422921930/000000.dcm,calc,train,1,MALIGNANT
P_01549,LEFT,CC,calcification,MALIGNANT,Calc-Training_P_01549_LEFT_CC/1.3.6.1.4.1.9590.100.1.2.158507582012552663740389536290106619206/1.3.6.1.4.1.9590.100.1.2.823895812753986636179936144151938229/000000.dcm,calc,train,1,MALIGNANT
P_01549,LEFT,MLO,calcification,MALIGNANT,Calc-Training_P_01549_LEFT_MLO/1.3.6.1.4.1.9590.100.1.2.44536189211132550226067936024073501444/1.3.6.1.4.1.9590.100.1.2.106249827813113909612238437690120291334/000000.dcm,calc,train,1,MALIGNANT
P_01561,LEFT,CC,calcification,MALIGNANT,Calc-Training_P_01561_LEFT_CC/1.3.6.1.4.1.9590.100.1.2.391260081612605661611316085053948395512/1.3.6.1.4.1.9590.100.1.2.275882615212993080933361025713032556573/000000.dcm,calc,train,1,MALIGNANT
P_01561,LEFT,MLO,calcification,MALIGNANT,Calc-Training_P_01561_LEFT_MLO/1.3.6.1.4.1.9590.100.1.2.147233484411259393529524786303228774241/1.3.6.1.4.1.9590.100.1.2.427723824512152682811037385363205255031/000000.dcm,calc,train,1,MALIGNANT
P_01563,LEFT,CC,calcification,BENIGN_WITHOUT_CALLBACK,Calc-Training_P_01563_LEFT_CC/1.3.6.1.4.1.9590.100.1.2.105041258411405175012029569510107805780/1.3.6.1.4.1.9590.100.1.2.74027474310821018314806355672297628810/000000.dcm,calc,train,0,BENIGN
P_01563,LEFT,CC,calcification,BENIGN_WITHOUT_CALLBACK,Calc-Training_P_01563_LEFT_CC/1.3.6.1.4.1.9590.100.1.2.105041258411405175012029569510107805780/1.3.6.1.4.1.9590.100.1.2.74027474310821018314806355672297628810/000000.dcm,calc,train,0,BENIGN
P_01563,LEFT,MLO,calcification,BENIGN_WITHOUT_CALLBACK,Calc-Training_P_01563_LEFT_MLO/1.3.6.1.4.1.9590.100.1.2.402645937912314561107133938271225502229/1.3.6.1.4.1.9590.100.1.2.37648580212957978230487540551259354524/000000.dcm,calc,train,0,BENIGN
P_01563,LEFT,MLO,calcification,BENIGN_WITHOUT_CALLBACK,Calc-Training_P_01563_LEFT_MLO/1.3.6.1.4.1.9590.100.1.2.402645937912314561107133938271225502229/1.3.6.1.4.1.9590.100.1.2.37648580212957978230487540551259354524/000000.dcm,calc,train,0,BENIGN
P_01563,LEFT,MLO,calcification,BENIGN_WITHOUT_CALLBACK,Calc-Training_P_01563_LEFT_MLO/1.3.6.1.4.1.9590.100.1.2.402645937912314561107133938271225502229/1.3.6.1.4.1.9590.100.1.2.37648580212957978230487540551259354524/000000.dcm,calc,train,0,BENIGN
P_01563,LEFT,MLO,calcification,BENIGN_WITHOUT_CALLBACK,Calc-Training_P_01563_LEFT_MLO/1.3.6.1.4.1.9590.100.1.2.402645937912314561107133938271225502229/1.3.6.1.4.1.9590.100.1.2.37648580212957978230487540551259354524/000000.dcm,calc,train,0,BENIGN
P_01563,RIGHT,CC,calcification,BENIGN_WITHOUT_CALLBACK,Calc-Training_P_01563_RIGHT_CC/1.3.6.1.4.1.9590.100.1.2.122927068611800785903811319333877876885/1.3.6.1.4.1.9590.100.1.2.145652490711909263606662957233744547906/000000.dcm,calc,train,0,BENIGN
P_01563,RIGHT,CC,calcification,BENIGN_WITHOUT_CALLBACK,Calc-Training_P_01563_RIGHT_CC/1.3.6.1.4.1.9590.100.1.2.122927068611800785903811319333877876885/1.3.6.1.4.1.9590.100.1.2.145652490711909263606662957233744547906/000000.dcm,calc,train,0,BENIGN
P_01563,RIGHT,MLO,calcification,BENIGN_WITHOUT_CALLBACK,Calc-Training_P_01563_RIGHT_MLO/1.3.6.1.4.1.9590.100.1.2.207050203610851829116719448543755653682/1.3.6.1.4.1.9590.100.1.2.390445679911979677723186008730880664974/000000.dcm,calc,train,0,BENIGN
P_01563,RIGHT,MLO,calcification,BENIGN_WITHOUT_CALLBACK,Calc-Training_P_01563_RIGHT_MLO/1.3.6.1.4.1.9590.100.1.2.207050203610851829116719448543755653682/1.3.6.1.4.1.9590.100.1.2.390445679911979677723186008730880664974/000000.dcm,calc,train,0,BENIGN
P_01563,RIGHT,MLO,calcification,BENIGN_WITHOUT_CALLBACK,Calc-Training_P_01563_RIGHT_MLO/1.3.6.1.4.1.9590.100.1.2.207050203610851829116719448543755653682/1.3.6.1.4.1.9590.100.1.2.390445679911979677723186008730880664974/000000.dcm,calc,train,0,BENIGN
P_01566,LEFT,CC,calcification,BENIGN,Calc-Training_P_01566_LEFT_CC/1.3.6.1.4.1.9590.100.1.2.261824767012269990107972230571015739541/1.3.6.1.4.1.9590.100.1.2.156204020610542192932538280281913001798/000000.dcm,calc,train,0,BENIGN
P_01566,LEFT,MLO,calcification,BENIGN,Calc-Training_P_01566_LEFT_MLO/1.3.6.1.4.1.9590.100.1.2.14753176612777617135836320091953340854/1.3.6.1.4.1.9590.100.1.2.107975713012577821628078911051705957483/000000.dcm,calc,train,0,BENIGN
P_01567,LEFT,CC,calcification,BENIGN,Calc-Training_P_01567_LEFT_CC/1.3.6.1.4.1.9590.100.1.2.183487855312596190732512037323075088968/1.3.6.1.4.1.9590.100.1.2.13799030611812058337524648080094578300/000000.dcm,calc,train,0,BENIGN
P_01567,LEFT,MLO,calcification,BENIGN,Calc-Training_P_01567_LEFT_MLO/1.3.6.1.4.1.9590.100.1.2.214620860211172483307719924672930187529/1.3.6.1.4.1.9590.100.1.2.197148922312713609517981554543182755887/000000.dcm,calc,train,0,BENIGN
P_01569,RIGHT,CC,calcification,BENIGN,Calc-Training_P_01569_RIGHT_CC/1.3.6.1.4.1.9590.100.1.2.193994740710374000231645362011716214148/1.3.6.1.4.1.9590.100.1.2.378088573812909403003653228944192523130/000000.dcm,calc,train,0,BENIGN
P_01569,RIGHT,CC,calcification,BENIGN,Calc-Training_P_01569_RIGHT_CC/1.3.6.1.4.1.9590.100.1.2.193994740710374000231645362011716214148/1.3.6.1.4.1.9590.100.1.2.378088573812909403003653228944192523130/000000.dcm,calc,train,0,BENIGN
P_01569,RIGHT,MLO,calcification,BENIGN,Calc-Training_P_01569_RIGHT_MLO/1.3.6.1.4.1.9590.100.1.2.385001057210673456135178582000160127107/1.3.6.1.4.1.9590.100.1.2.99025095512123343413129637712655833127/000000.dcm,calc,train,0,BENIGN
P_01570,RIGHT,CC,calcification,BENIGN,Calc-Training_P_01570_RIGHT_CC/1.3.6.1.4.1.9590.100.1.2.13457296111115035809865427281085692253/1.3.6.1.4.1.9590.100.1.2.60057507212899364912362446563347943654/000000.dcm,calc,train,0,BENIGN
P_01570,RIGHT,MLO,calcification,BENIGN,Calc-Training_P_01570_RIGHT_MLO/1.3.6.1.4.1.9590.100.1.2.255110897612416375737498856122485988562/1.3.6.1.4.1.9590.100.1.2.139822995511461422133205580133771707407/000000.dcm,calc,train,0,BENIGN
P_01571,RIGHT,CC,calcification,BENIGN,Calc-Training_P_01571_RIGHT_CC/1.3.6.1.4.1.9590.100.1.2.155239531311409823419964248680642707017/1.3.6.1.4.1.9590.100.1.2.46588923612656215529800004052659011219/000000.dcm,calc,train,0,BENIGN
P_01571,RIGHT,MLO,calcification,BENIGN,Calc-Training_P_01571_RIGHT_MLO/1.3.6.1.4.1.9590.100.1.2.205383353913749792022554796862918699711/1.3.6.1.4.1.9590.100.1.2.214320482510079928016415374101280413204/000000.dcm,calc,train,0,BENIGN
P_01573,RIGHT,CC,calcification,MALIGNANT,Calc-Training_P_01573_RIGHT_CC/1.3.6.1.4.1.9590.100.1.2.419085189511778904336313171292192319795/1.3.6.1.4.1.9590.100.1.2.299469518512435452319106656263322833710/000000.dcm,calc,train,1,MALIGNANT
P_01573,RIGHT,CC,calcification,MALIGNANT,Calc-Training_P_01573_RIGHT_CC/1.3.6.1.4.1.9590.100.1.2.419085189511778904336313171292192319795/1.3.6.1.4.1.9590.100.1.2.299469518512435452319106656263322833710/000000.dcm,calc,train,1,MALIGNANT
P_01573,RIGHT,MLO,calcification,MALIGNANT,Calc-Training_P_01573_RIGHT_MLO/1.3.6.1.4.1.9590.100.1.2.378416145213089145317752575164140836415/1.3.6.1.4.1.9590.100.1.2.324673355211304554727213098663845131535/000000.dcm,calc,train,1,MALIGNANT
P_01573,RIGHT,MLO,calcification,MALIGNANT,Calc-Training_P_01573_RIGHT_MLO/1.3.6.1.4.1.9590.100.1.2.378416145213089145317752575164140836415/1.3.6.1.4.1.9590.100.1.2.324673355211304554727213098663845131535/000000.dcm,calc,train,1,MALIGNANT
P_01574,RIGHT,CC,calcification,BENIGN,Calc-Training_P_01574_RIGHT_CC/1.3.6.1.4.1.9590.100.1.2.62820596212496839042540860163690139574/1.3.6.1.4.1.9590.100.1.2.344129535010922122021504618860475758906/000000.dcm,calc,train,0,BENIGN
P_01574,RIGHT,MLO,calcification,BENIGN,Calc-Training_P_01574_RIGHT_MLO/1.3.6.1.4.1.9590.100.1.2.272774024513909546622958102142490167954/1.3.6.1.4.1.9590.100.1.2.286829473913058402801957659161523761906/000000.dcm,calc,train,0,BENIGN
P_01575,RIGHT,MLO,calcification,MALIGNANT,Calc-Training_P_01575_RIGHT_MLO/1.3.6.1.4.1.9590.100.1.2.109449311411732832130037264892141318795/1.3.6.1.4.1.9590.100.1.2.382046109212137032837822217122458378113/000000.dcm,calc,train,1,MALIGNANT
P_01576,RIGHT,CC,calcification,MALIGNANT,Calc-Training_P_01576_RIGHT_CC/1.3.6.1.4.1.9590.100.1.2.425709474512904592511305504403819223767/1.3.6.1.4.1.9590.100.1.2.412578311012465752433200165180810536217/000000.dcm,calc,train,1,MALIGNANT
P_01576,RIGHT,MLO,calcification,MALIGNANT,Calc-Training_P_01576_RIGHT_MLO/1.3.6.1.4.1.9590.100.1.2.144705160212682250713149019073244693611/1.3.6.1.4.1.9590.100.1.2.31830048111454978035498810173867786399/000000.dcm,calc,train,1,MALIGNANT
P_01577,RIGHT,CC,calcification,BENIGN_WITHOUT_CALLBACK,Calc-Training_P_01577_RIGHT_CC/1.3.6.1.4.1.9590.100.1.2.76928694113926129726911051903140834443/1.3.6.1.4.1.9590.100.1.2.136702948711772971420930861044037171294/000000.dcm,calc,train,0,BENIGN
P_01577,RIGHT,MLO,calcification,BENIGN_WITHOUT_CALLBACK,Calc-Training_P_01577_RIGHT_MLO/1.3.6.1.4.1.9590.100.1.2.88242825010708593931351397182535635002/1.3.6.1.4.1.9590.100.1.2.278578904411757303328528892551538490459/000000.dcm,calc,train,0,BENIGN
P_01579,RIGHT,CC,calcification,BENIGN,Calc-Training_P_01579_RIGHT_CC/1.3.6.1.4.1.9590.100.1.2.29141856811842620424738927932338049854/1.3.6.1.4.1.9590.100.1.2.352464887112539963439181784381304351241/000000.dcm,calc,train,0,BENIGN
P_01579,RIGHT,MLO,calcification,BENIGN,Calc-Training_P_01579_RIGHT_MLO/1.3.6.1.4.1.9590.100.1.2.316006360113303456707966340231532492727/1.3.6.1.4.1.9590.100.1.2.362432849513329218711904211253071425502/000000.dcm,calc,train,0,BENIGN
P_01582,LEFT,CC,calcification,MALIGNANT,Calc-Training_P_01582_LEFT_CC/1.3.6.1.4.1.9590.100.1.2.13050593512568593414654273340546226019/1.3.6.1.4.1.9590.100.1.2.104686749910454751414149879103342662195/000000.dcm,calc,train,1,MALIGNANT
P_01582,LEFT,MLO,calcification,MALIGNANT,Calc-Training_P_01582_LEFT_MLO/1.3.6.1.4.1.9590.100.1.2.233993479311956012640026351511937294760/1.3.6.1.4.1.9590.100.1.2.320340501311336761702507217133260856667/000000.dcm,calc,train,1,MALIGNANT
P_01582,RIGHT,CC,calcification,BENIGN,Calc-Training_P_01582_RIGHT_CC/1.3.6.1.4.1.9590.100.1.2.44512328511663749037546065230199488029/1.3.6.1.4.1.9590.100.1.2.302080540010025808913376961441643139046/000000.dcm,calc,train,0,BENIGN
P_01582,RIGHT,MLO,calcification,BENIGN,Calc-Training_P_01582_RIGHT_MLO/1.3.6.1.4.1.9590.100.1.2.391035516712045244913699329510202729138/1.3.6.1.4.1.9590.100.1.2.130771752912766067402650523451325263533/000000.dcm,calc,train,0,BENIGN
P_01585,RIGHT,CC,calcification,MALIGNANT,Calc-Training_P_01585_RIGHT_CC/1.3.6.1.4.1.9590.100.1.2.61541779111322348431575919394152774501/1.3.6.1.4.1.9590.100.1.2.213873839511674723534273097451178728281/000000.dcm,calc,train,1,MALIGNANT
P_01585,RIGHT,MLO,calcification,MALIGNANT,Calc-Training_P_01585_RIGHT_MLO/1.3.6.1.4.1.9590.100.1.2.210436208512437718721857437781149292549/1.3.6.1.4.1.9590.100.1.2.80636220111619759840797390173465079104/000000.dcm,calc,train,1,MALIGNANT
P_01596,LEFT,CC,calcification,MALIGNANT,Calc-Training_P_01596_LEFT_CC/1.3.6.1.4.1.9590.100.1.2.363061887612518746141644817114174344180/1.3.6.1.4.1.9590.100.1.2.23695694812696245802204320092933544331/000000.dcm,calc,train,1,MALIGNANT
P_01596,LEFT,MLO,calcification,MALIGNANT,Calc-Training_P_01596_LEFT_MLO/1.3.6.1.4.1.9590.100.1.2.220667173111320458909276816902442661354/1.3.6.1.4.1.9590.100.1.2.380327564311857678400848846711545959410/000000.dcm,calc,train,1,MALIGNANT
P_01605,LEFT,CC,calcification,MALIGNANT,Calc-Training_P_01605_LEFT_CC/1.3.6.1.4.1.9590.100.1.2.275225781711183922505631612522771875622/1.3.6.1.4.1.9590.100.1.2.303116768511829478820680925500312061481/000000.dcm,calc,train,1,MALIGNANT
P_01605,LEFT,MLO,calcification,MALIGNANT,Calc-Training_P_01605_LEFT_MLO/1.3.6.1.4.1.9590.100.1.2.316463961513039555116579514163020392334/1.3.6.1.4.1.9590.100.1.2.142907773911947688702213113893866359104/000000.dcm,calc,train,1,MALIGNANT
P_01609,LEFT,CC,calcification,BENIGN,Calc-Training_P_01609_LEFT_CC/1.3.6.1.4.1.9590.100.1.2.204697379311647544800889151190454313230/1.3.6.1.4.1.9590.100.1.2.296655292410858880841776257620436965580/000000.dcm,calc,train,0,BENIGN
P_01609,LEFT,MLO,calcification,BENIGN,Calc-Training_P_01609_LEFT_MLO/1.3.6.1.4.1.9590.100.1.2.263414368211690323341005036953018716286/1.3.6.1.4.1.9590.100.1.2.327546655412429907703257655470092494966/000000.dcm,calc,train,0,BENIGN
P_01610,RIGHT,MLO,calcification,MALIGNANT,Calc-Training_P_01610_RIGHT_MLO/1.3.6.1.4.1.9590.100.1.2.40586156113897977304443767550243977097/1.3.6.1.4.1.9590.100.1.2.5560655811630664812485794823416544257/000000.dcm,calc,train,1,MALIGNANT
P_01616,RIGHT,CC,calcification,BENIGN,Calc-Training_P_01616_RIGHT_CC/1.3.6.1.4.1.9590.100.1.2.94528184612684221239841868030730351455/1.3.6.1.4.1.9590.100.1.2.321370481911159457023509364911008063546/000000.dcm,calc,train,0,BENIGN
P_01616,RIGHT,MLO,calcification,BENIGN,Calc-Training_P_01616_RIGHT_MLO/1.3.6.1.4.1.9590.100.1.2.340167069510232682112700742681132232172/1.3.6.1.4.1.9590.100.1.2.125646349412437530720906699543571013327/000000.dcm,calc,train,0,BENIGN
P_01625,RIGHT,CC,calcification,MALIGNANT,Calc-Training_P_01625_RIGHT_CC/1.3.6.1.4.1.9590.100.1.2.292617178812425435441150337280782245433/1.3.6.1.4.1.9590.100.1.2.56085006113084566424056551783284458998/000000.dcm,calc,train,1,MALIGNANT
P_01625,RIGHT,MLO,calcification,MALIGNANT,Calc-Training_P_01625_RIGHT_MLO/1.3.6.1.4.1.9590.100.1.2.350280159012675506737954671392888291850/1.3.6.1.4.1.9590.100.1.2.26524748811152512242348842641634506174/000000.dcm,calc,train,1,MALIGNANT
P_01626,LEFT,CC,calcification,MALIGNANT,Calc-Training_P_01626_LEFT_CC/1.3.6.1.4.1.9590.100.1.2.383015862912581351737632603133185283804/1.3.6.1.4.1.9590.100.1.2.212125268612002310729022327212837507487/000000.dcm,calc,train,1,MALIGNANT
P_01626,LEFT,MLO,calcification,MALIGNANT,Calc-Training_P_01626_LEFT_MLO/1.3.6.1.4.1.9590.100.1.2.306471622511001225200619828642344673182/1.3.6.1.4.1.9590.100.1.2.323350974413696601610671070033735006116/000000.dcm,calc,train,1,MALIGNANT
P_01628,LEFT,CC,calcification,BENIGN_WITHOUT_CALLBACK,Calc-Training_P_01628_LEFT_CC/1.3.6.1.4.1.9590.100.1.2.414283377011125143825077011501557810667/1.3.6.1.4.1.9590.100.1.2.232788245310770552306464675114291835611/000000.dcm,calc,train,0,BENIGN
P_01628,LEFT,CC,calcification,BENIGN_WITHOUT_CALLBACK,Calc-Training_P_01628_LEFT_CC/1.3.6.1.4.1.9590.100.1.2.414283377011125143825077011501557810667/1.3.6.1.4.1.9590.100.1.2.232788245310770552306464675114291835611/000000.dcm,calc,train,0,BENIGN
P_01628,LEFT,CC,calcification,BENIGN_WITHOUT_CALLBACK,Calc-Training_P_01628_LEFT_CC/1.3.6.1.4.1.9590.100.1.2.414283377011125143825077011501557810667/1.3.6.1.4.1.9590.100.1.2.232788245310770552306464675114291835611/000000.dcm,calc,train,0,BENIGN
P_01628,LEFT,MLO,calcification,BENIGN_WITHOUT_CALLBACK,Calc-Training_P_01628_LEFT_MLO/1.3.6.1.4.1.9590.100.1.2.354239463311824675813715250071788506188/1.3.6.1.4.1.9590.100.1.2.187100916712896671939716248682770393404/000000.dcm,calc,train,0,BENIGN
P_01628,LEFT,MLO,calcification,BENIGN_WITHOUT_CALLBACK,Calc-Training_P_01628_LEFT_MLO/1.3.6.1.4.1.9590.100.1.2.354239463311824675813715250071788506188/1.3.6.1.4.1.9590.100.1.2.187100916712896671939716248682770393404/000000.dcm,calc,train,0,BENIGN
P_01628,LEFT,MLO,calcification,BENIGN_WITHOUT_CALLBACK,Calc-Training_P_01628_LEFT_MLO/1.3.6.1.4.1.9590.100.1.2.354239463311824675813715250071788506188/1.3.6.1.4.1.9590.100.1.2.187100916712896671939716248682770393404/000000.dcm,calc,train,0,BENIGN
P_01628,RIGHT,CC,calcification,BENIGN_WITHOUT_CALLBACK,Calc-Training_P_01628_RIGHT_CC/1.3.6.1.4.1.9590.100.1.2.399699816010921135542102723933589705539/1.3.6.1.4.1.9590.100.1.2.137562241011481380706391312851646232919/000000.dcm,calc,train,0,BENIGN
P_01628,RIGHT,CC,calcification,BENIGN_WITHOUT_CALLBACK,Calc-Training_P_01628_RIGHT_CC/1.3.6.1.4.1.9590.100.1.2.399699816010921135542102723933589705539/1.3.6.1.4.1.9590.100.1.2.137562241011481380706391312851646232919/000000.dcm,calc,train,0,BENIGN
P_01628,RIGHT,MLO,calcification,BENIGN_WITHOUT_CALLBACK,Calc-Training_P_01628_RIGHT_MLO/1.3.6.1.4.1.9590.100.1.2.364534151213826115442024336761354960854/1.3.6.1.4.1.9590.100.1.2.360157171311166640209868517473621555491/000000.dcm,calc,train,0,BENIGN
P_01628,RIGHT,MLO,calcification,BENIGN_WITHOUT_CALLBACK,Calc-Training_P_01628_RIGHT_MLO/1.3.6.1.4.1.9590.100.1.2.364534151213826115442024336761354960854/1.3.6.1.4.1.9590.100.1.2.360157171311166640209868517473621555491/000000.dcm,calc,train,0,BENIGN
P_01629,LEFT,CC,calcification,BENIGN,Calc-Training_P_01629_LEFT_CC/1.3.6.1.4.1.9590.100.1.2.301517592512454063831447328614281449899/1.3.6.1.4.1.9590.100.1.2.223061729311084830628882971292477990234/000000.dcm,calc,train,0,BENIGN
P_01629,LEFT,MLO,calcification,BENIGN,Calc-Training_P_01629_LEFT_MLO/1.3.6.1.4.1.9590.100.1.2.207408216312300379606601220241165283514/1.3.6.1.4.1.9590.100.1.2.229795973713920147637790196494160725688/000000.dcm,calc,train,0,BENIGN
P_01639,RIGHT,CC,calcification,BENIGN,Calc-Training_P_01639_RIGHT_CC/1.3.6.1.4.1.9590.100.1.2.219040607612940340309423748112176396720/1.3.6.1.4.1.9590.100.1.2.363740416710784508728741689790122387675/000000.dcm,calc,train,0,BENIGN
P_01639,RIGHT,MLO,calcification,BENIGN,Calc-Training_P_01639_RIGHT_MLO/1.3.6.1.4.1.9590.100.1.2.207912090211728527511233599053466683106/1.3.6.1.4.1.9590.100.1.2.248115612612159135527729819242033368775/000000.dcm,calc,train,0,BENIGN
P_01647,RIGHT,CC,calcification,BENIGN,Calc-Training_P_01647_RIGHT_CC/1.3.6.1.4.1.9590.100.1.2.216346348113186939139123698332364395568/1.3.6.1.4.1.9590.100.1.2.160847063212603381424249690883118931448/000000.dcm,calc,train,0,BENIGN
P_01647,RIGHT,MLO,calcification,BENIGN,Calc-Training_P_01647_RIGHT_MLO/1.3.6.1.4.1.9590.100.1.2.64664611112949591536176823221120713739/1.3.6.1.4.1.9590.100.1.2.343423441211310843508766366022058798021/000000.dcm,calc,train,0,BENIGN
P_01655,RIGHT,CC,calcification,MALIGNANT,Calc-Training_P_01655_RIGHT_CC/1.3.6.1.4.1.9590.100.1.2.89076752410073217437515237281167455740/1.3.6.1.4.1.9590.100.1.2.70570441811682449042172581592310654000/000000.dcm,calc,train,1,MALIGNANT
P_01655,RIGHT,MLO,calcification,MALIGNANT,Calc-Training_P_01655_RIGHT_MLO/1.3.6.1.4.1.9590.100.1.2.227287709711623402325379004233909675820/1.3.6.1.4.1.9590.100.1.2.44996026512409155326977767970746477858/000000.dcm,calc,train,1,MALIGNANT
P_01659,LEFT,CC,calcification,MALIGNANT,Calc-Training_P_01659_LEFT_CC/1.3.6.1.4.1.9590.100.1.2.194000357310932556011641552774127724757/1.3.6.1.4.1.9590.100.1.2.207954733313502027206816188541537700390/000000.dcm,calc,train,1,MALIGNANT
P_01659,LEFT,MLO,calcification,MALIGNANT,Calc-Training_P_01659_LEFT_MLO/1.3.6.1.4.1.9590.100.1.2.169697280811479668921875073501571851364/1.3.6.1.4.1.9590.100.1.2.427732696412560523721343771383026458297/000000.dcm,calc,train,1,MALIGNANT
P_01660,RIGHT,CC,calcification,BENIGN,Calc-Training_P_01660_RIGHT_CC/1.3.6.1.4.1.9590.100.1.2.300057484011345193116575638132518980358/1.3.6.1.4.1.9590.100.1.2.393501755112739294836670944043000195294/000000.dcm,calc,train,0,BENIGN
P_01660,RIGHT,MLO,calcification,BENIGN,Calc-Training_P_01660_RIGHT_MLO/1.3.6.1.4.1.9590.100.1.2.370722233613337632304467209293399142907/1.3.6.1.4.1.9590.100.1.2.237664490512464836612235624102598435160/000000.dcm,calc,train,0,BENIGN
P_01664,LEFT,CC,calcification,BENIGN_WITHOUT_CALLBACK,Calc-Training_P_01664_LEFT_CC/1.3.6.1.4.1.9590.100.1.2.276103341211819593814771997760132375312/1.3.6.1.4.1.9590.100.1.2.199436887110470496332620742402439775427/000000.dcm,calc,train,0,BENIGN
P_01664,LEFT,MLO,calcification,BENIGN_WITHOUT_CALLBACK,Calc-Training_P_01664_LEFT_MLO/1.3.6.1.4.1.9590.100.1.2.163056142412113743925287630273530183533/1.3.6.1.4.1.9590.100.1.2.25512033513864185126845369792271273715/000000.dcm,calc,train,0,BENIGN
P_01664,RIGHT,CC,calcification,BENIGN_WITHOUT_CALLBACK,Calc-Training_P_01664_RIGHT_CC/1.3.6.1.4.1.9590.100.1.2.233563080512982017136201693902626713205/1.3.6.1.4.1.9590.100.1.2.207857832512548188133526329603858276112/000000.dcm,calc,train,0,BENIGN
P_01664,RIGHT,CC,calcification,BENIGN_WITHOUT_CALLBACK,Calc-Training_P_01664_RIGHT_CC/1.3.6.1.4.1.9590.100.1.2.233563080512982017136201693902626713205/1.3.6.1.4.1.9590.100.1.2.207857832512548188133526329603858276112/000000.dcm,calc,train,0,BENIGN
P_01664,RIGHT,MLO,calcification,BENIGN_WITHOUT_CALLBACK,Calc-Training_P_01664_RIGHT_MLO/1.3.6.1.4.1.9590.100.1.2.91828335013030179925491357500411842163/1.3.6.1.4.1.9590.100.1.2.158356986111413686802522108471815659841/000000.dcm,calc,train,0,BENIGN
P_01664,RIGHT,MLO,calcification,BENIGN_WITHOUT_CALLBACK,Calc-Training_P_01664_RIGHT_MLO/1.3.6.1.4.1.9590.100.1.2.91828335013030179925491357500411842163/1.3.6.1.4.1.9590.100.1.2.158356986111413686802522108471815659841/000000.dcm,calc,train,0,BENIGN
P_01676,RIGHT,MLO,calcification,BENIGN,Calc-Training_P_01676_RIGHT_MLO/1.3.6.1.4.1.9590.100.1.2.59848805411743273010908317830492566557/1.3.6.1.4.1.9590.100.1.2.56067980811863532506231003440864275282/000000.dcm,calc,train,0,BENIGN
P_01678,RIGHT,CC,calcification,BENIGN,Calc-Training_P_01678_RIGHT_CC/1.3.6.1.4.1.9590.100.1.2.7272932613975054924340719753887363063/1.3.6.1.4.1.9590.100.1.2.162271456613633430607761553112281439590/000000.dcm,calc,train,0,BENIGN
P_01678,RIGHT,MLO,calcification,BENIGN,Calc-Training_P_01678_RIGHT_MLO/1.3.6.1.4.1.9590.100.1.2.103905512782410715762543382503333342/1.3.6.1.4.1.9590.100.1.2.289012473812755201830778774320385059283/000000.dcm,calc,train,0,BENIGN
P_01679,RIGHT,CC,calcification,MALIGNANT,Calc-Training_P_01679_RIGHT_CC/1.3.6.1.4.1.9590.100.1.2.57757395610428498906150908192925038169/1.3.6.1.4.1.9590.100.1.2.314256242113634884015087302593811174323/000000.dcm,calc,train,1,MALIGNANT
P_01679,RIGHT,MLO,calcification,MALIGNANT,Calc-Training_P_01679_RIGHT_MLO/1.3.6.1.4.1.9590.100.1.2.44247177711377678529977276401611021719/1.3.6.1.4.1.9590.100.1.2.261505311711638948438811457693572434545/000000.dcm,calc,train,1,MALIGNANT
P_01683,LEFT,CC,calcification,MALIGNANT,Calc-Training_P_01683_LEFT_CC/1.3.6.1.4.1.9590.100.1.2.92544134712153740438110842130479053512/1.3.6.1.4.1.9590.100.1.2.74472485413990699536890234213776890190/000000.dcm,calc,train,1,MALIGNANT
P_01688,RIGHT,MLO,calcification,BENIGN,Calc-Training_P_01688_RIGHT_MLO/1.3.6.1.4.1.9590.100.1.2.181888745511891389216519272191485610565/1.3.6.1.4.1.9590.100.1.2.43213561111508460614912183400192779744/000000.dcm,calc,train,0,BENIGN
P_01691,RIGHT,CC,calcification,BENIGN_WITHOUT_CALLBACK,Calc-Training_P_01691_RIGHT_CC/1.3.6.1.4.1.9590.100.1.2.143918095412123323838996448520263940601/1.3.6.1.4.1.9590.100.1.2.335765285611176672335226577031266051877/000000.dcm,calc,train,0,BENIGN
P_01691,RIGHT,CC,calcification,BENIGN_WITHOUT_CALLBACK,Calc-Training_P_01691_RIGHT_CC/1.3.6.1.4.1.9590.100.1.2.143918095412123323838996448520263940601/1.3.6.1.4.1.9590.100.1.2.335765285611176672335226577031266051877/000000.dcm,calc,train,0,BENIGN
P_01691,RIGHT,CC,calcification,BENIGN_WITHOUT_CALLBACK,Calc-Training_P_01691_RIGHT_CC/1.3.6.1.4.1.9590.100.1.2.143918095412123323838996448520263940601/1.3.6.1.4.1.9590.100.1.2.335765285611176672335226577031266051877/000000.dcm,calc,train,0,BENIGN
P_01691,RIGHT,MLO,calcification,BENIGN_WITHOUT_CALLBACK,Calc-Training_P_01691_RIGHT_MLO/1.3.6.1.4.1.9590.100.1.2.105522316710540820211036210164026746175/1.3.6.1.4.1.9590.100.1.2.339103214011000787523489601691987664576/000000.dcm,calc,train,0,BENIGN
P_01691,RIGHT,MLO,calcification,BENIGN_WITHOUT_CALLBACK,Calc-Training_P_01691_RIGHT_MLO/1.3.6.1.4.1.9590.100.1.2.105522316710540820211036210164026746175/1.3.6.1.4.1.9590.100.1.2.339103214011000787523489601691987664576/000000.dcm,calc,train,0,BENIGN
P_01691,RIGHT,MLO,calcification,BENIGN_WITHOUT_CALLBACK,Calc-Training_P_01691_RIGHT_MLO/1.3.6.1.4.1.9590.100.1.2.105522316710540820211036210164026746175/1.3.6.1.4.1.9590.100.1.2.339103214011000787523489601691987664576/000000.dcm,calc,train,0,BENIGN
P_01700,LEFT,CC,calcification,BENIGN_WITHOUT_CALLBACK,Calc-Training_P_01700_LEFT_CC/1.3.6.1.4.1.9590.100.1.2.184807852012370057732334816341010461046/1.3.6.1.4.1.9590.100.1.2.426013102412536473840491086280519425818/000000.dcm,calc,train,0,BENIGN
P_01700,LEFT,MLO,calcification,BENIGN_WITHOUT_CALLBACK,Calc-Training_P_01700_LEFT_MLO/1.3.6.1.4.1.9590.100.1.2.384580920412039289037526813743344514185/1.3.6.1.4.1.9590.100.1.2.274036148012404966036935151961518989858/000000.dcm,calc,train,0,BENIGN
P_01700,RIGHT,CC,calcification,BENIGN_WITHOUT_CALLBACK,Calc-Training_P_01700_RIGHT_CC/1.3.6.1.4.1.9590.100.1.2.380448007211156517442025929061348332417/1.3.6.1.4.1.9590.100.1.2.123693931011970170622114438543630155979/000000.dcm,calc,train,0,BENIGN
P_01700,RIGHT,MLO,calcification,BENIGN_WITHOUT_CALLBACK,Calc-Training_P_01700_RIGHT_MLO/1.3.6.1.4.1.9590.100.1.2.190545177712168646104744050023042690630/1.3.6.1.4.1.9590.100.1.2.369572016410912989215081627473780766473/000000.dcm,calc,train,0,BENIGN
P_01703,RIGHT,MLO,calcification,BENIGN,Calc-Training_P_01703_RIGHT_MLO/1.3.6.1.4.1.9590.100.1.2.321420793112908927712066308232465024144/1.3.6.1.4.1.9590.100.1.2.392784450910284242421746886742029598976/000000.dcm,calc,train,0,BENIGN
P_01705,LEFT,CC,calcification,BENIGN,Calc-Training_P_01705_LEFT_CC/1.3.6.1.4.1.9590.100.1.2.138885847212766405605029044750173160423/1.3.6.1.4.1.9590.100.1.2.393598544512008137002162244352047801403/000000.dcm,calc,train,0,BENIGN
P_01705,LEFT,MLO,calcification,BENIGN,Calc-Training_P_01705_LEFT_MLO/1.3.6.1.4.1.9590.100.1.2.165576574712652453400490738062821037307/1.3.6.1.4.1.9590.100.1.2.400319440411675436926915214623466391638/000000.dcm,calc,train,0,BENIGN
P_01709,RIGHT,CC,calcification,MALIGNANT,Calc-Training_P_01709_RIGHT_CC/1.3.6.1.4.1.9590.100.1.2.295207034211497003413957311143324791362/1.3.6.1.4.1.9590.100.1.2.221145074812198518431605339134045434404/000000.dcm,calc,train,1,MALIGNANT
P_01709,RIGHT,MLO,calcification,MALIGNANT,Calc-Training_P_01709_RIGHT_MLO/1.3.6.1.4.1.9590.100.1.2.246344962811936527136049524891301693012/1.3.6.1.4.1.9590.100.1.2.192217902012042004412704349533484890888/000000.dcm,calc,train,1,MALIGNANT
P_01718,RIGHT,MLO,calcification,MALIGNANT,Calc-Training_P_01718_RIGHT_MLO/1.3.6.1.4.1.9590.100.1.2.9386429811193101537462365714029564276/1.3.6.1.4.1.9590.100.1.2.17709582211122549139346856311949742743/000000.dcm,calc,train,1,MALIGNANT
P_01721,RIGHT,CC,calcification,BENIGN,Calc-Training_P_01721_RIGHT_CC/1.3.6.1.4.1.9590.100.1.2.19580582311526465917333357282434052752/1.3.6.1.4.1.9590.100.1.2.196181963711124791200477310830282935818/000000.dcm,calc,train,0,BENIGN
P_01723,RIGHT,CC,calcification,MALIGNANT,Calc-Training_P_01723_RIGHT_CC/1.3.6.1.4.1.9590.100.1.2.204252315111309365019120823394204763016/1.3.6.1.4.1.9590.100.1.2.83484406312435716425859841391224840751/000000.dcm,calc,train,1,MALIGNANT
P_01723,RIGHT,MLO,calcification,MALIGNANT,Calc-Training_P_01723_RIGHT_MLO/1.3.6.1.4.1.9590.100.1.2.327904121212317276700009358333761994361/1.3.6.1.4.1.9590.100.1.2.393070571512162219603398276403679594898/000000.dcm,calc,train,1,MALIGNANT
P_01724,LEFT,CC,calcification,BENIGN,Calc-Training_P_01724_LEFT_CC/1.3.6.1.4.1.9590.100.1.2.222393485112189188038421569281415569120/1.3.6.1.4.1.9590.100.1.2.101582563912460219320333313634174105835/000000.dcm,calc,train,0,BENIGN
P_01724,LEFT,MLO,calcification,BENIGN,Calc-Training_P_01724_LEFT_MLO/1.3.6.1.4.1.9590.100.1.2.94597550411399945426453802381954502887/1.3.6.1.4.1.9590.100.1.2.365067039812921998430858029261339567456/000000.dcm,calc,train,0,BENIGN
P_01725,RIGHT,CC,calcification,BENIGN,Calc-Training_P_01725_RIGHT_CC/1.3.6.1.4.1.9590.100.1.2.343711291612633971532683299070076261689/1.3.6.1.4.1.9590.100.1.2.272299969410564668137904344722474617169/000000.dcm,calc,train,0,BENIGN
P_01725,RIGHT,MLO,calcification,BENIGN,Calc-Training_P_01725_RIGHT_MLO/1.3.6.1.4.1.9590.100.1.2.36303210611321425234329901032887993047/1.3.6.1.4.1.9590.100.1.2.88396066312165743810058863401581131781/000000.dcm,calc,train,0,BENIGN
P_01729,LEFT,CC,calcification,MALIGNANT,Calc-Training_P_01729_LEFT_CC/1.3.6.1.4.1.9590.100.1.2.395264921511713699708732005522800878320/1.3.6.1.4.1.9590.100.1.2.374625209813272769612056078223832151692/000000.dcm,calc,train,1,MALIGNANT
P_01729,LEFT,MLO,calcification,MALIGNANT,Calc-Training_P_01729_LEFT_MLO/1.3.6.1.4.1.9590.100.1.2.55944100412289190219054081313742799427/1.3.6.1.4.1.9590.100.1.2.126758842011206485102510447404171874057/000000.dcm,calc,train,1,MALIGNANT
P_01730,LEFT,CC,calcification,MALIGNANT,Calc-Training_P_01730_LEFT_CC/1.3.6.1.4.1.9590.100.1.2.402704599913203937135078145611036219494/1.3.6.1.4.1.9590.100.1.2.372479458111816885405073924210393997124/000000.dcm,calc,train,1,MALIGNANT
P_01730,LEFT,MLO,calcification,MALIGNANT,Calc-Training_P_01730_LEFT_MLO/1.3.6.1.4.1.9590.100.1.2.3102513911333821022891007252706813358/1.3.6.1.4.1.9590.100.1.2.307763312612040269423909173033175397365/000000.dcm,calc,train,1,MALIGNANT
P_01732,LEFT,CC,calcification,BENIGN,Calc-Training_P_01732_LEFT_CC/1.3.6.1.4.1.9590.100.1.2.77253595711369243706765078120655517900/1.3.6.1.4.1.9590.100.1.2.86366819112528918629561251121691651027/000000.dcm,calc,train,0,BENIGN
P_01732,LEFT,MLO,calcification,BENIGN,Calc-Training_P_01732_LEFT_MLO/1.3.6.1.4.1.9590.100.1.2.216326732811559287900506899721367985030/1.3.6.1.4.1.9590.100.1.2.266501947612548791701264974453317287595/000000.dcm,calc,train,0,BENIGN
P_01736,LEFT,CC,calcification,BENIGN,Calc-Training_P_01736_LEFT_CC/1.3.6.1.4.1.9590.100.1.2.157096196812058736630099572733295551026/1.3.6.1.4.1.9590.100.1.2.239038265311030539916378996604121155227/000000.dcm,calc,train,0,BENIGN
P_01736,LEFT,MLO,calcification,BENIGN,Calc-Training_P_01736_LEFT_MLO/1.3.6.1.4.1.9590.100.1.2.272178703913839262515677121781645114094/1.3.6.1.4.1.9590.100.1.2.382164509911341715227028924200976253236/000000.dcm,calc,train,0,BENIGN
P_01736,RIGHT,CC,calcification,BENIGN,Calc-Training_P_01736_RIGHT_CC/1.3.6.1.4.1.9590.100.1.2.425195622312333550741096485461878174674/1.3.6.1.4.1.9590.100.1.2.341891657812954706009694242871356131948/000000.dcm,calc,train,0,BENIGN
P_01736,RIGHT,MLO,calcification,BENIGN,Calc-Training_P_01736_RIGHT_MLO/1.3.6.1.4.1.9590.100.1.2.296884885612210012124646391213039119693/1.3.6.1.4.1.9590.100.1.2.54724568313329249007150821592383038132/000000.dcm,calc,train,0,BENIGN
P_01740,LEFT,CC,calcification,BENIGN_WITHOUT_CALLBACK,Calc-Training_P_01740_LEFT_CC/1.3.6.1.4.1.9590.100.1.2.242214869511793817517543254021019347024/1.3.6.1.4.1.9590.100.1.2.36686540512594029331297737532659590420/000000.dcm,calc,train,0,BENIGN
P_01740,LEFT,MLO,calcification,BENIGN_WITHOUT_CALLBACK,Calc-Training_P_01740_LEFT_MLO/1.3.6.1.4.1.9590.100.1.2.93444414113274506308697601310888007341/1.3.6.1.4.1.9590.100.1.2.417708848712227437940951574051298796817/000000.dcm,calc,train,0,BENIGN
P_01740,RIGHT,CC,calcification,BENIGN_WITHOUT_CALLBACK,Calc-Training_P_01740_RIGHT_CC/1.3.6.1.4.1.9590.100.1.2.271503225413812867817490059691769295134/1.3.6.1.4.1.9590.100.1.2.228757952612837468335714490132465370462/000000.dcm,calc,train,0,BENIGN
P_01740,RIGHT,CC,calcification,BENIGN_WITHOUT_CALLBACK,Calc-Training_P_01740_RIGHT_CC/1.3.6.1.4.1.9590.100.1.2.271503225413812867817490059691769295134/1.3.6.1.4.1.9590.100.1.2.228757952612837468335714490132465370462/000000.dcm,calc,train,0,BENIGN
P_01740,RIGHT,MLO,calcification,BENIGN_WITHOUT_CALLBACK,Calc-Training_P_01740_RIGHT_MLO/1.3.6.1.4.1.9590.100.1.2.3368320611498811738418193002907860639/1.3.6.1.4.1.9590.100.1.2.413602028113120193338228195140084272353/000000.dcm,calc,train,0,BENIGN
P_01740,RIGHT,MLO,calcification,BENIGN_WITHOUT_CALLBACK,Calc-Training_P_01740_RIGHT_MLO/1.3.6.1.4.1.9590.100.1.2.3368320611498811738418193002907860639/1.3.6.1.4.1.9590.100.1.2.413602028113120193338228195140084272353/000000.dcm,calc,train,0,BENIGN
P_01741,RIGHT,CC,calcification,BENIGN,Calc-Training_P_01741_RIGHT_CC/1.3.6.1.4.1.9590.100.1.2.12687734912395262203249156432907662797/1.3.6.1.4.1.9590.100.1.2.148865302612041838439623934924266740496/000000.dcm,calc,train,0,BENIGN
P_01741,RIGHT,MLO,calcification,BENIGN,Calc-Training_P_01741_RIGHT_MLO/1.3.6.1.4.1.9590.100.1.2.239935549411847673305910476143566228930/1.3.6.1.4.1.9590.100.1.2.139947696511163671102138561880159238288/000000.dcm,calc,train,0,BENIGN
P_01748,RIGHT,CC,calcification,BENIGN,Calc-Training_P_01748_RIGHT_CC/1.3.6.1.4.1.9590.100.1.2.315472531212151337302123406270718139032/1.3.6.1.4.1.9590.100.1.2.212425941512870558719149152530869893055/000000.dcm,calc,train,0,BENIGN
P_01748,RIGHT,MLO,calcification,BENIGN,Calc-Training_P_01748_RIGHT_MLO/1.3.6.1.4.1.9590.100.1.2.387677407311419346816958795983026025064/1.3.6.1.4.1.9590.100.1.2.339745344212025184242719239031668459005/000000.dcm,calc,train,0,BENIGN
P_01750,LEFT,CC,calcification,MALIGNANT,Calc-Training_P_01750_LEFT_CC/1.3.6.1.4.1.9590.100.1.2.195573302910189992834761616830718604176/1.3.6.1.4.1.9590.100.1.2.320804262613185661903034489902983101730/000000.dcm,calc,train,1,MALIGNANT
P_01750,LEFT,MLO,calcification,MALIGNANT,Calc-Training_P_01750_LEFT_MLO/1.3.6.1.4.1.9590.100.1.2.76492719611977079804639850692409398796/1.3.6.1.4.1.9590.100.1.2.80924197111890944022045879071454363046/000000.dcm,calc,train,1,MALIGNANT
P_01756,LEFT,CC,calcification,MALIGNANT,Calc-Training_P_01756_LEFT_CC/1.3.6.1.4.1.9590.100.1.2.59662500013993930316427040114130550612/1.3.6.1.4.1.9590.100.1.2.46787213813776042820460758302407385413/000000.dcm,calc,train,1,MALIGNANT
P_01756,LEFT,MLO,calcification,MALIGNANT,Calc-Training_P_01756_LEFT_MLO/1.3.6.1.4.1.9590.100.1.2.74915218811052993312734201630061999562/1.3.6.1.4.1.9590.100.1.2.271266685111767066738634617863565992336/000000.dcm,calc,train,1,MALIGNANT
P_01759,RIGHT,CC,calcification,BENIGN,Calc-Training_P_01759_RIGHT_CC/1.3.6.1.4.1.9590.100.1.2.121291023812586506731521719151372806648/1.3.6.1.4.1.9590.100.1.2.149187457012030195617948688951657804508/000000.dcm,calc,train,0,BENIGN
P_01759,RIGHT,MLO,calcification,BENIGN,Calc-Training_P_01759_RIGHT_MLO/1.3.6.1.4.1.9590.100.1.2.42585742312982037720621313484216114720/1.3.6.1.4.1.9590.100.1.2.252104622510687819113401696174031933587/000000.dcm,calc,train,0,BENIGN
P_01760,RIGHT,CC,calcification,BENIGN_WITHOUT_CALLBACK,Calc-Training_P_01760_RIGHT_CC/1.3.6.1.4.1.9590.100.1.2.306336853912649477418048672520983260578/1.3.6.1.4.1.9590.100.1.2.47757750313501295532816270503356033957/000000.dcm,calc,train,0,BENIGN
P_01760,RIGHT,MLO,calcification,BENIGN_WITHOUT_CALLBACK,Calc-Training_P_01760_RIGHT_MLO/1.3.6.1.4.1.9590.100.1.2.279540497012085019131571729143516558113/1.3.6.1.4.1.9590.100.1.2.269692124412700738434017970100402135486/000000.dcm,calc,train,0,BENIGN
P_01766,LEFT,CC,calcification,BENIGN,Calc-Training_P_01766_LEFT_CC/1.3.6.1.4.1.9590.100.1.2.206983569912869640831472703050704402676/1.3.6.1.4.1.9590.100.1.2.229391562712880312830000357553093840061/000000.dcm,calc,train,0,BENIGN
P_01766,LEFT,MLO,calcification,BENIGN,Calc-Training_P_01766_LEFT_MLO/1.3.6.1.4.1.9590.100.1.2.234051377612793342701771792960284964012/1.3.6.1.4.1.9590.100.1.2.281276517812012770524093858962951173112/000000.dcm,calc,train,0,BENIGN
P_01767,LEFT,CC,calcification,BENIGN,Calc-Training_P_01767_LEFT_CC/1.3.6.1.4.1.9590.100.1.2.220223451011986368718881872862556010718/1.3.6.1.4.1.9590.100.1.2.121468985112670280516325789551063907143/000000.dcm,calc,train,0,BENIGN
P_01767,LEFT,MLO,calcification,BENIGN,Calc-Training_P_01767_LEFT_MLO/1.3.6.1.4.1.9590.100.1.2.293726440811470296521241143170685338850/1.3.6.1.4.1.9590.100.1.2.170936517513341487917837280381874608905/000000.dcm,calc,train,0,BENIGN
P_01769,LEFT,CC,calcification,BENIGN_WITHOUT_CALLBACK,Calc-Training_P_01769_LEFT_CC/1.3.6.1.4.1.9590.100.1.2.248120888911630232317375535893500516470/1.3.6.1.4.1.9590.100.1.2.70841601913432018412019659701231057446/000000.dcm,calc,train,0,BENIGN
P_01769,LEFT,MLO,calcification,BENIGN_WITHOUT_CALLBACK,Calc-Training_P_01769_LEFT_MLO/1.3.6.1.4.1.9590.100.1.2.14824668411730139241353499250616905818/1.3.6.1.4.1.9590.100.1.2.111489529912243609739486066161212941444/000000.dcm,calc,train,0,BENIGN
P_01769,RIGHT,CC,calcification,BENIGN_WITHOUT_CALLBACK,Calc-Training_P_01769_RIGHT_CC/1.3.6.1.4.1.9590.100.1.2.34083542910749231839687274371924756204/1.3.6.1.4.1.9590.100.1.2.97030300912155737540434925043894681312/000000.dcm,calc,train,0,BENIGN
P_01769,RIGHT,CC,calcification,BENIGN_WITHOUT_CALLBACK,Calc-Training_P_01769_RIGHT_CC/1.3.6.1.4.1.9590.100.1.2.34083542910749231839687274371924756204/1.3.6.1.4.1.9590.100.1.2.97030300912155737540434925043894681312/000000.dcm,calc,train,0,BENIGN
P_01769,RIGHT,CC,calcification,BENIGN_WITHOUT_CALLBACK,Calc-Training_P_01769_RIGHT_CC/1.3.6.1.4.1.9590.100.1.2.34083542910749231839687274371924756204/1.3.6.1.4.1.9590.100.1.2.97030300912155737540434925043894681312/000000.dcm,calc,train,0,BENIGN
P_01769,RIGHT,CC,calcification,BENIGN_WITHOUT_CALLBACK,Calc-Training_P_01769_RIGHT_CC/1.3.6.1.4.1.9590.100.1.2.34083542910749231839687274371924756204/1.3.6.1.4.1.9590.100.1.2.97030300912155737540434925043894681312/000000.dcm,calc,train,0,BENIGN
P_01769,RIGHT,CC,calcification,BENIGN_WITHOUT_CALLBACK,Calc-Training_P_01769_RIGHT_CC/1.3.6.1.4.1.9590.100.1.2.34083542910749231839687274371924756204/1.3.6.1.4.1.9590.100.1.2.97030300912155737540434925043894681312/000000.dcm,calc,train,0,BENIGN
P_01769,RIGHT,MLO,calcification,BENIGN_WITHOUT_CALLBACK,Calc-Training_P_01769_RIGHT_MLO/1.3.6.1.4.1.9590.100.1.2.368073836012420140018361629981839414705/1.3.6.1.4.1.9590.100.1.2.35590721312086506938649140930073426690/000000.dcm,calc,train,0,BENIGN
P_01769,RIGHT,MLO,calcification,BENIGN_WITHOUT_CALLBACK,Calc-Training_P_01769_RIGHT_MLO/1.3.6.1.4.1.9590.100.1.2.368073836012420140018361629981839414705/1.3.6.1.4.1.9590.100.1.2.35590721312086506938649140930073426690/000000.dcm,calc,train,0,BENIGN
P_01769,RIGHT,MLO,calcification,BENIGN_WITHOUT_CALLBACK,Calc-Training_P_01769_RIGHT_MLO/1.3.6.1.4.1.9590.100.1.2.368073836012420140018361629981839414705/1.3.6.1.4.1.9590.100.1.2.35590721312086506938649140930073426690/000000.dcm,calc,train,0,BENIGN
P_01769,RIGHT,MLO,calcification,BENIGN_WITHOUT_CALLBACK,Calc-Training_P_01769_RIGHT_MLO/1.3.6.1.4.1.9590.100.1.2.368073836012420140018361629981839414705/1.3.6.1.4.1.9590.100.1.2.35590721312086506938649140930073426690/000000.dcm,calc,train,0,BENIGN
P_01770,LEFT,MLO,calcification,MALIGNANT,Calc-Training_P_01770_LEFT_MLO/1.3.6.1.4.1.9590.100.1.2.414580533913140639828372717374254083176/1.3.6.1.4.1.9590.100.1.2.5830485311515805726769947451754643110/000000.dcm,calc,train,1,MALIGNANT
P_01777,LEFT,CC,calcification,BENIGN,Calc-Training_P_01777_LEFT_CC/1.3.6.1.4.1.9590.100.1.2.302544391311889380000366788431253236233/1.3.6.1.4.1.9590.100.1.2.357733109511142052942667895401202931898/000000.dcm,calc,train,0,BENIGN
P_01777,LEFT,CC,calcification,BENIGN,Calc-Training_P_01777_LEFT_CC/1.3.6.1.4.1.9590.100.1.2.302544391311889380000366788431253236233/1.3.6.1.4.1.9590.100.1.2.357733109511142052942667895401202931898/000000.dcm,calc,train,0,BENIGN
P_01777,LEFT,MLO,calcification,BENIGN,Calc-Training_P_01777_LEFT_MLO/1.3.6.1.4.1.9590.100.1.2.325654441412830900432609806680903200452/1.3.6.1.4.1.9590.100.1.2.396981393612748326718029170322079530285/000000.dcm,calc,train,0,BENIGN
P_01777,LEFT,MLO,calcification,BENIGN,Calc-Training_P_01777_LEFT_MLO/1.3.6.1.4.1.9590.100.1.2.325654441412830900432609806680903200452/1.3.6.1.4.1.9590.100.1.2.396981393612748326718029170322079530285/000000.dcm,calc,train,0,BENIGN
P_01783,LEFT,MLO,calcification,BENIGN,Calc-Training_P_01783_LEFT_MLO/1.3.6.1.4.1.9590.100.1.2.297390779812692178128734291502360084117/1.3.6.1.4.1.9590.100.1.2.418965232211787813307678613832764619666/000000.dcm,calc,train,0,BENIGN
P_01784,LEFT,CC,calcification,BENIGN_WITHOUT_CALLBACK,Calc-Training_P_01784_LEFT_CC/1.3.6.1.4.1.9590.100.1.2.125534303313288383934541902541873460540/1.3.6.1.4.1.9590.100.1.2.296530987512562029033237262153945976397/000000.dcm,calc,train,0,BENIGN
P_01784,LEFT,MLO,calcification,BENIGN_WITHOUT_CALLBACK,Calc-Training_P_01784_LEFT_MLO/1.3.6.1.4.1.9590.100.1.2.67083911111848826639194635721664885187/1.3.6.1.4.1.9590.100.1.2.25368708111640677204918598970338780862/000000.dcm,calc,train,0,BENIGN
P_01786,RIGHT,CC,calcification,MALIGNANT,Calc-Training_P_01786_RIGHT_CC/1.3.6.1.4.1.9590.100.1.2.282612986110287123010201443063740491542/1.3.6.1.4.1.9590.100.1.2.141282124512448273431685966131579841994/000000.dcm,calc,train,1,MALIGNANT
P_01786,RIGHT,MLO,calcification,MALIGNANT,Calc-Training_P_01786_RIGHT_MLO/1.3.6.1.4.1.9590.100.1.2.421257362311875793132498840690016916471/1.3.6.1.4.1.9590.100.1.2.258039186811156936230112165371916245334/000000.dcm,calc,train,1,MALIGNANT
P_01791,LEFT,CC,calcification,BENIGN,Calc-Training_P_01791_LEFT_CC/1.3.6.1.4.1.9590.100.1.2.29089489011245473608355326751797845770/1.3.6.1.4.1.9590.100.1.2.397624265813216243837043856760806437311/000000.dcm,calc,train,0,BENIGN
P_01791,LEFT,MLO,calcification,BENIGN,Calc-Training_P_01791_LEFT_MLO/1.3.6.1.4.1.9590.100.1.2.283564033613114230529065432441010046907/1.3.6.1.4.1.9590.100.1.2.330525723112194362532987562570034100062/000000.dcm,calc,train,0,BENIGN
P_01792,RIGHT,CC,calcification,MALIGNANT,Calc-Training_P_01792_RIGHT_CC/1.3.6.1.4.1.9590.100.1.2.184127854711267685340544413631988512816/1.3.6.1.4.1.9590.100.1.2.259960278813904296434159034054044643483/000000.dcm,calc,train,1,MALIGNANT
P_01792,RIGHT,MLO,calcification,MALIGNANT,Calc-Training_P_01792_RIGHT_MLO/1.3.6.1.4.1.9590.100.1.2.32882476810560553526925313302668268312/1.3.6.1.4.1.9590.100.1.2.259450754611703178211004348471259575774/000000.dcm,calc,train,1,MALIGNANT
P_01793,LEFT,CC,calcification,MALIGNANT,Calc-Training_P_01793_LEFT_CC/1.3.6.1.4.1.9590.100.1.2.316301464311319121217927615262451371464/1.3.6.1.4.1.9590.100.1.2.193074649312543779306115186273408108601/000000.dcm,calc,train,1,MALIGNANT
P_01793,LEFT,MLO,calcification,MALIGNANT,Calc-Training_P_01793_LEFT_MLO/1.3.6.1.4.1.9590.100.1.2.84912662211412993512909162410286500840/1.3.6.1.4.1.9590.100.1.2.417705250012655144510874062331007689498/000000.dcm,calc,train,1,MALIGNANT
P_01809,LEFT,MLO,calcification,MALIGNANT,Calc-Training_P_01809_LEFT_MLO/1.3.6.1.4.1.9590.100.1.2.173865507713061388725325293343443369781/1.3.6.1.4.1.9590.100.1.2.390096262112032525610042111081225762879/000000.dcm,calc,train,1,MALIGNANT
P_01810,LEFT,CC,calcification,BENIGN,Calc-Training_P_01810_LEFT_CC/1.3.6.1.4.1.9590.100.1.2.107965351711427189541299946682141106475/1.3.6.1.4.1.9590.100.1.2.161434678811562986614308530031410398772/000000.dcm,calc,train,0,BENIGN
P_01810,LEFT,MLO,calcification,BENIGN,Calc-Training_P_01810_LEFT_MLO/1.3.6.1.4.1.9590.100.1.2.259029253212381634513344290763929425649/1.3.6.1.4.1.9590.100.1.2.17603159212817451019882159694000253586/000000.dcm,calc,train,0,BENIGN
P_01818,LEFT,CC,calcification,MALIGNANT,Calc-Training_P_01818_LEFT_CC/1.3.6.1.4.1.9590.100.1.2.260124602911303061827451524142129712736/1.3.6.1.4.1.9590.100.1.2.201021359511440835138666553952334228513/000000.dcm,calc,train,1,MALIGNANT
P_01818,LEFT,MLO,calcification,MALIGNANT,Calc-Training_P_01818_LEFT_MLO/1.3.6.1.4.1.9590.100.1.2.184972397810492722931937504070971176066/1.3.6.1.4.1.9590.100.1.2.36834361612646691828634804762655304765/000000.dcm,calc,train,1,MALIGNANT
P_01819,LEFT,CC,calcification,MALIGNANT,Calc-Training_P_01819_LEFT_CC/1.3.6.1.4.1.9590.100.1.2.152350282512574672705571342502777781266/1.3.6.1.4.1.9590.100.1.2.9496373211857212225150798083319004190/000000.dcm,calc,train,1,MALIGNANT
P_01819,LEFT,CC,calcification,BENIGN_WITHOUT_CALLBACK,Calc-Training_P_01819_LEFT_CC/1.3.6.1.4.1.9590.100.1.2.152350282512574672705571342502777781266/1.3.6.1.4.1.9590.100.1.2.9496373211857212225150798083319004190/000000.dcm,calc,train,0,BENIGN
P_01819,LEFT,MLO,calcification,MALIGNANT,Calc-Training_P_01819_LEFT_MLO/1.3.6.1.4.1.9590.100.1.2.210783619612818131905457169233902888425/1.3.6.1.4.1.9590.100.1.2.143500997712528197512801215000123914392/000000.dcm,calc,train,1,MALIGNANT
P_01819,LEFT,MLO,calcification,BENIGN_WITHOUT_CALLBACK,Calc-Training_P_01819_LEFT_MLO/1.3.6.1.4.1.9590.100.1.2.210783619612818131905457169233902888425/1.3.6.1.4.1.9590.100.1.2.143500997712528197512801215000123914392/000000.dcm,calc,train,0,BENIGN
P_01823,LEFT,CC,calcification,BENIGN_WITHOUT_CALLBACK,Calc-Training_P_01823_LEFT_CC/1.3.6.1.4.1.9590.100.1.2.416551991411941917527161509511471577776/1.3.6.1.4.1.9590.100.1.2.6976996512932984931911919992508457388/000000.dcm,calc,train,0,BENIGN
P_01823,LEFT,CC,calcification,BENIGN_WITHOUT_CALLBACK,Calc-Training_P_01823_LEFT_CC/1.3.6.1.4.1.9590.100.1.2.416551991411941917527161509511471577776/1.3.6.1.4.1.9590.100.1.2.6976996512932984931911919992508457388/000000.dcm,calc,train,0,BENIGN
P_01823,LEFT,MLO,calcification,BENIGN_WITHOUT_CALLBACK,Calc-Training_P_01823_LEFT_MLO/1.3.6.1.4.1.9590.100.1.2.423193765313623581900988870970867399626/1.3.6.1.4.1.9590.100.1.2.34635781410374019620693403342113381312/000000.dcm,calc,train,0,BENIGN
P_01823,LEFT,MLO,calcification,BENIGN_WITHOUT_CALLBACK,Calc-Training_P_01823_LEFT_MLO/1.3.6.1.4.1.9590.100.1.2.423193765313623581900988870970867399626/1.3.6.1.4.1.9590.100.1.2.34635781410374019620693403342113381312/000000.dcm,calc,train,0,BENIGN
P_01823,RIGHT,CC,calcification,BENIGN_WITHOUT_CALLBACK,Calc-Training_P_01823_RIGHT_CC/1.3.6.1.4.1.9590.100.1.2.240827364811492781021164100041265238830/1.3.6.1.4.1.9590.100.1.2.98765885412946410823689524902893984551/000000.dcm,calc,train,0,BENIGN
P_01823,RIGHT,CC,calcification,BENIGN_WITHOUT_CALLBACK,Calc-Training_P_01823_RIGHT_CC/1.3.6.1.4.1.9590.100.1.2.240827364811492781021164100041265238830/1.3.6.1.4.1.9590.100.1.2.98765885412946410823689524902893984551/000000.dcm,calc,train,0,BENIGN
P_01823,RIGHT,MLO,calcification,BENIGN_WITHOUT_CALLBACK,Calc-Training_P_01823_RIGHT_MLO/1.3.6.1.4.1.9590.100.1.2.216398279013209349234378958261036209543/1.3.6.1.4.1.9590.100.1.2.6180919612900839906134017803266829086/000000.dcm,calc,train,0,BENIGN
P_01823,RIGHT,MLO,calcification,BENIGN_WITHOUT_CALLBACK,Calc-Training_P_01823_RIGHT_MLO/1.3.6.1.4.1.9590.100.1.2.216398279013209349234378958261036209543/1.3.6.1.4.1.9590.100.1.2.6180919612900839906134017803266829086/000000.dcm,calc,train,0,BENIGN
P_01830,LEFT,CC,calcification,BENIGN_WITHOUT_CALLBACK,Calc-Training_P_01830_LEFT_CC/1.3.6.1.4.1.9590.100.1.2.131092330513717236612750191843839877494/1.3.6.1.4.1.9590.100.1.2.86021499212984209513577632382823931146/000000.dcm,calc,train,0,BENIGN
P_01830,LEFT,CC,calcification,BENIGN_WITHOUT_CALLBACK,Calc-Training_P_01830_LEFT_CC/1.3.6.1.4.1.9590.100.1.2.131092330513717236612750191843839877494/1.3.6.1.4.1.9590.100.1.2.86021499212984209513577632382823931146/000000.dcm,calc,train,0,BENIGN
P_01830,LEFT,MLO,calcification,BENIGN_WITHOUT_CALLBACK,Calc-Training_P_01830_LEFT_MLO/1.3.6.1.4.1.9590.100.1.2.339666617313878181033219332174236146061/1.3.6.1.4.1.9590.100.1.2.389995599911683784537426904791813610322/000000.dcm,calc,train,0,BENIGN
P_01830,LEFT,MLO,calcification,BENIGN_WITHOUT_CALLBACK,Calc-Training_P_01830_LEFT_MLO/1.3.6.1.4.1.9590.100.1.2.339666617313878181033219332174236146061/1.3.6.1.4.1.9590.100.1.2.389995599911683784537426904791813610322/000000.dcm,calc,train,0,BENIGN
P_01830,RIGHT,CC,calcification,BENIGN_WITHOUT_CALLBACK,Calc-Training_P_01830_RIGHT_CC/1.3.6.1.4.1.9590.100.1.2.326536925810859259311053820641961532959/1.3.6.1.4.1.9590.100.1.2.287069556610382435527052296961865849933/000000.dcm,calc,train,0,BENIGN
P_01830,RIGHT,MLO,calcification,BENIGN_WITHOUT_CALLBACK,Calc-Training_P_01830_RIGHT_MLO/1.3.6.1.4.1.9590.100.1.2.378987421913197660336747053290448610221/1.3.6.1.4.1.9590.100.1.2.250138961212678299528032805292661999197/000000.dcm,calc,train,0,BENIGN
P_01830,RIGHT,MLO,calcification,BENIGN_WITHOUT_CALLBACK,Calc-Training_P_01830_RIGHT_MLO/1.3.6.1.4.1.9590.100.1.2.378987421913197660336747053290448610221/1.3.6.1.4.1.9590.100.1.2.250138961212678299528032805292661999197/000000.dcm,calc,train,0,BENIGN
P_01830,RIGHT,MLO,calcification,BENIGN_WITHOUT_CALLBACK,Calc-Training_P_01830_RIGHT_MLO/1.3.6.1.4.1.9590.100.1.2.378987421913197660336747053290448610221/1.3.6.1.4.1.9590.100.1.2.250138961212678299528032805292661999197/000000.dcm,calc,train,0,BENIGN
P_01832,LEFT,CC,calcification,BENIGN,Calc-Training_P_01832_LEFT_CC/1.3.6.1.4.1.9590.100.1.2.220000815611268527802447789104070383905/1.3.6.1.4.1.9590.100.1.2.195113471512766129137858152031535001050/000000.dcm,calc,train,0,BENIGN
P_01832,LEFT,MLO,calcification,BENIGN,Calc-Training_P_01832_LEFT_MLO/1.3.6.1.4.1.9590.100.1.2.139338950611242777927213131852182282862/1.3.6.1.4.1.9590.100.1.2.291571847913078761025994013623244559808/000000.dcm,calc,train,0,BENIGN
P_01838,LEFT,CC,calcification,BENIGN_WITHOUT_CALLBACK,Calc-Training_P_01838_LEFT_CC/1.3.6.1.4.1.9590.100.1.2.241971649112075936628169378812650618207/1.3.6.1.4.1.9590.100.1.2.238878430012243380111730328731227407315/000000.dcm,calc,train,0,BENIGN
P_01838,LEFT,CC,calcification,BENIGN_WITHOUT_CALLBACK,Calc-Training_P_01838_LEFT_CC/1.3.6.1.4.1.9590.100.1.2.241971649112075936628169378812650618207/1.3.6.1.4.1.9590.100.1.2.238878430012243380111730328731227407315/000000.dcm,calc,train,0,BENIGN
P_01838,LEFT,CC,calcification,BENIGN_WITHOUT_CALLBACK,Calc-Training_P_01838_LEFT_CC/1.3.6.1.4.1.9590.100.1.2.241971649112075936628169378812650618207/1.3.6.1.4.1.9590.100.1.2.238878430012243380111730328731227407315/000000.dcm,calc,train,0,BENIGN
P_01838,LEFT,CC,calcification,BENIGN_WITHOUT_CALLBACK,Calc-Training_P_01838_LEFT_CC/1.3.6.1.4.1.9590.100.1.2.241971649112075936628169378812650618207/1.3.6.1.4.1.9590.100.1.2.238878430012243380111730328731227407315/000000.dcm,calc,train,0,BENIGN
P_01838,LEFT,CC,calcification,BENIGN_WITHOUT_CALLBACK,Calc-Training_P_01838_LEFT_CC/1.3.6.1.4.1.9590.100.1.2.241971649112075936628169378812650618207/1.3.6.1.4.1.9590.100.1.2.238878430012243380111730328731227407315/000000.dcm,calc,train,0,BENIGN
P_01838,LEFT,MLO,calcification,BENIGN_WITHOUT_CALLBACK,Calc-Training_P_01838_LEFT_MLO/1.3.6.1.4.1.9590.100.1.2.323499412611976656529631796833726327502/1.3.6.1.4.1.9590.100.1.2.129791061511313973927878918694190000311/000000.dcm,calc,train,0,BENIGN
P_01838,LEFT,MLO,calcification,BENIGN_WITHOUT_CALLBACK,Calc-Training_P_01838_LEFT_MLO/1.3.6.1.4.1.9590.100.1.2.323499412611976656529631796833726327502/1.3.6.1.4.1.9590.100.1.2.129791061511313973927878918694190000311/000000.dcm,calc,train,0,BENIGN
P_01838,LEFT,MLO,calcification,BENIGN_WITHOUT_CALLBACK,Calc-Training_P_01838_LEFT_MLO/1.3.6.1.4.1.9590.100.1.2.323499412611976656529631796833726327502/1.3.6.1.4.1.9590.100.1.2.129791061511313973927878918694190000311/000000.dcm,calc,train,0,BENIGN
P_01838,LEFT,MLO,calcification,BENIGN_WITHOUT_CALLBACK,Calc-Training_P_01838_LEFT_MLO/1.3.6.1.4.1.9590.100.1.2.323499412611976656529631796833726327502/1.3.6.1.4.1.9590.100.1.2.129791061511313973927878918694190000311/000000.dcm,calc,train,0,BENIGN
P_01838,LEFT,MLO,calcification,BENIGN_WITHOUT_CALLBACK,Calc-Training_P_01838_LEFT_MLO/1.3.6.1.4.1.9590.100.1.2.323499412611976656529631796833726327502/1.3.6.1.4.1.9590.100.1.2.129791061511313973927878918694190000311/000000.dcm,calc,train,0,BENIGN
P_01838,LEFT,MLO,calcification,BENIGN_WITHOUT_CALLBACK,Calc-Training_P_01838_LEFT_MLO/1.3.6.1.4.1.9590.100.1.2.323499412611976656529631796833726327502/1.3.6.1.4.1.9590.100.1.2.129791061511313973927878918694190000311/000000.dcm,calc,train,0,BENIGN
P_01838,LEFT,MLO,calcification,BENIGN_WITHOUT_CALLBACK,Calc-Training_P_01838_LEFT_MLO/1.3.6.1.4.1.9590.100.1.2.323499412611976656529631796833726327502/1.3.6.1.4.1.9590.100.1.2.129791061511313973927878918694190000311/000000.dcm,calc,train,0,BENIGN
P_01838,RIGHT,CC,calcification,BENIGN_WITHOUT_CALLBACK,Calc-Training_P_01838_RIGHT_CC/1.3.6.1.4.1.9590.100.1.2.332304641113337042900765492630255533591/1.3.6.1.4.1.9590.100.1.2.181841823211422221335388532932156762334/000000.dcm,calc,train,0,BENIGN
P_01838,RIGHT,CC,calcification,BENIGN_WITHOUT_CALLBACK,Calc-Training_P_01838_RIGHT_CC/1.3.6.1.4.1.9590.100.1.2.332304641113337042900765492630255533591/1.3.6.1.4.1.9590.100.1.2.181841823211422221335388532932156762334/000000.dcm,calc,train,0,BENIGN
P_01838,RIGHT,CC,calcification,BENIGN_WITHOUT_CALLBACK,Calc-Training_P_01838_RIGHT_CC/1.3.6.1.4.1.9590.100.1.2.332304641113337042900765492630255533591/1.3.6.1.4.1.9590.100.1.2.181841823211422221335388532932156762334/000000.dcm,calc,train,0,BENIGN
P_01838,RIGHT,MLO,calcification,BENIGN_WITHOUT_CALLBACK,Calc-Training_P_01838_RIGHT_MLO/1.3.6.1.4.1.9590.100.1.2.202362612212123564424714814803185978888/1.3.6.1.4.1.9590.100.1.2.114030169011500101820138787040137395797/000000.dcm,calc,train,0,BENIGN
P_01838,RIGHT,MLO,calcification,BENIGN_WITHOUT_CALLBACK,Calc-Training_P_01838_RIGHT_MLO/1.3.6.1.4.1.9590.100.1.2.202362612212123564424714814803185978888/1.3.6.1.4.1.9590.100.1.2.114030169011500101820138787040137395797/000000.dcm,calc,train,0,BENIGN
P_01839,LEFT,CC,calcification,MALIGNANT,Calc-Training_P_01839_LEFT_CC/1.3.6.1.4.1.9590.100.1.2.98151553411699235317565441430539620152/1.3.6.1.4.1.9590.100.1.2.380585108912835672335427219224208339965/000000.dcm,calc,train,1,MALIGNANT
P_01839,LEFT,MLO,calcification,MALIGNANT,Calc-Training_P_01839_LEFT_MLO/1.3.6.1.4.1.9590.100.1.2.17530623511050541126989518442240274473/1.3.6.1.4.1.9590.100.1.2.299740424912592591728594490160937069544/000000.dcm,calc,train,1,MALIGNANT
P_01840,RIGHT,MLO,calcification,MALIGNANT,Calc-Training_P_01840_RIGHT_MLO/1.3.6.1.4.1.9590.100.1.2.311909379911326678329538827560440159485/1.3.6.1.4.1.9590.100.1.2.213607608912884835305932847630555559538/000000.dcm,calc,train,1,MALIGNANT
P_01846,RIGHT,CC,calcification,MALIGNANT,Calc-Training_P_01846_RIGHT_CC/1.3.6.1.4.1.9590.100.1.2.36867137811926390927080357741787853380/1.3.6.1.4.1.9590.100.1.2.238085912110799023135128785212540901367/000000.dcm,calc,train,1,MALIGNANT
P_01846,RIGHT,MLO,calcification,MALIGNANT,Calc-Training_P_01846_RIGHT_MLO/1.3.6.1.4.1.9590.100.1.2.124013407112174000920112004342040095348/1.3.6.1.4.1.9590.100.1.2.329718931412308263839464792423823106807/000000.dcm,calc,train,1,MALIGNANT
P_01847,LEFT,CC,calcification,MALIGNANT,Calc-Training_P_01847_LEFT_CC/1.3.6.1.4.1.9590.100.1.2.317528782313331280127349651643775315869/1.3.6.1.4.1.9590.100.1.2.342948867912491695415330087923903570974/000000.dcm,calc,train,1,MALIGNANT
P_01847,LEFT,MLO,calcification,MALIGNANT,Calc-Training_P_01847_LEFT_MLO/1.3.6.1.4.1.9590.100.1.2.316887616812439223826695909583185083197/1.3.6.1.4.1.9590.100.1.2.215559092611134052231444033843763347224/000000.dcm,calc,train,1,MALIGNANT
P_01856,LEFT,CC,calcification,MALIGNANT,Calc-Training_P_01856_LEFT_CC/1.3.6.1.4.1.9590.100.1.2.87505354912520968001488408474035346595/1.3.6.1.4.1.9590.100.1.2.255640760811660757431998386133875744084/000000.dcm,calc,train,1,MALIGNANT
P_01856,LEFT,MLO,calcification,MALIGNANT,Calc-Training_P_01856_LEFT_MLO/1.3.6.1.4.1.9590.100.1.2.128442622212179600728978912493511730462/1.3.6.1.4.1.9590.100.1.2.134843416911155768717389720344102573519/000000.dcm,calc,train,1,MALIGNANT
P_01858,LEFT,CC,calcification,BENIGN,Calc-Training_P_01858_LEFT_CC/1.3.6.1.4.1.9590.100.1.2.108335765411446331800005318590905201842/1.3.6.1.4.1.9590.100.1.2.409944803513170601539158890352269060049/000000.dcm,calc,train,0,BENIGN
P_01858,LEFT,MLO,calcification,BENIGN,Calc-Training_P_01858_LEFT_MLO/1.3.6.1.4.1.9590.100.1.2.120846112211913567609074487230137210694/1.3.6.1.4.1.9590.100.1.2.310678740812777884533280065583566937530/000000.dcm,calc,train,0,BENIGN
P_01864,LEFT,CC,calcification,BENIGN_WITHOUT_CALLBACK,Calc-Training_P_01864_LEFT_CC/1.3.6.1.4.1.9590.100.1.2.284859240611988399615875764870367232590/1.3.6.1.4.1.9590.100.1.2.413076703312521653912079095620483415220/000000.dcm,calc,train,0,BENIGN
P_01864,LEFT,CC,calcification,BENIGN_WITHOUT_CALLBACK,Calc-Training_P_01864_LEFT_CC/1.3.6.1.4.1.9590.100.1.2.284859240611988399615875764870367232590/1.3.6.1.4.1.9590.100.1.2.413076703312521653912079095620483415220/000000.dcm,calc,train,0,BENIGN
P_01864,LEFT,CC,calcification,BENIGN_WITHOUT_CALLBACK,Calc-Training_P_01864_LEFT_CC/1.3.6.1.4.1.9590.100.1.2.284859240611988399615875764870367232590/1.3.6.1.4.1.9590.100.1.2.413076703312521653912079095620483415220/000000.dcm,calc,train,0,BENIGN
P_01864,LEFT,MLO,calcification,BENIGN_WITHOUT_CALLBACK,Calc-Training_P_01864_LEFT_MLO/1.3.6.1.4.1.9590.100.1.2.246471536012451144230195232583996294686/1.3.6.1.4.1.9590.100.1.2.336127045011104999604357208362448372411/000000.dcm,calc,train,0,BENIGN
P_01864,LEFT,MLO,calcification,BENIGN_WITHOUT_CALLBACK,Calc-Training_P_01864_LEFT_MLO/1.3.6.1.4.1.9590.100.1.2.246471536012451144230195232583996294686/1.3.6.1.4.1.9590.100.1.2.336127045011104999604357208362448372411/000000.dcm,calc,train,0,BENIGN
P_01864,LEFT,MLO,calcification,BENIGN_WITHOUT_CALLBACK,Calc-Training_P_01864_LEFT_MLO/1.3.6.1.4.1.9590.100.1.2.246471536012451144230195232583996294686/1.3.6.1.4.1.9590.100.1.2.336127045011104999604357208362448372411/000000.dcm,calc,train,0,BENIGN
P_01864,LEFT,MLO,calcification,BENIGN_WITHOUT_CALLBACK,Calc-Training_P_01864_LEFT_MLO/1.3.6.1.4.1.9590.100.1.2.246471536012451144230195232583996294686/1.3.6.1.4.1.9590.100.1.2.336127045011104999604357208362448372411/000000.dcm,calc,train,0,BENIGN
P_01864,RIGHT,CC,calcification,BENIGN_WITHOUT_CALLBACK,Calc-Training_P_01864_RIGHT_CC/1.3.6.1.4.1.9590.100.1.2.402444005512594262604132566190557197160/1.3.6.1.4.1.9590.100.1.2.499558611862523307025745211397332529/000000.dcm,calc,train,0,BENIGN
P_01864,RIGHT,CC,calcification,BENIGN_WITHOUT_CALLBACK,Calc-Training_P_01864_RIGHT_CC/1.3.6.1.4.1.9590.100.1.2.402444005512594262604132566190557197160/1.3.6.1.4.1.9590.100.1.2.499558611862523307025745211397332529/000000.dcm,calc,train,0,BENIGN
P_01864,RIGHT,CC,calcification,BENIGN_WITHOUT_CALLBACK,Calc-Training_P_01864_RIGHT_CC/1.3.6.1.4.1.9590.100.1.2.402444005512594262604132566190557197160/1.3.6.1.4.1.9590.100.1.2.499558611862523307025745211397332529/000000.dcm,calc,train,0,BENIGN
P_01864,RIGHT,MLO,calcification,BENIGN_WITHOUT_CALLBACK,Calc-Training_P_01864_RIGHT_MLO/1.3.6.1.4.1.9590.100.1.2.114018307112743399936931913581743980706/1.3.6.1.4.1.9590.100.1.2.135264260013637742110386013913540540366/000000.dcm,calc,train,0,BENIGN
P_01864,RIGHT,MLO,calcification,BENIGN_WITHOUT_CALLBACK,Calc-Training_P_01864_RIGHT_MLO/1.3.6.1.4.1.9590.100.1.2.114018307112743399936931913581743980706/1.3.6.1.4.1.9590.100.1.2.135264260013637742110386013913540540366/000000.dcm,calc,train,0,BENIGN
P_01864,RIGHT,MLO,calcification,BENIGN_WITHOUT_CALLBACK,Calc-Training_P_01864_RIGHT_MLO/1.3.6.1.4.1.9590.100.1.2.114018307112743399936931913581743980706/1.3.6.1.4.1.9590.100.1.2.135264260013637742110386013913540540366/000000.dcm,calc,train,0,BENIGN
P_01875,LEFT,CC,calcification,BENIGN_WITHOUT_CALLBACK,Calc-Training_P_01875_LEFT_CC/1.3.6.1.4.1.9590.100.1.2.163047517711985139900781543693191062336/1.3.6.1.4.1.9590.100.1.2.385282775812833650829713604213716098641/000000.dcm,calc,train,0,BENIGN
P_01875,LEFT,MLO,calcification,BENIGN_WITHOUT_CALLBACK,Calc-Training_P_01875_LEFT_MLO/1.3.6.1.4.1.9590.100.1.2.52632765412926823809881276692164987860/1.3.6.1.4.1.9590.100.1.2.164294472811485099602016349992502379711/000000.dcm,calc,train,0,BENIGN
P_01875,RIGHT,CC,calcification,BENIGN_WITHOUT_CALLBACK,Calc-Training_P_01875_RIGHT_CC/1.3.6.1.4.1.9590.100.1.2.143051235911391237717558368320253244517/1.3.6.1.4.1.9590.100.1.2.324110361612535993028172399623484397143/000000.dcm,calc,train,0,BENIGN
P_01875,RIGHT,CC,calcification,BENIGN_WITHOUT_CALLBACK,Calc-Training_P_01875_RIGHT_CC/1.3.6.1.4.1.9590.100.1.2.143051235911391237717558368320253244517/1.3.6.1.4.1.9590.100.1.2.324110361612535993028172399623484397143/000000.dcm,calc,train,0,BENIGN
P_01875,RIGHT,MLO,calcification,BENIGN_WITHOUT_CALLBACK,Calc-Training_P_01875_RIGHT_MLO/1.3.6.1.4.1.9590.100.1.2.9546374911685142328738331451558986681/1.3.6.1.4.1.9590.100.1.2.55809715712551381741530502832061775490/000000.dcm,calc,train,0,BENIGN
P_01884,RIGHT,CC,calcification,BENIGN,Calc-Training_P_01884_RIGHT_CC/1.3.6.1.4.1.9590.100.1.2.400444820612121342532142709022046366890/1.3.6.1.4.1.9590.100.1.2.273157286312868072101194717862751383879/000000.dcm,calc,train,0,BENIGN
P_01884,RIGHT,MLO,calcification,BENIGN,Calc-Training_P_01884_RIGHT_MLO/1.3.6.1.4.1.9590.100.1.2.258737831911802460622138037041272762610/1.3.6.1.4.1.9590.100.1.2.135548662113863249423889629850721073329/000000.dcm,calc,train,0,BENIGN
P_01885,LEFT,CC,calcification,BENIGN_WITHOUT_CALLBACK,Calc-Training_P_01885_LEFT_CC/1.3.6.1.4.1.9590.100.1.2.411936919211703316006492415023219952613/1.3.6.1.4.1.9590.100.1.2.412805349511988982041074955902270862072/000000.dcm,calc,train,0,BENIGN
P_01885,LEFT,MLO,calcification,BENIGN_WITHOUT_CALLBACK,Calc-Training_P_01885_LEFT_MLO/1.3.6.1.4.1.9590.100.1.2.329559921110555643613158119863567025345/1.3.6.1.4.1.9590.100.1.2.75413880210379480221116128461589010916/000000.dcm,calc,train,0,BENIGN
P_01885,RIGHT,CC,calcification,BENIGN_WITHOUT_CALLBACK,Calc-Training_P_01885_RIGHT_CC/1.3.6.1.4.1.9590.100.1.2.246114275012638229807441007890781046883/1.3.6.1.4.1.9590.100.1.2.56462208410951047915797559653131614021/000000.dcm,calc,train,0,BENIGN
P_01885,RIGHT,MLO,calcification,BENIGN_WITHOUT_CALLBACK,Calc-Training_P_01885_RIGHT_MLO/1.3.6.1.4.1.9590.100.1.2.161662259912945170410295200514129913543/1.3.6.1.4.1.9590.100.1.2.282095284912889076801828627273382929587/000000.dcm,calc,train,0,BENIGN
P_02105,LEFT,CC,calcification,MALIGNANT,Calc-Training_P_02105_LEFT_CC/1.3.6.1.4.1.9590.100.1.2.49537760911348946601937550501151423146/1.3.6.1.4.1.9590.100.1.2.214191573611101521119097481443132244812/000000.dcm,calc,train,1,MALIGNANT
P_02105,LEFT,MLO,calcification,MALIGNANT,Calc-Training_P_02105_LEFT_MLO/1.3.6.1.4.1.9590.100.1.2.410372304712635214000351842941502076082/1.3.6.1.4.1.9590.100.1.2.5320354512458066102201117541012418564/000000.dcm,calc,train,1,MALIGNANT
P_02115,LEFT,CC,calcification,BENIGN,Calc-Training_P_02115_LEFT_CC/1.3.6.1.4.1.9590.100.1.2.422723611211811124126192457210516059827/1.3.6.1.4.1.9590.100.1.2.270682700411855043235413600611140202560/000000.dcm,calc,train,0,BENIGN
P_02115,LEFT,MLO,calcification,BENIGN,Calc-Training_P_02115_LEFT_MLO/1.3.6.1.4.1.9590.100.1.2.139208112812315105012251880273407669800/1.3.6.1.4.1.9590.100.1.2.74962365112397514103961599303912079797/000000.dcm,calc,train,0,BENIGN
P_02133,LEFT,CC,calcification,MALIGNANT,Calc-Training_P_02133_LEFT_CC/1.3.6.1.4.1.9590.100.1.2.260739415911532029322612302204183059271/1.3.6.1.4.1.9590.100.1.2.330439693111953518120282039114230895454/000000.dcm,calc,train,1,MALIGNANT
P_02133,LEFT,MLO,calcification,MALIGNANT,Calc-Training_P_02133_LEFT_MLO/1.3.6.1.4.1.9590.100.1.2.100241806912593749333406944470923115697/1.3.6.1.4.1.9590.100.1.2.386483962812607301915506984060181484537/000000.dcm,calc,train,1,MALIGNANT
P_02154,LEFT,CC,calcification,MALIGNANT,Calc-Training_P_02154_LEFT_CC/1.3.6.1.4.1.9590.100.1.2.164682728811428326317383000410327481185/1.3.6.1.4.1.9590.100.1.2.182808396612478491332132489182799680388/000000.dcm,calc,train,1,MALIGNANT
P_02154,LEFT,MLO,calcification,MALIGNANT,Calc-Training_P_02154_LEFT_MLO/1.3.6.1.4.1.9590.100.1.2.312888647212237829236720815984253113054/1.3.6.1.4.1.9590.100.1.2.354385827811091438906075718602744548375/000000.dcm,calc,train,1,MALIGNANT
P_02190,RIGHT,CC,calcification,MALIGNANT,Calc-Training_P_02190_RIGHT_CC/1.3.6.1.4.1.9590.100.1.2.119553202612909314722548581574219042965/1.3.6.1.4.1.9590.100.1.2.164919549013310446318817959800406155995/000000.dcm,calc,train,1,MALIGNANT
P_02190,RIGHT,MLO,calcification,MALIGNANT,Calc-Training_P_02190_RIGHT_MLO/1.3.6.1.4.1.9590.100.1.2.265418117713349983338428975711625032666/1.3.6.1.4.1.9590.100.1.2.211895024012432447212176044823741802985/000000.dcm,calc,train,1,MALIGNANT
P_02195,RIGHT,CC,calcification,MALIGNANT,Calc-Training_P_02195_RIGHT_CC/1.3.6.1.4.1.9590.100.1.2.72899945211760842107193635022178579205/1.3.6.1.4.1.9590.100.1.2.256658360412764431238665143580418205774/000000.dcm,calc,train,1,MALIGNANT
P_02195,RIGHT,MLO,calcification,MALIGNANT,Calc-Training_P_02195_RIGHT_MLO/1.3.6.1.4.1.9590.100.1.2.42737718812601277607666472171158385037/1.3.6.1.4.1.9590.100.1.2.116757970211924589904329299213240447916/000000.dcm,calc,train,1,MALIGNANT
P_02218,LEFT,CC,calcification,MALIGNANT,Calc-Training_P_02218_LEFT_CC/1.3.6.1.4.1.9590.100.1.2.314026106212798911820481873250880742176/1.3.6.1.4.1.9590.100.1.2.175423615911320115311876711902797910601/000000.dcm,calc,train,1,MALIGNANT
P_02218,LEFT,MLO,calcification,MALIGNANT,Calc-Training_P_02218_LEFT_MLO/1.3.6.1.4.1.9590.100.1.2.225338439412720726834561742251289791239/1.3.6.1.4.1.9590.100.1.2.399922782313742788921101902161730539478/000000.dcm,calc,train,1,MALIGNANT
P_02220,LEFT,CC,calcification,MALIGNANT,Calc-Training_P_02220_LEFT_CC/1.3.6.1.4.1.9590.100.1.2.386989977511260208128738231101595342632/1.3.6.1.4.1.9590.100.1.2.288132855511173756130897978053693886686/000000.dcm,calc,train,1,MALIGNANT
P_02220,LEFT,MLO,calcification,MALIGNANT,Calc-Training_P_02220_LEFT_MLO/1.3.6.1.4.1.9590.100.1.2.188815267012258927613321599240436861917/1.3.6.1.4.1.9590.100.1.2.123390883712089129811432705823707335760/000000.dcm,calc,train,1,MALIGNANT
P_02226,LEFT,CC,calcification,MALIGNANT,Calc-Training_P_02226_LEFT_CC/1.3.6.1.4.1.9590.100.1.2.89688126112022320617986607862916914615/1.3.6.1.4.1.9590.100.1.2.147359998211471972812557881903617641636/000000.dcm,calc,train,1,MALIGNANT
P_02226,LEFT,MLO,calcification,MALIGNANT,Calc-Training_P_02226_LEFT_MLO/1.3.6.1.4.1.9590.100.1.2.126906323111088349304220348604286281782/1.3.6.1.4.1.9590.100.1.2.366856099612783565721943975812185481704/000000.dcm,calc,train,1,MALIGNANT
P_02232,LEFT,CC,calcification,MALIGNANT,Calc-Training_P_02232_LEFT_CC/1.3.6.1.4.1.9590.100.1.2.63681564610347310203045249573391190628/1.3.6.1.4.1.9590.100.1.2.109662554812637353627369757570911300772/000000.dcm,calc,train,1,MALIGNANT
P_02232,LEFT,MLO,calcification,MALIGNANT,Calc-Training_P_02232_LEFT_MLO/1.3.6.1.4.1.9590.100.1.2.372602706012342987916805641580987846953/1.3.6.1.4.1.9590.100.1.2.287748782212104002637293500723290600861/000000.dcm,calc,train,1,MALIGNANT
P_02234,LEFT,CC,calcification,BENIGN,Calc-Training_P_02234_LEFT_CC/1.3.6.1.4.1.9590.100.1.2.212123955011076523221395936471013169650/1.3.6.1.4.1.9590.100.1.2.5471937512108285021749531432000799363/000000.dcm,calc,train,0,BENIGN
P_02234,LEFT,MLO,calcification,BENIGN,Calc-Training_P_02234_LEFT_MLO/1.3.6.1.4.1.9590.100.1.2.123428063412988855711351812350652043912/1.3.6.1.4.1.9590.100.1.2.182917061012694232306723672382237004034/000000.dcm,calc,train,0,BENIGN
P_02259,LEFT,CC,calcification,MALIGNANT,Calc-Training_P_02259_LEFT_CC/1.3.6.1.4.1.9590.100.1.2.33374465811178680801874879143566033711/1.3.6.1.4.1.9590.100.1.2.345025826012242211305822404041643740984/000000.dcm,calc,train,1,MALIGNANT
P_02259,LEFT,MLO,calcification,MALIGNANT,Calc-Training_P_02259_LEFT_MLO/1.3.6.1.4.1.9590.100.1.2.317256909410915785731246350110910629517/1.3.6.1.4.1.9590.100.1.2.150012230412642421919170072790760635257/000000.dcm,calc,train,1,MALIGNANT
P_02270,RIGHT,CC,calcification,MALIGNANT,Calc-Training_P_02270_RIGHT_CC/1.3.6.1.4.1.9590.100.1.2.211265294312388293413063748141797070765/1.3.6.1.4.1.9590.100.1.2.261464084212849186820956525012904960015/000000.dcm,calc,train,1,MALIGNANT
P_02270,RIGHT,MLO,calcification,MALIGNANT,Calc-Training_P_02270_RIGHT_MLO/1.3.6.1.4.1.9590.100.1.2.19635669413847875438342775630571396451/1.3.6.1.4.1.9590.100.1.2.282056870811418094503385396713586166509/000000.dcm,calc,train,1,MALIGNANT
P_02285,LEFT,CC,calcification,MALIGNANT,Calc-Training_P_02285_LEFT_CC/1.3.6.1.4.1.9590.100.1.2.29417639713577218819294903083153416953/1.3.6.1.4.1.9590.100.1.2.383359991112353374737992651831939097451/000000.dcm,calc,train,1,MALIGNANT
P_02285,LEFT,MLO,calcification,MALIGNANT,Calc-Training_P_02285_LEFT_MLO/1.3.6.1.4.1.9590.100.1.2.71259565011184803405962321074177323573/1.3.6.1.4.1.9590.100.1.2.291445048112485870105783866091615169149/000000.dcm,calc,train,1,MALIGNANT
P_02313,LEFT,CC,calcification,BENIGN,Calc-Training_P_02313_LEFT_CC/1.3.6.1.4.1.9590.100.1.2.23566938212612858109081053663353425627/1.3.6.1.4.1.9590.100.1.2.254374328811149730935442139063313698921/000000.dcm,calc,train,0,BENIGN
P_02313,LEFT,MLO,calcification,BENIGN,Calc-Training_P_02313_LEFT_MLO/1.3.6.1.4.1.9590.100.1.2.58153596610374960110981597752963132188/1.3.6.1.4.1.9590.100.1.2.322832611012345022929680800320938947459/000000.dcm,calc,train,0,BENIGN
P_02316,RIGHT,CC,calcification,BENIGN,Calc-Training_P_02316_RIGHT_CC/1.3.6.1.4.1.9590.100.1.2.424558541312364421238165428793220480923/1.3.6.1.4.1.9590.100.1.2.263598136411775674821717589832628867634/000000.dcm,calc,train,0,BENIGN
P_02316,RIGHT,MLO,calcification,BENIGN,Calc-Training_P_02316_RIGHT_MLO/1.3.6.1.4.1.9590.100.1.2.68162365712625661512761583750189621804/1.3.6.1.4.1.9590.100.1.2.6730811213862379115631651094159231686/000000.dcm,calc,train,0,BENIGN
P_02318,RIGHT,CC,calcification,BENIGN,Calc-Training_P_02318_RIGHT_CC/1.3.6.1.4.1.9590.100.1.2.138484992912671571930425580951448109170/1.3.6.1.4.1.9590.100.1.2.118297987011725930203645543782321991095/000000.dcm,calc,train,0,BENIGN
P_02318,RIGHT,MLO,calcification,BENIGN,Calc-Training_P_02318_RIGHT_MLO/1.3.6.1.4.1.9590.100.1.2.154585862612796515508314474792359567499/1.3.6.1.4.1.9590.100.1.2.129626647210306079835703676703413955342/000000.dcm,calc,train,0,BENIGN
P_02323,LEFT,CC,calcification,MALIGNANT,Calc-Training_P_02323_LEFT_CC/1.3.6.1.4.1.9590.100.1.2.54598040611240788300776835903796645014/1.3.6.1.4.1.9590.100.1.2.418500883810945316711210594810465961573/000000.dcm,calc,train,1,MALIGNANT
P_02323,LEFT,MLO,calcification,MALIGNANT,Calc-Training_P_02323_LEFT_MLO/1.3.6.1.4.1.9590.100.1.2.15357779812615402524774757691836401108/1.3.6.1.4.1.9590.100.1.2.86059275313093462834906341384253796092/000000.dcm,calc,train,1,MALIGNANT
P_02348,RIGHT,CC,calcification,MALIGNANT,Calc-Training_P_02348_RIGHT_CC/1.3.6.1.4.1.9590.100.1.2.373659943413369604322204996453065656480/1.3.6.1.4.1.9590.100.1.2.57589290513922829441183159583248727787/000000.dcm,calc,train,1,MALIGNANT
P_02348,RIGHT,MLO,calcification,MALIGNANT,Calc-Training_P_02348_RIGHT_MLO/1.3.6.1.4.1.9590.100.1.2.277506178411810649428453912890138028390/1.3.6.1.4.1.9590.100.1.2.224726419813294213931084781341774281316/000000.dcm,calc,train,1,MALIGNANT
P_02368,RIGHT,CC,calcification,MALIGNANT,Calc-Training_P_02368_RIGHT_CC/1.3.6.1.4.1.9590.100.1.2.148269981012528739525376321832180823268/1.3.6.1.4.1.9590.100.1.2.390769625211923456632942206872638891773/000000.dcm,calc,train,1,MALIGNANT
P_02368,RIGHT,MLO,calcification,MALIGNANT,Calc-Training_P_02368_RIGHT_MLO/1.3.6.1.4.1.9590.100.1.2.83894931512491520716958071610436374638/1.3.6.1.4.1.9590.100.1.2.292428926111467282427764660722866053377/000000.dcm,calc,train,1,MALIGNANT
P_02380,LEFT,CC,calcification,MALIGNANT,Calc-Training_P_02380_LEFT_CC/1.3.6.1.4.1.9590.100.1.2.70593745911185607405704892651253480862/1.3.6.1.4.1.9590.100.1.2.72752250112337456519422810952048801688/000000.dcm,calc,train,1,MALIGNANT
P_02380,LEFT,MLO,calcification,MALIGNANT,Calc-Training_P_02380_LEFT_MLO/1.3.6.1.4.1.9590.100.1.2.249659994111489698042234203032732659868/1.3.6.1.4.1.9590.100.1.2.229844099912109322613235060762596601925/000000.dcm,calc,train,1,MALIGNANT
P_02393,LEFT,CC,calcification,MALIGNANT,Calc-Training_P_02393_LEFT_CC/1.3.6.1.4.1.9590.100.1.2.100176760712195275841465509120515403707/1.3.6.1.4.1.9590.100.1.2.74005715112183196613423200034069472130/000000.dcm,calc,train,1,MALIGNANT
P_02393,LEFT,MLO,calcification,MALIGNANT,Calc-Training_P_02393_LEFT_MLO/1.3.6.1.4.1.9590.100.1.2.204209978010669524916206224941675782806/1.3.6.1.4.1.9590.100.1.2.235425023411867664608986305432637770251/000000.dcm,calc,train,1,MALIGNANT
P_02400,LEFT,CC,calcification,MALIGNANT,Calc-Training_P_02400_LEFT_CC/1.3.6.1.4.1.9590.100.1.2.13590854713024023842297094661967288606/1.3.6.1.4.1.9590.100.1.2.337050783411140427214197121660923286256/000000.dcm,calc,train,1,MALIGNANT
P_02400,LEFT,MLO,calcification,MALIGNANT,Calc-Training_P_02400_LEFT_MLO/1.3.6.1.4.1.9590.100.1.2.248326411110416837502830762851639424916/1.3.6.1.4.1.9590.100.1.2.351418242812953841607082290431510352119/000000.dcm,calc,train,1,MALIGNANT
P_02402,RIGHT,CC,calcification,MALIGNANT,Calc-Training_P_02402_RIGHT_CC/1.3.6.1.4.1.9590.100.1.2.298620139512279075138802776662569345227/1.3.6.1.4.1.9590.100.1.2.412648341012113205720900809264073133781/000000.dcm,calc,train,1,MALIGNANT
P_02402,RIGHT,MLO,calcification,MALIGNANT,Calc-Training_P_02402_RIGHT_MLO/1.3.6.1.4.1.9590.100.1.2.19522335511827685333980612150777165429/1.3.6.1.4.1.9590.100.1.2.141617340212085510809039998740404392474/000000.dcm,calc,train,1,MALIGNANT
P_02405,RIGHT,CC,calcification,MALIGNANT,Calc-Training_P_02405_RIGHT_CC/1.3.6.1.4.1.9590.100.1.2.142758033711523370419763004364088940983/1.3.6.1.4.1.9590.100.1.2.333575065312722552713541787451023988690/000000.dcm,calc,train,1,MALIGNANT
P_02405,RIGHT,MLO,calcification,MALIGNANT,Calc-Training_P_02405_RIGHT_MLO/1.3.6.1.4.1.9590.100.1.2.371812501410697128630715516402486332580/1.3.6.1.4.1.9590.100.1.2.370030936310415648030051424362413291051/000000.dcm,calc,train,1,MALIGNANT
P_02409,RIGHT,CC,calcification,BENIGN,Calc-Training_P_02409_RIGHT_CC/1.3.6.1.4.1.9590.100.1.2.152866377912152401535348968141553941108/1.3.6.1.4.1.9590.100.1.2.206211701612209078000811887921489167359/000000.dcm,calc,train,0,BENIGN
P_02409,RIGHT,MLO,calcification,BENIGN,Calc-Training_P_02409_RIGHT_MLO/1.3.6.1.4.1.9590.100.1.2.273324083412749093238481637390201546691/1.3.6.1.4.1.9590.100.1.2.209140269413286775600519118310137054510/000000.dcm,calc,train,0,BENIGN
P_02419,LEFT,CC,calcification,MALIGNANT,Calc-Training_P_02419_LEFT_CC/1.3.6.1.4.1.9590.100.1.2.96264355911392537627572476760173270322/1.3.6.1.4.1.9590.100.1.2.28277245213432956139542181123235331456/000000.dcm,calc,train,1,MALIGNANT
P_02419,LEFT,MLO,calcification,MALIGNANT,Calc-Training_P_02419_LEFT_MLO/1.3.6.1.4.1.9590.100.1.2.244841092711974207025334027532140154686/1.3.6.1.4.1.9590.100.1.2.206209459213603377125214601262824548037/000000.dcm,calc,train,1,MALIGNANT
P_02424,RIGHT,CC,calcification,MALIGNANT,Calc-Training_P_02424_RIGHT_CC/1.3.6.1.4.1.9590.100.1.2.163591369911589592903651342210241705477/1.3.6.1.4.1.9590.100.1.2.346626941113497177636482817440146940040/000000.dcm,calc,train,1,MALIGNANT
P_02424,RIGHT,MLO,calcification,MALIGNANT,Calc-Training_P_02424_RIGHT_MLO/1.3.6.1.4.1.9590.100.1.2.165025389112363512703485992083407321678/1.3.6.1.4.1.9590.100.1.2.257979549512926684716381871403745112147/000000.dcm,calc,train,1,MALIGNANT
P_02434,LEFT,CC,calcification,BENIGN,Calc-Training_P_02434_LEFT_CC/1.3.6.1.4.1.9590.100.1.2.136901221211063776926276100081743395921/1.3.6.1.4.1.9590.100.1.2.328007129811170337407823724870179068574/000000.dcm,calc,train,0,BENIGN
P_02434,LEFT,MLO,calcification,BENIGN,Calc-Training_P_02434_LEFT_MLO/1.3.6.1.4.1.9590.100.1.2.257503045811716805434941894932251102987/1.3.6.1.4.1.9590.100.1.2.88461377210036222226721066600364084942/000000.dcm,calc,train,0,BENIGN
P_02437,LEFT,CC,calcification,MALIGNANT,Calc-Training_P_02437_LEFT_CC/1.3.6.1.4.1.9590.100.1.2.261900963111150287209423878853289173899/1.3.6.1.4.1.9590.100.1.2.135776544711171846638526562831650579450/000000.dcm,calc,train,1,MALIGNANT
P_02437,LEFT,MLO,calcification,MALIGNANT,Calc-Training_P_02437_LEFT_MLO/1.3.6.1.4.1.9590.100.1.2.135600710011332832403340486993690119907/1.3.6.1.4.1.9590.100.1.2.61424233211889839111153563380264874717/000000.dcm,calc,train,1,MALIGNANT
P_02442,LEFT,CC,calcification,MALIGNANT,Calc-Training_P_02442_LEFT_CC/1.3.6.1.4.1.9590.100.1.2.13566173511608924311840270691968669885/1.3.6.1.4.1.9590.100.1.2.199232524312488424935767860962747284895/000000.dcm,calc,train,1,MALIGNANT
P_02442,LEFT,MLO,calcification,MALIGNANT,Calc-Training_P_02442_LEFT_MLO/1.3.6.1.4.1.9590.100.1.2.71501374913159602724001258690825499416/1.3.6.1.4.1.9590.100.1.2.204405152711426676013436064600321588987/000000.dcm,calc,train,1,MALIGNANT
P_02456,LEFT,MLO,calcification,MALIGNANT,Calc-Training_P_02456_LEFT_MLO/1.3.6.1.4.1.9590.100.1.2.154941931312043278208481276703994540030/1.3.6.1.4.1.9590.100.1.2.412466126212729286840698315920583165672/000000.dcm,calc,train,1,MALIGNANT
P_02459,RIGHT,CC,calcification,MALIGNANT,Calc-Training_P_02459_RIGHT_CC/1.3.6.1.4.1.9590.100.1.2.289588084511366107935674515772350548468/1.3.6.1.4.1.9590.100.1.2.372859759911726400709841299572249634201/000000.dcm,calc,train,1,MALIGNANT
P_02459,RIGHT,MLO,calcification,MALIGNANT,Calc-Training_P_02459_RIGHT_MLO/1.3.6.1.4.1.9590.100.1.2.301913131913186545109518706164009838023/1.3.6.1.4.1.9590.100.1.2.330522562411514513621933224160556534918/000000.dcm,calc,train,1,MALIGNANT
P_02460,RIGHT,CC,calcification,MALIGNANT,Calc-Training_P_02460_RIGHT_CC/1.3.6.1.4.1.9590.100.1.2.374233324813387522409175382030038004307/1.3.6.1.4.1.9590.100.1.2.66312522611354018333991103283574837836/000000.dcm,calc,train,1,MALIGNANT
P_02460,RIGHT,MLO,calcification,MALIGNANT,Calc-Training_P_02460_RIGHT_MLO/1.3.6.1.4.1.9590.100.1.2.145370172111668767501316735001544637139/1.3.6.1.4.1.9590.100.1.2.287451002311158948319489214840890979851/000000.dcm,calc,train,1,MALIGNANT
P_02468,LEFT,CC,calcification,BENIGN,Calc-Training_P_02468_LEFT_CC/1.3.6.1.4.1.9590.100.1.2.46103304810687490522972035871175860281/1.3.6.1.4.1.9590.100.1.2.37559900911531449136240892253023893705/000000.dcm,calc,train,0,BENIGN
P_02468,LEFT,MLO,calcification,BENIGN,Calc-Training_P_02468_LEFT_MLO/1.3.6.1.4.1.9590.100.1.2.319208683110456849406089583613976061065/1.3.6.1.4.1.9590.100.1.2.409789399511353221935407279692079694882/000000.dcm,calc,train,0,BENIGN
P_02475,LEFT,CC,calcification,MALIGNANT,Calc-Training_P_02475_LEFT_CC/1.3.6.1.4.1.9590.100.1.2.192618641013351623331493544071585326358/1.3.6.1.4.1.9590.100.1.2.202616129213455188929279326011800985958/000000.dcm,calc,train,1,MALIGNANT
P_02475,LEFT,MLO,calcification,MALIGNANT,Calc-Training_P_02475_LEFT_MLO/1.3.6.1.4.1.9590.100.1.2.276566029912586979732420205070964322682/1.3.6.1.4.1.9590.100.1.2.247478563813385502806126434882707296853/000000.dcm,calc,train,1,MALIGNANT
P_02489,RIGHT,CC,calcification,MALIGNANT,Calc-Training_P_02489_RIGHT_CC/1.3.6.1.4.1.9590.100.1.2.65704329711058106638375487080273234434/1.3.6.1.4.1.9590.100.1.2.253455683911605267101949183330847157668/000000.dcm,calc,train,1,MALIGNANT
P_02489,RIGHT,MLO,calcification,MALIGNANT,Calc-Training_P_02489_RIGHT_MLO/1.3.6.1.4.1.9590.100.1.2.247288478311573081438174378572922064934/1.3.6.1.4.1.9590.100.1.2.72892475812833555923085881841561403295/000000.dcm,calc,train,1,MALIGNANT
P_02508,LEFT,CC,calcification,MALIGNANT,Calc-Training_P_02508_LEFT_CC/1.3.6.1.4.1.9590.100.1.2.131771075212450626428215837551102365941/1.3.6.1.4.1.9590.100.1.2.241277590012066009136019148040794905844/000000.dcm,calc,train,1,MALIGNANT
P_02508,LEFT,MLO,calcification,MALIGNANT,Calc-Training_P_02508_LEFT_MLO/1.3.6.1.4.1.9590.100.1.2.189512617513915362536976539210320757555/1.3.6.1.4.1.9590.100.1.2.143159108612708356426863118202044972737/000000.dcm,calc,train,1,MALIGNANT
P_02518,RIGHT,CC,calcification,MALIGNANT,Calc-Training_P_02518_RIGHT_CC/1.3.6.1.4.1.9590.100.1.2.105256195711983444642123841382969518770/1.3.6.1.4.1.9590.100.1.2.206569118911905186733493208503657964099/000000.dcm,calc,train,1,MALIGNANT
P_02518,RIGHT,MLO,calcification,MALIGNANT,Calc-Training_P_02518_RIGHT_MLO/1.3.6.1.4.1.9590.100.1.2.94101093511695463433209102612362548963/1.3.6.1.4.1.9590.100.1.2.103693117011355566031187716353408415086/000000.dcm,calc,train,1,MALIGNANT
P_02522,RIGHT,CC,calcification,MALIGNANT,Calc-Training_P_02522_RIGHT_CC/1.3.6.1.4.1.9590.100.1.2.55667862411822270210357295543383977236/1.3.6.1.4.1.9590.100.1.2.223808431412462527837463960591696206885/000000.dcm,calc,train,1,MALIGNANT
P_02522,RIGHT,MLO,calcification,MALIGNANT,Calc-Training_P_02522_RIGHT_MLO/1.3.6.1.4.1.9590.100.1.2.309533660010612919517862811350804924554/1.3.6.1.4.1.9590.100.1.2.363949222312532963823661940690130602840/000000.dcm,calc,train,1,MALIGNANT
P_02559,RIGHT,CC,calcification,MALIGNANT,Calc-Training_P_02559_RIGHT_CC/1.3.6.1.4.1.9590.100.1.2.15607455212612697417073568373017359747/1.3.6.1.4.1.9590.100.1.2.398510539611405601424632149780227498840/000000.dcm,calc,train,1,MALIGNANT
P_02559,RIGHT,MLO,calcification,MALIGNANT,Calc-Training_P_02559_RIGHT_MLO/1.3.6.1.4.1.9590.100.1.2.361354503413630533937345151183809724933/1.3.6.1.4.1.9590.100.1.2.327261889611833044623682994470841880136/000000.dcm,calc,train,1,MALIGNANT
P_02563,RIGHT,CC,calcification,BENIGN,Calc-Training_P_02563_RIGHT_CC/1.3.6.1.4.1.9590.100.1.2.336769501611132348842207709803009936578/1.3.6.1.4.1.9590.100.1.2.148920323810559075320708486680666301087/000000.dcm,calc,train,0,BENIGN
P_02563,RIGHT,MLO,calcification,BENIGN,Calc-Training_P_02563_RIGHT_MLO/1.3.6.1.4.1.9590.100.1.2.200251912011885079133125075512781836000/1.3.6.1.4.1.9590.100.1.2.141379766611952338808867370720222758318/000000.dcm,calc,train,0,BENIGN
P_02566,RIGHT,CC,calcification,MALIGNANT,Calc-Training_P_02566_RIGHT_CC/1.3.6.1.4.1.9590.100.1.2.313498490111262713932807284541638454328/1.3.6.1.4.1.9590.100.1.2.163878893312280121829510572961464105823/000000.dcm,calc,train,1,MALIGNANT
P_02566,RIGHT,MLO,calcification,MALIGNANT,Calc-Training_P_02566_RIGHT_MLO/1.3.6.1.4.1.9590.100.1.2.236384811912704862637356399764200902396/1.3.6.1.4.1.9590.100.1.2.215164923711360518726072743763983584569/000000.dcm,calc,train,1,MALIGNANT
P_02572,LEFT,CC,calcification,MALIGNANT,Calc-Training_P_02572_LEFT_CC/1.3.6.1.4.1.9590.100.1.2.202182547311532559519586953161595371087/1.3.6.1.4.1.9590.100.1.2.398227953312611741920008201231762883907/000000.dcm,calc,train,1,MALIGNANT
P_02572,LEFT,MLO,calcification,MALIGNANT,Calc-Training_P_02572_LEFT_MLO/1.3.6.1.4.1.9590.100.1.2.116304194613786976901391172412115666836/1.3.6.1.4.1.9590.100.1.2.83214077013602694030853818162549375527/000000.dcm,calc,train,1,MALIGNANT
P_02584,LEFT,CC,calcification,BENIGN,Calc-Training_P_02584_LEFT_CC/1.3.6.1.4.1.9590.100.1.2.140305054011667036029668430513140552918/1.3.6.1.4.1.9590.100.1.2.11403071312563907128675757372167498700/000000.dcm,calc,train,0,BENIGN
P_02584,LEFT,MLO,calcification,BENIGN,Calc-Training_P_02584_LEFT_MLO/1.3.6.1.4.1.9590.100.1.2.234695147113923706734547452500320590579/1.3.6.1.4.1.9590.100.1.2.197835155813429240930949618151320539237/000000.dcm,calc,train,0,BENIGN
P_00038,LEFT,CC,calcification,BENIGN,Calc-Test_P_00038_LEFT_CC/1.3.6.1.4.1.9590.100.1.2.85935434310203356712688695661986996009/1.3.6.1.4.1.9590.100.1.2.374115997511889073021386151921807063992/000000.dcm,calc,test,0,BENIGN
P_00038,LEFT,MLO,calcification,BENIGN,Calc-Test_P_00038_LEFT_MLO/1.3.6.1.4.1.9590.100.1.2.384159464510350889125645400702639717613/1.3.6.1.4.1.9590.100.1.2.174390361112646747718661211471328897934/000000.dcm,calc,test,0,BENIGN
P_00038,RIGHT,CC,calcification,BENIGN_WITHOUT_CALLBACK,Calc-Test_P_00038_RIGHT_CC/1.3.6.1.4.1.9590.100.1.2.177706148911820252341905176394069228468/1.3.6.1.4.1.9590.100.1.2.263861248711313923336051913560309963304/000000.dcm,calc,test,0,BENIGN
P_00038,RIGHT,CC,calcification,BENIGN_WITHOUT_CALLBACK,Calc-Test_P_00038_RIGHT_CC/1.3.6.1.4.1.9590.100.1.2.177706148911820252341905176394069228468/1.3.6.1.4.1.9590.100.1.2.263861248711313923336051913560309963304/000000.dcm,calc,test,0,BENIGN
P_00038,RIGHT,MLO,calcification,BENIGN_WITHOUT_CALLBACK,Calc-Test_P_00038_RIGHT_MLO/1.3.6.1.4.1.9590.100.1.2.328421320411501709324953698601549885215/1.3.6.1.4.1.9590.100.1.2.44262460211112930513355519060642708846/000000.dcm,calc,test,0,BENIGN
P_00038,RIGHT,MLO,calcification,BENIGN_WITHOUT_CALLBACK,Calc-Test_P_00038_RIGHT_MLO/1.3.6.1.4.1.9590.100.1.2.328421320411501709324953698601549885215/1.3.6.1.4.1.9590.100.1.2.44262460211112930513355519060642708846/000000.dcm,calc,test,0,BENIGN
P_00041,LEFT,CC,calcification,BENIGN_WITHOUT_CALLBACK,Calc-Test_P_00041_LEFT_CC/1.3.6.1.4.1.9590.100.1.2.69692063913639875309068650720468252275/1.3.6.1.4.1.9590.100.1.2.272917492411709393015036949944104292812/000000.dcm,calc,test,0,BENIGN
P_00041,LEFT,MLO,calcification,BENIGN_WITHOUT_CALLBACK,Calc-Test_P_00041_LEFT_MLO/1.3.6.1.4.1.9590.100.1.2.142141008410911067722208613271583980130/1.3.6.1.4.1.9590.100.1.2.214716350711587846302171252931002081387/000000.dcm,calc,test,0,BENIGN
P_00077,LEFT,CC,calcification,BENIGN_WITHOUT_CALLBACK,Calc-Test_P_00077_LEFT_CC/1.3.6.1.4.1.9590.100.1.2.171237778213286314004831596800955774428/1.3.6.1.4.1.9590.100.1.2.120762895113344405411143779050723940544/000000.dcm,calc,test,0,BENIGN
P_00077,LEFT,MLO,calcification,BENIGN_WITHOUT_CALLBACK,Calc-Test_P_00077_LEFT_MLO/1.3.6.1.4.1.9590.100.1.2.183241556612565531802314594842720002297/1.3.6.1.4.1.9590.100.1.2.69721320913248429509817283852233561951/000000.dcm,calc,test,0,BENIGN
P_00077,RIGHT,CC,calcification,BENIGN_WITHOUT_CALLBACK,Calc-Test_P_00077_RIGHT_CC/1.3.6.1.4.1.9590.100.1.2.15129196611219884010077462182303438195/1.3.6.1.4.1.9590.100.1.2.267340905912306939309266861160349187486/000000.dcm,calc,test,0,BENIGN
P_00077,RIGHT,CC,calcification,BENIGN_WITHOUT_CALLBACK,Calc-Test_P_00077_RIGHT_CC/1.3.6.1.4.1.9590.100.1.2.15129196611219884010077462182303438195/1.3.6.1.4.1.9590.100.1.2.267340905912306939309266861160349187486/000000.dcm,calc,test,0,BENIGN
P_00077,RIGHT,MLO,calcification,BENIGN_WITHOUT_CALLBACK,Calc-Test_P_00077_RIGHT_MLO/1.3.6.1.4.1.9590.100.1.2.365452443811764926000393384013009629026/1.3.6.1.4.1.9590.100.1.2.385318920211943956428747846422015934212/000000.dcm,calc,test,0,BENIGN
P_00077,RIGHT,MLO,calcification,BENIGN_WITHOUT_CALLBACK,Calc-Test_P_00077_RIGHT_MLO/1.3.6.1.4.1.9590.100.1.2.365452443811764926000393384013009629026/1.3.6.1.4.1.9590.100.1.2.385318920211943956428747846422015934212/000000.dcm,calc,test,0,BENIGN
P_00100,RIGHT,CC,calcification,BENIGN,Calc-Test_P_00100_RIGHT_CC/1.3.6.1.4.1.9590.100.1.2.230778565512681440620732773312948799985/1.3.6.1.4.1.9590.100.1.2.153667468610757963111534821171489110348/000000.dcm,calc,test,0,BENIGN
P_00100,RIGHT,MLO,calcification,BENIGN,Calc-Test_P_00100_RIGHT_MLO/1.3.6.1.4.1.9590.100.1.2.261621815911957508608887658251980280242/1.3.6.1.4.1.9590.100.1.2.15995324612513297805389764184183861099/000000.dcm,calc,test,0,BENIGN
P_00127,RIGHT,CC,calcification,MALIGNANT,Calc-Test_P_00127_RIGHT_CC/1.3.6.1.4.1.9590.100.1.2.238227987212757626039739516193166448220/1.3.6.1.4.1.9590.100.1.2.61347581410432668240174563181885281950/000000.dcm,calc,test,1,MALIGNANT
P_00127,RIGHT,MLO,calcification,MALIGNANT,Calc-Test_P_00127_RIGHT_MLO/1.3.6.1.4.1.9590.100.1.2.404823705712101112613641274052236131602/1.3.6.1.4.1.9590.100.1.2.90066757213729410240080160501989256297/000000.dcm,calc,test,1,MALIGNANT
P_00132,LEFT,MLO,calcification,BENIGN,Calc-Test_P_00132_LEFT_MLO/1.3.6.1.4.1.9590.100.1.2.194593510212058182320671200433557462264/1.3.6.1.4.1.9590.100.1.2.97077337711594266526257744642271450347/000000.dcm,calc,test,0,BENIGN
P_00140,LEFT,CC,calcification,BENIGN_WITHOUT_CALLBACK,Calc-Test_P_00140_LEFT_CC/1.3.6.1.4.1.9590.100.1.2.207673804211103557441193847251640642407/1.3.6.1.4.1.9590.100.1.2.274130392610570391808711256560834154926/000000.dcm,calc,test,0,BENIGN
P_00140,LEFT,CC,calcification,BENIGN_WITHOUT_CALLBACK,Calc-Test_P_00140_LEFT_CC/1.3.6.1.4.1.9590.100.1.2.207673804211103557441193847251640642407/1.3.6.1.4.1.9590.100.1.2.274130392610570391808711256560834154926/000000.dcm,calc,test,0,BENIGN
P_00140,LEFT,MLO,calcification,BENIGN_WITHOUT_CALLBACK,Calc-Test_P_00140_LEFT_MLO/1.3.6.1.4.1.9590.100.1.2.425425999111981459007730827801424873345/1.3.6.1.4.1.9590.100.1.2.160774588912073940140978200673940941357/000000.dcm,calc,test,0,BENIGN
P_00140,LEFT,MLO,calcification,BENIGN_WITHOUT_CALLBACK,Calc-Test_P_00140_LEFT_MLO/1.3.6.1.4.1.9590.100.1.2.425425999111981459007730827801424873345/1.3.6.1.4.1.9590.100.1.2.160774588912073940140978200673940941357/000000.dcm,calc,test,0,BENIGN
P_00140,RIGHT,CC,calcification,BENIGN_WITHOUT_CALLBACK,Calc-Test_P_00140_RIGHT_CC/1.3.6.1.4.1.9590.100.1.2.177361423111653944027713911481301007513/1.3.6.1.4.1.9590.100.1.2.166306213011523167100206271232508074491/000000.dcm,calc,test,0,BENIGN
P_00140,RIGHT,CC,calcification,BENIGN_WITHOUT_CALLBACK,Calc-Test_P_00140_RIGHT_CC/1.3.6.1.4.1.9590.100.1.2.177361423111653944027713911481301007513/1.3.6.1.4.1.9590.100.1.2.166306213011523167100206271232508074491/000000.dcm,calc,test,0,BENIGN
P_00140,RIGHT,MLO,calcification,BENIGN_WITHOUT_CALLBACK,Calc-Test_P_00140_RIGHT_MLO/1.3.6.1.4.1.9590.100.1.2.259749192511820032606351371581395160040/1.3.6.1.4.1.9590.100.1.2.330857446012977397138099882753167890565/000000.dcm,calc,test,0,BENIGN
P_00140,RIGHT,MLO,calcification,BENIGN_WITHOUT_CALLBACK,Calc-Test_P_00140_RIGHT_MLO/1.3.6.1.4.1.9590.100.1.2.259749192511820032606351371581395160040/1.3.6.1.4.1.9590.100.1.2.330857446012977397138099882753167890565/000000.dcm,calc,test,0,BENIGN
P_00141,LEFT,CC,calcification,BENIGN,Calc-Test_P_00141_LEFT_CC/1.3.6.1.4.1.9590.100.1.2.178857961212194190028926752161715518449/1.3.6.1.4.1.9590.100.1.2.31530197011146306721503417840497423357/000000.dcm,calc,test,0,BENIGN
P_00141,LEFT,MLO,calcification,BENIGN,Calc-Test_P_00141_LEFT_MLO/1.3.6.1.4.1.9590.100.1.2.270224245610185773912906395151111786420/1.3.6.1.4.1.9590.100.1.2.59895013913203402813556087471326658669/000000.dcm,calc,test,0,BENIGN
P_00150,RIGHT,MLO,calcification,MALIGNANT,Calc-Test_P_00150_RIGHT_MLO/1.3.6.1.4.1.9590.100.1.2.371331409111355117622350419550343065980/1.3.6.1.4.1.9590.100.1.2.114501333713829221314528651860576350917/000000.dcm,calc,test,1,MALIGNANT
P_00163,LEFT,CC,calcification,BENIGN,Calc-Test_P_00163_LEFT_CC/1.3.6.1.4.1.9590.100.1.2.102307995713574140823712861903467914035/1.3.6.1.4.1.9590.100.1.2.418134355612932102030136849102116704357/000000.dcm,calc,test,0,BENIGN
P_00163,LEFT,MLO,calcification,BENIGN,Calc-Test_P_00163_LEFT_MLO/1.3.6.1.4.1.9590.100.1.2.219084259611341474834321906141067760281/1.3.6.1.4.1.9590.100.1.2.355621977111644810605764135772022462045/000000.dcm,calc,test,0,BENIGN
P_00164,RIGHT,CC,calcification,MALIGNANT,Calc-Test_P_00164_RIGHT_CC/1.3.6.1.4.1.9590.100.1.2.198671590012596483413328889620965677973/1.3.6.1.4.1.9590.100.1.2.101282442711963955211635160453427358442/000000.dcm,calc,test,1,MALIGNANT
P_00180,LEFT,CC,calcification,BENIGN,Calc-Test_P_00180_LEFT_CC/1.3.6.1.4.1.9590.100.1.2.287610717311721764203396730160011631108/1.3.6.1.4.1.9590.100.1.2.313501247412013571402618592290816934705/000000.dcm,calc,test,0,BENIGN
P_00180,LEFT,MLO,calcification,BENIGN,Calc-Test_P_00180_LEFT_MLO/1.3.6.1.4.1.9590.100.1.2.321396330612179804323192201171828470785/1.3.6.1.4.1.9590.100.1.2.325115548612557564115565146981909824673/000000.dcm,calc,test,0,BENIGN
P_00195,LEFT,CC,calcification,BENIGN,Calc-Test_P_00195_LEFT_CC/1.3.6.1.4.1.9590.100.1.2.178135750213903258008337972962548515054/1.3.6.1.4.1.9590.100.1.2.343615285613423242513342939330313281342/000000.dcm,calc,test,0,BENIGN
P_00195,LEFT,MLO,calcification,BENIGN,Calc-Test_P_00195_LEFT_MLO/1.3.6.1.4.1.9590.100.1.2.381793985810299270821486811073079498503/1.3.6.1.4.1.9590.100.1.2.380273595512176626620212914250182855403/000000.dcm,calc,test,0,BENIGN
P_00202,RIGHT,CC,calcification,MALIGNANT,Calc-Test_P_00202_RIGHT_CC/1.3.6.1.4.1.9590.100.1.2.32737473111512049914158289192624777641/1.3.6.1.4.1.9590.100.1.2.178738814511944891404623704932278059093/000000.dcm,calc,test,1,MALIGNANT
P_00202,RIGHT,MLO,calcification,MALIGNANT,Calc-Test_P_00202_RIGHT_MLO/1.3.6.1.4.1.9590.100.1.2.159059499912798977416685315940491985806/1.3.6.1.4.1.9590.100.1.2.236005020611647513015797823113967432786/000000.dcm,calc,test,1,MALIGNANT
P_00214,LEFT,CC,calcification,BENIGN_WITHOUT_CALLBACK,Calc-Test_P_00214_LEFT_CC/1.3.6.1.4.1.9590.100.1.2.137523573912882333323301615572357720683/1.3.6.1.4.1.9590.100.1.2.266330922711278145820055051962759232884/000000.dcm,calc,test,0,BENIGN
P_00214,LEFT,CC,calcification,BENIGN_WITHOUT_CALLBACK,Calc-Test_P_00214_LEFT_CC/1.3.6.1.4.1.9590.100.1.2.137523573912882333323301615572357720683/1.3.6.1.4.1.9590.100.1.2.266330922711278145820055051962759232884/000000.dcm,calc,test,0,BENIGN
P_00214,LEFT,MLO,calcification,BENIGN_WITHOUT_CALLBACK,Calc-Test_P_00214_LEFT_MLO/1.3.6.1.4.1.9590.100.1.2.97636688910072791827259055401793701690/1.3.6.1.4.1.9590.100.1.2.9496122213546378401249829543613048892/000000.dcm,calc,test,0,BENIGN
P_00214,LEFT,MLO,calcification,BENIGN_WITHOUT_CALLBACK,Calc-Test_P_00214_LEFT_MLO/1.3.6.1.4.1.9590.100.1.2.97636688910072791827259055401793701690/1.3.6.1.4.1.9590.100.1.2.9496122213546378401249829543613048892/000000.dcm,calc,test,0,BENIGN
P_00214,RIGHT,MLO,calcification,BENIGN_WITHOUT_CALLBACK,Calc-Test_P_00214_RIGHT_MLO/1.3.6.1.4.1.9590.100.1.2.260524305712251372303831080133607578748/1.3.6.1.4.1.9590.100.1.2.257802487411496422520986169631379868842/000000.dcm,calc,test,0,BENIGN
P_00223,LEFT,MLO,calcification,BENIGN,Calc-Test_P_00223_LEFT_MLO/1.3.6.1.4.1.9590.100.1.2.146853945610803693227390929193249014373/1.3.6.1.4.1.9590.100.1.2.38417403411305189709180392301975041038/000000.dcm,calc,test,0,BENIGN
P_00244,RIGHT,MLO,calcification,MALIGNANT,Calc-Test_P_00244_RIGHT_MLO/1.3.6.1.4.1.9590.100.1.2.383565698912197538006474144320810912099/1.3.6.1.4.1.9590.100.1.2.336725446011932305309268778732891512151/000000.dcm,calc,test,1,MALIGNANT
P_00246,RIGHT,MLO,calcification,BENIGN,Calc-Test_P_00246_RIGHT_MLO/1.3.6.1.4.1.9590.100.1.2.378115250312337004138147429152188255726/1.3.6.1.4.1.9590.100.1.2.25530538411839768118282182472795553760/000000.dcm,calc,test,0,BENIGN
P_00257,RIGHT,CC,calcification,BENIGN,Calc-Test_P_00257_RIGHT_CC/1.3.6.1.4.1.9590.100.1.2.138480519711520954815403513652068382396/1.3.6.1.4.1.9590.100.1.2.347071301011925738002447241093455947230/000000.dcm,calc,test,0,BENIGN
P_00257,RIGHT,MLO,calcification,BENIGN,Calc-Test_P_00257_RIGHT_MLO/1.3.6.1.4.1.9590.100.1.2.409914573611683067919391940392991059926/1.3.6.1.4.1.9590.100.1.2.98676857111695015331891250542758735052/000000.dcm,calc,test,0,BENIGN
P_00299,LEFT,MLO,calcification,MALIGNANT,Calc-Test_P_00299_LEFT_MLO/1.3.6.1.4.1.9590.100.1.2.220589911711408027719817378662795765598/1.3.6.1.4.1.9590.100.1.2.273133994411552376714832534302635658142/000000.dcm,calc,test,1,MALIGNANT
P_00299,RIGHT,CC,calcification,MALIGNANT,Calc-Test_P_00299_RIGHT_CC/1.3.6.1.4.1.9590.100.1.2.360627140812181000302325633400741928747/1.3.6.1.4.1.9590.100.1.2.362975626410536426104116737502334904995/000000.dcm,calc,test,1,MALIGNANT
P_00299,RIGHT,MLO,calcification,MALIGNANT,Calc-Test_P_00299_RIGHT_MLO/1.3.6.1.4.1.9590.100.1.2.270688105911698227320897258811284365192/1.3.6.1.4.1.9590.100.1.2.88375747311155347030258851071324528043/000000.dcm,calc,test,1,MALIGNANT
P_00315,LEFT,MLO,calcification,BENIGN,Calc-Test_P_00315_LEFT_MLO/1.3.6.1.4.1.9590.100.1.2.39847900211195182809438409162128528951/1.3.6.1.4.1.9590.100.1.2.347338743012601624916824142262030859282/000000.dcm,calc,test,0,BENIGN
P_00325,RIGHT,MLO,calcification,BENIGN,Calc-Test_P_00325_RIGHT_MLO/1.3.6.1.4.1.9590.100.1.2.225381118011667165517633240460388031681/1.3.6.1.4.1.9590.100.1.2.381864286312364192418019132252494443296/000000.dcm,calc,test,0,BENIGN
P_00331,LEFT,CC,calcification,BENIGN,Calc-Test_P_00331_LEFT_CC/1.3.6.1.4.1.9590.100.1.2.94587276913288117014013001531510377359/1.3.6.1.4.1.9590.100.1.2.153281335513645539417766473510556793450/000000.dcm,calc,test,0,BENIGN
P_00331,LEFT,MLO,calcification,BENIGN,Calc-Test_P_00331_LEFT_MLO/1.3.6.1.4.1.9590.100.1.2.274672961811964168041957454202068941286/1.3.6.1.4.1.9590.100.1.2.78531327313921996726031305053323628358/000000.dcm,calc,test,0,BENIGN
P_00344,LEFT,CC,calcification,BENIGN,Calc-Test_P_00344_LEFT_CC/1.3.6.1.4.1.9590.100.1.2.383247321612538425133047909341371423843/1.3.6.1.4.1.9590.100.1.2.16538698211686486425718009862712591172/000000.dcm,calc,test,0,BENIGN
P_00344,LEFT,MLO,calcification,BENIGN,Calc-Test_P_00344_LEFT_MLO/1.3.6.1.4.1.9590.100.1.2.221038636911286553122543428433769386499/1.3.6.1.4.1.9590.100.1.2.219299223211070667010743548621793942263/000000.dcm,calc,test,0,BENIGN
P_00352,LEFT,CC,calcification,BENIGN,Calc-Test_P_00352_LEFT_CC/1.3.6.1.4.1.9590.100.1.2.310300550912276528928249391400745956354/1.3.6.1.4.1.9590.100.1.2.364769939511865969122167341301370556814/000000.dcm,calc,test,0,BENIGN
P_00352,LEFT,MLO,calcification,BENIGN,Calc-Test_P_00352_LEFT_MLO/1.3.6.1.4.1.9590.100.1.2.256541901513836436742459664780306594204/1.3.6.1.4.1.9590.100.1.2.397101994611349974417674059850771622939/000000.dcm,calc,test,0,BENIGN
P_00353,LEFT,CC,calcification,BENIGN,Calc-Test_P_00353_LEFT_CC/1.3.6.1.4.1.9590.100.1.2.145734018111291645519131313920862306101/1.3.6.1.4.1.9590.100.1.2.374083122712703142909330807542822451571/000000.dcm,calc,test,0,BENIGN
P_00353,LEFT,MLO,calcification,BENIGN,Calc-Test_P_00353_LEFT_MLO/1.3.6.1.4.1.9590.100.1.2.187901580911478669925012776200242918395/1.3.6.1.4.1.9590.100.1.2.204430961913085029114963861863064771359/000000.dcm,calc,test,0,BENIGN
P_00353,LEFT,CC,calcification,MALIGNANT,Calc-Test_P_00353_LEFT_CC/1.3.6.1.4.1.9590.100.1.2.145734018111291645519131313920862306101/1.3.6.1.4.1.9590.100.1.2.374083122712703142909330807542822451571/000000.dcm,calc,test,1,MALIGNANT
P_00353,LEFT,MLO,calcification,MALIGNANT,Calc-Test_P_00353_LEFT_MLO/1.3.6.1.4.1.9590.100.1.2.187901580911478669925012776200242918395/1.3.6.1.4.1.9590.100.1.2.204430961913085029114963861863064771359/000000.dcm,calc,test,1,MALIGNANT
P_00368,LEFT,CC,calcification,BENIGN,Calc-Test_P_00368_LEFT_CC/1.3.6.1.4.1.9590.100.1.2.308003609811708896140235956723425779820/1.3.6.1.4.1.9590.100.1.2.175382778511258946501326317242254559109/000000.dcm,calc,test,0,BENIGN
P_00368,LEFT,MLO,calcification,BENIGN,Calc-Test_P_00368_LEFT_MLO/1.3.6.1.4.1.9590.100.1.2.319503215512153643300238023023595618491/1.3.6.1.4.1.9590.100.1.2.6401091112997259908805705101363925774/000000.dcm,calc,test,0,BENIGN
P_00372,RIGHT,CC,calcification,MALIGNANT,Calc-Test_P_00372_RIGHT_CC/1.3.6.1.4.1.9590.100.1.2.60376963513152027018772589123150731619/1.3.6.1.4.1.9590.100.1.2.267714876311589393628890535711942443047/000000.dcm,calc,test,1,MALIGNANT
P_00372,RIGHT,MLO,calcification,MALIGNANT,Calc-Test_P_00372_RIGHT_MLO/1.3.6.1.4.1.9590.100.1.2.80570331612027159925670624090168062345/1.3.6.1.4.1.9590.100.1.2.56446728211851974029244450883139880921/000000.dcm,calc,test,1,MALIGNANT
P_00390,RIGHT,CC,calcification,MALIGNANT,Calc-Test_P_00390_RIGHT_CC/1.3.6.1.4.1.9590.100.1.2.422682780212684746129543550780888854247/1.3.6.1.4.1.9590.100.1.2.67473123611959273037195362662027403888/000000.dcm,calc,test,1,MALIGNANT
P_00390,RIGHT,MLO,calcification,MALIGNANT,Calc-Test_P_00390_RIGHT_MLO/1.3.6.1.4.1.9590.100.1.2.27636050111608558110247765761594906169/1.3.6.1.4.1.9590.100.1.2.358679916212113796016665468462812049600/000000.dcm,calc,test,1,MALIGNANT
P_00397,LEFT,CC,calcification,MALIGNANT,Calc-Test_P_00397_LEFT_CC/1.3.6.1.4.1.9590.100.1.2.417634930211569589030074763822962085198/1.3.6.1.4.1.9590.100.1.2.209300280410374447319412284721590506572/000000.dcm,calc,test,1,MALIGNANT
P_00402,RIGHT,CC,calcification,BENIGN_WITHOUT_CALLBACK,Calc-Test_P_00402_RIGHT_CC/1.3.6.1.4.1.9590.100.1.2.325159629011147920904797620932326904129/1.3.6.1.4.1.9590.100.1.2.195038125411006195533245648703882808947/000000.dcm,calc,test,0,BENIGN
P_00402,RIGHT,MLO,calcification,BENIGN_WITHOUT_CALLBACK,Calc-Test_P_00402_RIGHT_MLO/1.3.6.1.4.1.9590.100.1.2.158862305311323783304489460770486049839/1.3.6.1.4.1.9590.100.1.2.172660415211083198922346282250282946691/000000.dcm,calc,test,0,BENIGN
P_00403,RIGHT,CC,calcification,MALIGNANT,Calc-Test_P_00403_RIGHT_CC/1.3.6.1.4.1.9590.100.1.2.164172355312381123523986948410985369818/1.3.6.1.4.1.9590.100.1.2.308550737911523802806449145721212125433/000000.dcm,calc,test,1,MALIGNANT
P_00403,RIGHT,MLO,calcification,MALIGNANT,Calc-Test_P_00403_RIGHT_MLO/1.3.6.1.4.1.9590.100.1.2.204485836011508745902065501540691923219/1.3.6.1.4.1.9590.100.1.2.310621878711988704903716607162484515072/000000.dcm,calc,test,1,MALIGNANT
P_00460,LEFT,CC,calcification,BENIGN,Calc-Test_P_00460_LEFT_CC/1.3.6.1.4.1.9590.100.1.2.296568878212348566436245301113177379154/1.3.6.1.4.1.9590.100.1.2.90140760812082371129875283483750515253/000000.dcm,calc,test,0,BENIGN
P_00460,LEFT,MLO,calcification,BENIGN,Calc-Test_P_00460_LEFT_MLO/1.3.6.1.4.1.9590.100.1.2.339508427012094697011454647280685029289/1.3.6.1.4.1.9590.100.1.2.352549780613273821437164768190416109074/000000.dcm,calc,test,0,BENIGN
P_00466,LEFT,MLO,calcification,MALIGNANT,Calc-Test_P_00466_LEFT_MLO/1.3.6.1.4.1.9590.100.1.2.350011668613124409109651564843908171069/1.3.6.1.4.1.9590.100.1.2.3247354612054909430402543963868297656/000000.dcm,calc,test,1,MALIGNANT
P_00485,LEFT,CC,calcification,MALIGNANT,Calc-Test_P_00485_LEFT_CC/1.3.6.1.4.1.9590.100.1.2.299050269611436822102138604901211017517/1.3.6.1.4.1.9590.100.1.2.127896422011431355705216667061075429849/000000.dcm,calc,test,1,MALIGNANT
P_00485,LEFT,CC,calcification,MALIGNANT,Calc-Test_P_00485_LEFT_CC/1.3.6.1.4.1.9590.100.1.2.299050269611436822102138604901211017517/1.3.6.1.4.1.9590.100.1.2.127896422011431355705216667061075429849/000000.dcm,calc,test,1,MALIGNANT
P_00485,LEFT,CC,calcification,MALIGNANT,Calc-Test_P_00485_LEFT_CC/1.3.6.1.4.1.9590.100.1.2.299050269611436822102138604901211017517/1.3.6.1.4.1.9590.100.1.2.127896422011431355705216667061075429849/000000.dcm,calc,test,1,MALIGNANT
P_00485,LEFT,CC,calcification,MALIGNANT,Calc-Test_P_00485_LEFT_CC/1.3.6.1.4.1.9590.100.1.2.299050269611436822102138604901211017517/1.3.6.1.4.1.9590.100.1.2.127896422011431355705216667061075429849/000000.dcm,calc,test,1,MALIGNANT
P_00485,LEFT,CC,calcification,MALIGNANT,Calc-Test_P_00485_LEFT_CC/1.3.6.1.4.1.9590.100.1.2.299050269611436822102138604901211017517/1.3.6.1.4.1.9590.100.1.2.127896422011431355705216667061075429849/000000.dcm,calc,test,1,MALIGNANT
P_00485,LEFT,MLO,calcification,MALIGNANT,Calc-Test_P_00485_LEFT_MLO/1.3.6.1.4.1.9590.100.1.2.323204931110444933642472772080259688676/1.3.6.1.4.1.9590.100.1.2.41576445910017924501198330182143430811/000000.dcm,calc,test,1,MALIGNANT
P_00495,RIGHT,CC,calcification,BENIGN_WITHOUT_CALLBACK,Calc-Test_P_00495_RIGHT_CC/1.3.6.1.4.1.9590.100.1.2.20165361412203509801020579063031038923/1.3.6.1.4.1.9590.100.1.2.204340788011772153840832869381951396003/000000.dcm,calc,test,0,BENIGN
P_00495,RIGHT,CC,calcification,BENIGN_WITHOUT_CALLBACK,Calc-Test_P_00495_RIGHT_CC/1.3.6.1.4.1.9590.100.1.2.20165361412203509801020579063031038923/1.3.6.1.4.1.9590.100.1.2.204340788011772153840832869381951396003/000000.dcm,calc,test,0,BENIGN
P_00495,RIGHT,MLO,calcification,BENIGN_WITHOUT_CALLBACK,Calc-Test_P_00495_RIGHT_MLO/1.3.6.1.4.1.9590.100.1.2.304325810511113638229546218523083837538/1.3.6.1.4.1.9590.100.1.2.46022236911789431731325175472242267906/000000.dcm,calc,test,0,BENIGN
P_00495,RIGHT,MLO,calcification,BENIGN_WITHOUT_CALLBACK,Calc-Test_P_00495_RIGHT_MLO/1.3.6.1.4.1.9590.100.1.2.304325810511113638229546218523083837538/1.3.6.1.4.1.9590.100.1.2.46022236911789431731325175472242267906/000000.dcm,calc,test,0,BENIGN
P_00497,LEFT,CC,calcification,MALIGNANT,Calc-Test_P_00497_LEFT_CC/1.3.6.1.4.1.9590.100.1.2.279229856411469372607467262930297060238/1.3.6.1.4.1.9590.100.1.2.10934298311067781740288275432644531576/000000.dcm,calc,test,1,MALIGNANT
P_00497,LEFT,MLO,calcification,MALIGNANT,Calc-Test_P_00497_LEFT_MLO/1.3.6.1.4.1.9590.100.1.2.100742355113831624803390319643765691480/1.3.6.1.4.1.9590.100.1.2.70985143510653524008930802050422673389/000000.dcm,calc,test,1,MALIGNANT
P_00537,RIGHT,MLO,calcification,MALIGNANT,Calc-Test_P_00537_RIGHT_MLO/1.3.6.1.4.1.9590.100.1.2.353232060412887840613559724961749434842/1.3.6.1.4.1.9590.100.1.2.295074553711467509004234310912016105812/000000.dcm,calc,test,1,MALIGNANT
P_00562,LEFT,CC,calcification,BENIGN_WITHOUT_CALLBACK,Calc-Test_P_00562_LEFT_CC/1.3.6.1.4.1.9590.100.1.2.111155507210454361036615571531588713097/1.3.6.1.4.1.9590.100.1.2.423362291613867583614352145134188311824/000000.dcm,calc,test,0,BENIGN
P_00562,LEFT,CC,calcification,BENIGN_WITHOUT_CALLBACK,Calc-Test_P_00562_LEFT_CC/1.3.6.1.4.1.9590.100.1.2.111155507210454361036615571531588713097/1.3.6.1.4.1.9590.100.1.2.423362291613867583614352145134188311824/000000.dcm,calc,test,0,BENIGN
P_00562,LEFT,MLO,calcification,BENIGN_WITHOUT_CALLBACK,Calc-Test_P_00562_LEFT_MLO/1.3.6.1.4.1.9590.100.1.2.69457994312524151513979580231966793621/1.3.6.1.4.1.9590.100.1.2.38392550711685613036629925172762052505/000000.dcm,calc,test,0,BENIGN
P_00562,LEFT,MLO,calcification,BENIGN_WITHOUT_CALLBACK,Calc-Test_P_00562_LEFT_MLO/1.3.6.1.4.1.9590.100.1.2.69457994312524151513979580231966793621/1.3.6.1.4.1.9590.100.1.2.38392550711685613036629925172762052505/000000.dcm,calc,test,0,BENIGN
P_00562,RIGHT,CC,calcification,BENIGN_WITHOUT_CALLBACK,Calc-Test_P_00562_RIGHT_CC/1.3.6.1.4.1.9590.100.1.2.194327245612327574631584183283221072833/1.3.6.1.4.1.9590.100.1.2.185156161812217421816754789663493863503/000000.dcm,calc,test,0,BENIGN
P_00562,RIGHT,MLO,calcification,BENIGN_WITHOUT_CALLBACK,Calc-Test_P_00562_RIGHT_MLO/1.3.6.1.4.1.9590.100.1.2.239899310610963518903279284760707938563/1.3.6.1.4.1.9590.100.1.2.398972365411034290001921322240245033267/000000.dcm,calc,test,0,BENIGN
P_00570,LEFT,MLO,calcification,MALIGNANT,Calc-Test_P_00570_LEFT_MLO/1.3.6.1.4.1.9590.100.1.2.83223259511469927522307383133522923242/1.3.6.1.4.1.9590.100.1.2.323546184912772856836256667373341364590/000000.dcm,calc,test,1,MALIGNANT
P_00579,LEFT,MLO,calcification,BENIGN,Calc-Test_P_00579_LEFT_MLO/1.3.6.1.4.1.9590.100.1.2.12359791211506399609906922340877927421/1.3.6.1.4.1.9590.100.1.2.299021344312689790125182609072928955904/000000.dcm,calc,test,0,BENIGN
P_00589,LEFT,CC,calcification,BENIGN,Calc-Test_P_00589_LEFT_CC/1.3.6.1.4.1.9590.100.1.2.99648655512190063432962093182131404583/1.3.6.1.4.1.9590.100.1.2.178203594513520416601754679041093350921/000000.dcm,calc,test,0,BENIGN
P_00589,LEFT,MLO,calcification,BENIGN,Calc-Test_P_00589_LEFT_MLO/1.3.6.1.4.1.9590.100.1.2.342771471811699662622463353882627418699/1.3.6.1.4.1.9590.100.1.2.147398241412716944210846493583224406915/000000.dcm,calc,test,0,BENIGN
P_00608,LEFT,CC,calcification,BENIGN,Calc-Test_P_00608_LEFT_CC/1.3.6.1.4.1.9590.100.1.2.63070837510649910605859557733146564794/1.3.6.1.4.1.9590.100.1.2.27635194012994443918230980433628850921/000000.dcm,calc,test,0,BENIGN
P_00608,LEFT,MLO,calcification,BENIGN,Calc-Test_P_00608_LEFT_MLO/1.3.6.1.4.1.9590.100.1.2.337489285812819748708949945881582065732/1.3.6.1.4.1.9590.100.1.2.328813540111033672118264518851392096230/000000.dcm,calc,test,0,BENIGN
P_00620,LEFT,CC,calcification,BENIGN,Calc-Test_P_00620_LEFT_CC/1.3.6.1.4.1.9590.100.1.2.167081065611157317909859951713169644410/1.3.6.1.4.1.9590.100.1.2.381508040913986276600262854411933294300/000000.dcm,calc,test,0,BENIGN
P_00643,LEFT,CC,calcification,MALIGNANT,Calc-Test_P_00643_LEFT_CC/1.3.6.1.4.1.9590.100.1.2.230979065312612120226728096193722464188/1.3.6.1.4.1.9590.100.1.2.26657663513211061129491770023656595497/000000.dcm,calc,test,1,MALIGNANT
P_00643,LEFT,MLO,calcification,MALIGNANT,Calc-Test_P_00643_LEFT_MLO/1.3.6.1.4.1.9590.100.1.2.284473898611276752334462089422643786461/1.3.6.1.4.1.9590.100.1.2.207615672611078372304359064633419264695/000000.dcm,calc,test,1,MALIGNANT
P_00646,LEFT,CC,calcification,MALIGNANT,Calc-Test_P_00646_LEFT_CC/1.3.6.1.4.1.9590.100.1.2.276580319512482017112087809851070904488/1.3.6.1.4.1.9590.100.1.2.201900144112692193329882284933361168505/000000.dcm,calc,test,1,MALIGNANT
P_00646,LEFT,MLO,calcification,MALIGNANT,Calc-Test_P_00646_LEFT_MLO/1.3.6.1.4.1.9590.100.1.2.415728842912524993710735863230541734435/1.3.6.1.4.1.9590.100.1.2.361584349611712293811818254201276987450/000000.dcm,calc,test,1,MALIGNANT
P_00649,LEFT,CC,calcification,BENIGN,Calc-Test_P_00649_LEFT_CC/1.3.6.1.4.1.9590.100.1.2.300445504112290483809408180592615083543/1.3.6.1.4.1.9590.100.1.2.327558684211044311135382439882629388974/000000.dcm,calc,test,0,BENIGN
P_00649,LEFT,MLO,calcification,BENIGN,Calc-Test_P_00649_LEFT_MLO/1.3.6.1.4.1.9590.100.1.2.301034222513314771404207384623917780841/1.3.6.1.4.1.9590.100.1.2.120248097712357420920838888041500811658/000000.dcm,calc,test,0,BENIGN
P_00663,RIGHT,CC,calcification,BENIGN,Calc-Test_P_00663_RIGHT_CC/1.3.6.1.4.1.9590.100.1.2.291674815812685444235848341900544472773/1.3.6.1.4.1.9590.100.1.2.222776680012290883524152052802809041134/000000.dcm,calc,test,0,BENIGN
P_00663,RIGHT,MLO,calcification,BENIGN,Calc-Test_P_00663_RIGHT_MLO/1.3.6.1.4.1.9590.100.1.2.117273555513397540314613915240083079645/1.3.6.1.4.1.9590.100.1.2.372134991510103017329822911161277721811/000000.dcm,calc,test,0,BENIGN
P_00678,LEFT,CC,calcification,MALIGNANT,Calc-Test_P_00678_LEFT_CC/1.3.6.1.4.1.9590.100.1.2.127415929312579455004224910450039734971/1.3.6.1.4.1.9590.100.1.2.372100487212307617337916970870693186194/000000.dcm,calc,test,1,MALIGNANT
P_00679,LEFT,CC,calcification,BENIGN,Calc-Test_P_00679_LEFT_CC/1.3.6.1.4.1.9590.100.1.2.366671378311899590803287837891847465328/1.3.6.1.4.1.9590.100.1.2.278653392512115028431750916380717953781/000000.dcm,calc,test,0,BENIGN
P_00679,LEFT,MLO,calcification,BENIGN,Calc-Test_P_00679_LEFT_MLO/1.3.6.1.4.1.9590.100.1.2.282349517811008325011967010832670315846/1.3.6.1.4.1.9590.100.1.2.342217234411210226420334859812495643986/000000.dcm,calc,test,0,BENIGN
P_00681,LEFT,CC,calcification,MALIGNANT,Calc-Test_P_00681_LEFT_CC/1.3.6.1.4.1.9590.100.1.2.149795761012382228435550422301735223213/1.3.6.1.4.1.9590.100.1.2.313183605812288400210542693673573539435/000000.dcm,calc,test,1,MALIGNANT
P_00681,LEFT,MLO,calcification,MALIGNANT,Calc-Test_P_00681_LEFT_MLO/1.3.6.1.4.1.9590.100.1.2.401386485112776823042506118922871821529/1.3.6.1.4.1.9590.100.1.2.334072203811356693408315316632134728035/000000.dcm,calc,test,1,MALIGNANT
P_00686,RIGHT,MLO,calcification,MALIGNANT,Calc-Test_P_00686_RIGHT_MLO/1.3.6.1.4.1.9590.100.1.2.146749192912279852900964962583791907923/1.3.6.1.4.1.9590.100.1.2.258241989811730836203174928821890742890/000000.dcm,calc,test,1,MALIGNANT
P_00723,LEFT,MLO,calcification,BENIGN,Calc-Test_P_00723_LEFT_MLO/1.3.6.1.4.1.9590.100.1.2.280282854712516550127180036273439417298/1.3.6.1.4.1.9590.100.1.2.350980850311147753010286012372415981452/000000.dcm,calc,test,0,BENIGN
P_00723,LEFT,MLO,calcification,BENIGN,Calc-Test_P_00723_LEFT_MLO/1.3.6.1.4.1.9590.100.1.2.280282854712516550127180036273439417298/1.3.6.1.4.1.9590.100.1.2.350980850311147753010286012372415981452/000000.dcm,calc,test,0,BENIGN
P_00723,LEFT,MLO,calcification,BENIGN,Calc-Test_P_00723_LEFT_MLO/1.3.6.1.4.1.9590.100.1.2.280282854712516550127180036273439417298/1.3.6.1.4.1.9590.100.1.2.350980850311147753010286012372415981452/000000.dcm,calc,test,0,BENIGN
P_00753,LEFT,CC,calcification,BENIGN,Calc-Test_P_00753_LEFT_CC/1.3.6.1.4.1.9590.100.1.2.123633891312170882524283404110751092560/1.3.6.1.4.1.9590.100.1.2.39101607512452434727939519280062962297/000000.dcm,calc,test,0,BENIGN
P_00753,LEFT,MLO,calcification,BENIGN,Calc-Test_P_00753_LEFT_MLO/1.3.6.1.4.1.9590.100.1.2.389607190311691364337917577420979627443/1.3.6.1.4.1.9590.100.1.2.6780922211318864702805126890910221307/000000.dcm,calc,test,0,BENIGN
P_00774,RIGHT,CC,calcification,BENIGN,Calc-Test_P_00774_RIGHT_CC/1.3.6.1.4.1.9590.100.1.2.243980568812610421224693162660919799406/1.3.6.1.4.1.9590.100.1.2.104540687813176285233314643571726790076/000000.dcm,calc,test,0,BENIGN
P_00774,RIGHT,MLO,calcification,BENIGN,Calc-Test_P_00774_RIGHT_MLO/1.3.6.1.4.1.9590.100.1.2.212055456312136968030711023701509304773/1.3.6.1.4.1.9590.100.1.2.175279244011756314804038340243723212701/000000.dcm,calc,test,0,BENIGN
P_00789,LEFT,MLO,calcification,BENIGN,Calc-Test_P_00789_LEFT_MLO/1.3.6.1.4.1.9590.100.1.2.182643481812945844717105424991770326682/1.3.6.1.4.1.9590.100.1.2.104466989412721388217575474423818806809/000000.dcm,calc,test,0,BENIGN
P_00790,RIGHT,CC,calcification,BENIGN,Calc-Test_P_00790_RIGHT_CC/1.3.6.1.4.1.9590.100.1.2.413939495011739418518368557010595768675/1.3.6.1.4.1.9590.100.1.2.266668994511844400418584940952690755805/000000.dcm,calc,test,0,BENIGN
P_00790,RIGHT,MLO,calcification,BENIGN,Calc-Test_P_00790_RIGHT_MLO/1.3.6.1.4.1.9590.100.1.2.426012417511024328222275987490616064424/1.3.6.1.4.1.9590.100.1.2.266700784012701640307753548100706466231/000000.dcm,calc,test,0,BENIGN
P_00795,LEFT,CC,calcification,BENIGN_WITHOUT_CALLBACK,Calc-Test_P_00795_LEFT_CC/1.3.6.1.4.1.9590.100.1.2.41733019112562898531333003963499315006/1.3.6.1.4.1.9590.100.1.2.249304342210593400116888063231773492982/000000.dcm,calc,test,0,BENIGN
P_00795,LEFT,MLO,calcification,BENIGN_WITHOUT_CALLBACK,Calc-Test_P_00795_LEFT_MLO/1.3.6.1.4.1.9590.100.1.2.40700850911815006105474208243227495778/1.3.6.1.4.1.9590.100.1.2.356001752412844812926132988192419755358/000000.dcm,calc,test,0,BENIGN
P_00811,LEFT,CC,calcification,BENIGN,Calc-Test_P_00811_LEFT_CC/1.3.6.1.4.1.9590.100.1.2.253527076512328544404503315351533130847/1.3.6.1.4.1.9590.100.1.2.272230846811005623727075675251389323749/000000.dcm,calc,test,0,BENIGN
P_00827,RIGHT,CC,calcification,MALIGNANT,Calc-Test_P_00827_RIGHT_CC/1.3.6.1.4.1.9590.100.1.2.93881535910818370606107380921347869014/1.3.6.1.4.1.9590.100.1.2.320532241710917213922153243164201936113/000000.dcm,calc,test,1,MALIGNANT
P_00827,RIGHT,MLO,calcification,MALIGNANT,Calc-Test_P_00827_RIGHT_MLO/1.3.6.1.4.1.9590.100.1.2.342814373112091739837272920620642575641/1.3.6.1.4.1.9590.100.1.2.395398550912272064427742516920933429414/000000.dcm,calc,test,1,MALIGNANT
P_00843,RIGHT,CC,calcification,BENIGN,Calc-Test_P_00843_RIGHT_CC/1.3.6.1.4.1.9590.100.1.2.353623714212270410029401100031811570347/1.3.6.1.4.1.9590.100.1.2.320081757012647248827679269182135595408/000000.dcm,calc,test,0,BENIGN
P_00843,RIGHT,MLO,calcification,BENIGN,Calc-Test_P_00843_RIGHT_MLO/1.3.6.1.4.1.9590.100.1.2.63047875312315244230531201662188503679/1.3.6.1.4.1.9590.100.1.2.276693828711781228341905744712757652395/000000.dcm,calc,test,0,BENIGN
P_00857,RIGHT,CC,calcification,MALIGNANT,Calc-Test_P_00857_RIGHT_CC/1.3.6.1.4.1.9590.100.1.2.361093254012684751801981981600002809111/1.3.6.1.4.1.9590.100.1.2.216584034910216581917633911380663041741/000000.dcm,calc,test,1,MALIGNANT
P_00857,RIGHT,MLO,calcification,MALIGNANT,Calc-Test_P_00857_RIGHT_MLO/1.3.6.1.4.1.9590.100.1.2.332781824411808008629622281582530903962/1.3.6.1.4.1.9590.100.1.2.425921331313490368937021853843286203074/000000.dcm,calc,test,1,MALIGNANT
P_00876,LEFT,CC,calcification,MALIGNANT,Calc-Test_P_00876_LEFT_CC/1.3.6.1.4.1.9590.100.1.2.368293794312836829628399532823842261147/1.3.6.1.4.1.9590.100.1.2.98523535211426976240022345172310159164/000000.dcm,calc,test,1,MALIGNANT
P_00876,LEFT,MLO,calcification,MALIGNANT,Calc-Test_P_00876_LEFT_MLO/1.3.6.1.4.1.9590.100.1.2.340973300312876125534443670252328941631/1.3.6.1.4.1.9590.100.1.2.415994872513300105340941466980763411213/000000.dcm,calc,test,1,MALIGNANT
P_00879,RIGHT,CC,calcification,MALIGNANT,Calc-Test_P_00879_RIGHT_CC/1.3.6.1.4.1.9590.100.1.2.417482288313791150135455215410240635390/1.3.6.1.4.1.9590.100.1.2.272770478311026093500138210570729146945/000000.dcm,calc,test,1,MALIGNANT
P_00879,RIGHT,MLO,calcification,MALIGNANT,Calc-Test_P_00879_RIGHT_MLO/1.3.6.1.4.1.9590.100.1.2.81180645411586991032035808541154758712/1.3.6.1.4.1.9590.100.1.2.267560012613881821129357288221133939513/000000.dcm,calc,test,1,MALIGNANT
P_00905,RIGHT,CC,calcification,BENIGN_WITHOUT_CALLBACK,Calc-Test_P_00905_RIGHT_CC/1.3.6.1.4.1.9590.100.1.2.142923146111377383331788747603401389926/1.3.6.1.4.1.9590.100.1.2.100918565011624154113353240323776636898/000000.dcm,calc,test,0,BENIGN
P_00905,RIGHT,MLO,calcification,BENIGN_WITHOUT_CALLBACK,Calc-Test_P_00905_RIGHT_MLO/1.3.6.1.4.1.9590.100.1.2.220102779010677609315644648180126437868/1.3.6.1.4.1.9590.100.1.2.148153754311223758704203455231205410649/000000.dcm,calc,test,0,BENIGN
P_00906,LEFT,CC,calcification,MALIGNANT,Calc-Test_P_00906_LEFT_CC/1.3.6.1.4.1.9590.100.1.2.426707115311751522923965523402253683260/1.3.6.1.4.1.9590.100.1.2.347638803413652667241334805823508662197/000000.dcm,calc,test,1,MALIGNANT
P_00906,LEFT,MLO,calcification,MALIGNANT,Calc-Test_P_00906_LEFT_MLO/1.3.6.1.4.1.9590.100.1.2.176149605411033662842785998622704600078/1.3.6.1.4.1.9590.100.1.2.364576182310649275205059995013616705815/000000.dcm,calc,test,1,MALIGNANT
P_00906,LEFT,MLO,calcification,MALIGNANT,Calc-Test_P_00906_LEFT_MLO/1.3.6.1.4.1.9590.100.1.2.176149605411033662842785998622704600078/1.3.6.1.4.1.9590.100.1.2.364576182310649275205059995013616705815/000000.dcm,calc,test,1,MALIGNANT
P_00919,RIGHT,CC,calcification,MALIGNANT,Calc-Test_P_00919_RIGHT_CC/1.3.6.1.4.1.9590.100.1.2.173107039412126769918965892330898119979/1.3.6.1.4.1.9590.100.1.2.88284694012167036205087761142037678527/000000.dcm,calc,test,1,MALIGNANT
P_00919,RIGHT,MLO,calcification,MALIGNANT,Calc-Test_P_00919_RIGHT_MLO/1.3.6.1.4.1.9590.100.1.2.240737565411112826820217558142009835920/1.3.6.1.4.1.9590.100.1.2.145650382112026145738282049673120976390/000000.dcm,calc,test,1,MALIGNANT
P_00974,RIGHT,CC,calcification,MALIGNANT,Calc-Test_P_00974_RIGHT_CC/1.3.6.1.4.1.9590.100.1.2.381567857211194308311259910772774602727/1.3.6.1.4.1.9590.100.1.2.312214170811234134831647976241196186417/000000.dcm,calc,test,1,MALIGNANT
P_00974,RIGHT,MLO,calcification,MALIGNANT,Calc-Test_P_00974_RIGHT_MLO/1.3.6.1.4.1.9590.100.1.2.126111927211360364414144134413561038770/1.3.6.1.4.1.9590.100.1.2.334977603611925108021705225093719210746/000000.dcm,calc,test,1,MALIGNANT
P_01004,LEFT,CC,calcification,BENIGN,Calc-Test_P_01004_LEFT_CC/1.3.6.1.4.1.9590.100.1.2.343143728710645430835525098694189608662/1.3.6.1.4.1.9590.100.1.2.258246263812583145913706029001213151162/000000.dcm,calc,test,0,BENIGN
P_01004,LEFT,CC,calcification,BENIGN,Calc-Test_P_01004_LEFT_CC/1.3.6.1.4.1.9590.100.1.2.343143728710645430835525098694189608662/1.3.6.1.4.1.9590.100.1.2.258246263812583145913706029001213151162/000000.dcm,calc,test,0,BENIGN
P_01004,LEFT,MLO,calcification,BENIGN,Calc-Test_P_01004_LEFT_MLO/1.3.6.1.4.1.9590.100.1.2.246307446412719162403593647552070372169/1.3.6.1.4.1.9590.100.1.2.361615590810593169621794397493992450457/000000.dcm,calc,test,0,BENIGN
P_01004,LEFT,MLO,calcification,BENIGN,Calc-Test_P_01004_LEFT_MLO/1.3.6.1.4.1.9590.100.1.2.246307446412719162403593647552070372169/1.3.6.1.4.1.9590.100.1.2.361615590810593169621794397493992450457/000000.dcm,calc,test,0,BENIGN
P_01006,LEFT,CC,calcification,BENIGN,Calc-Test_P_01006_LEFT_CC/1.3.6.1.4.1.9590.100.1.2.10832087713189401040814263432196046095/1.3.6.1.4.1.9590.100.1.2.242916615411539131418258364482174881460/000000.dcm,calc,test,0,BENIGN
P_01006,LEFT,MLO,calcification,BENIGN,Calc-Test_P_01006_LEFT_MLO/1.3.6.1.4.1.9590.100.1.2.425512366813778444636145555313386524100/1.3.6.1.4.1.9590.100.1.2.227319748412243756920332645432788989156/000000.dcm,calc,test,0,BENIGN
P_01022,LEFT,CC,calcification,BENIGN,Calc-Test_P_01022_LEFT_CC/1.3.6.1.4.1.9590.100.1.2.25334768911858826101079174702377178941/1.3.6.1.4.1.9590.100.1.2.81537844011110021425740468903397729169/000000.dcm,calc,test,0,BENIGN
P_01022,LEFT,MLO,calcification,BENIGN,Calc-Test_P_01022_LEFT_MLO/1.3.6.1.4.1.9590.100.1.2.415322967111147284839344646543638715081/1.3.6.1.4.1.9590.100.1.2.166059636612391779430407668611634437956/000000.dcm,calc,test,0,BENIGN
P_01030,RIGHT,CC,calcification,BENIGN_WITHOUT_CALLBACK,Calc-Test_P_01030_RIGHT_CC/1.3.6.1.4.1.9590.100.1.2.372739902412408589212667852042931575284/1.3.6.1.4.1.9590.100.1.2.391683051613386189935720165611428552711/000000.dcm,calc,test,0,BENIGN
P_01030,RIGHT,CC,calcification,BENIGN_WITHOUT_CALLBACK,Calc-Test_P_01030_RIGHT_CC/1.3.6.1.4.1.9590.100.1.2.372739902412408589212667852042931575284/1.3.6.1.4.1.9590.100.1.2.391683051613386189935720165611428552711/000000.dcm,calc,test,0,BENIGN
P_01030,RIGHT,MLO,calcification,BENIGN_WITHOUT_CALLBACK,Calc-Test_P_01030_RIGHT_MLO/1.3.6.1.4.1.9590.100.1.2.125171114311395562424345312604170887749/1.3.6.1.4.1.9590.100.1.2.228145110911907288720511663481487304924/000000.dcm,calc,test,0,BENIGN
P_01030,RIGHT,MLO,calcification,BENIGN_WITHOUT_CALLBACK,Calc-Test_P_01030_RIGHT_MLO/1.3.6.1.4.1.9590.100.1.2.125171114311395562424345312604170887749/1.3.6.1.4.1.9590.100.1.2.228145110911907288720511663481487304924/000000.dcm,calc,test,0,BENIGN
P_01042,RIGHT,CC,calcification,BENIGN,Calc-Test_P_01042_RIGHT_CC/1.3.6.1.4.1.9590.100.1.2.422898146812522687706693139230215721605/1.3.6.1.4.1.9590.100.1.2.395570681610439987340696600672010589170/000000.dcm,calc,test,0,BENIGN
P_01042,RIGHT,MLO,calcification,BENIGN,Calc-Test_P_01042_RIGHT_MLO/1.3.6.1.4.1.9590.100.1.2.248509901012925174138674047021980100731/1.3.6.1.4.1.9590.100.1.2.403681910711995479332703845483897577498/000000.dcm,calc,test,0,BENIGN
P_01050,LEFT,MLO,calcification,MALIGNANT,Calc-Test_P_01050_LEFT_MLO/1.3.6.1.4.1.9590.100.1.2.363998200112214044803426133823527273191/1.3.6.1.4.1.9590.100.1.2.266057194011548503500277838530918587668/000000.dcm,calc,test,1,MALIGNANT
P_01058,LEFT,CC,calcification,MALIGNANT,Calc-Test_P_01058_LEFT_CC/1.3.6.1.4.1.9590.100.1.2.350670653913915487341009434912226109749/1.3.6.1.4.1.9590.100.1.2.292169530111247803935562444153334719959/000000.dcm,calc,test,1,MALIGNANT
P_01058,LEFT,MLO,calcification,MALIGNANT,Calc-Test_P_01058_LEFT_MLO/1.3.6.1.4.1.9590.100.1.2.13036732211983416626535648603564485107/1.3.6.1.4.1.9590.100.1.2.139234401912454853221162894091529331263/000000.dcm,calc,test,1,MALIGNANT
P_01067,LEFT,CC,calcification,MALIGNANT,Calc-Test_P_01067_LEFT_CC/1.3.6.1.4.1.9590.100.1.2.78453398313108214029556896190856300104/1.3.6.1.4.1.9590.100.1.2.298591358112389573933241333071320631226/000000.dcm,calc,test,1,MALIGNANT
P_01067,LEFT,MLO,calcification,MALIGNANT,Calc-Test_P_01067_LEFT_MLO/1.3.6.1.4.1.9590.100.1.2.71240354911240069619554866290787761546/1.3.6.1.4.1.9590.100.1.2.211070236113046135134232075612052632700/000000.dcm,calc,test,1,MALIGNANT
P_01092,LEFT,CC,calcification,MALIGNANT,Calc-Test_P_01092_LEFT_CC/1.3.6.1.4.1.9590.100.1.2.408784559310349097918785598800565073448/1.3.6.1.4.1.9590.100.1.2.338204254512905599801512316432558624111/000000.dcm,calc,test,1,MALIGNANT
P_01092,LEFT,MLO,calcification,MALIGNANT,Calc-Test_P_01092_LEFT_MLO/1.3.6.1.4.1.9590.100.1.2.261982430812211641109050981540277617901/1.3.6.1.4.1.9590.100.1.2.214166513113616613919423648413903167843/000000.dcm,calc,test,1,MALIGNANT
P_01132,RIGHT,MLO,calcification,BENIGN,Calc-Test_P_01132_RIGHT_MLO/1.3.6.1.4.1.9590.100.1.2.75227176310537373817413019372336706706/1.3.6.1.4.1.9590.100.1.2.355039344211680815811022995271493871180/000000.dcm,calc,test,0,BENIGN
P_01148,RIGHT,MLO,calcification,MALIGNANT,Calc-Test_P_01148_RIGHT_MLO/1.3.6.1.4.1.9590.100.1.2.143668172211077640031848470364196848191/1.3.6.1.4.1.9590.100.1.2.48235869613388680639353952591204777460/000000.dcm,calc,test,1,MALIGNANT
P_01152,RIGHT,CC,calcification,BENIGN,Calc-Test_P_01152_RIGHT_CC/1.3.6.1.4.1.9590.100.1.2.204786255511122417607202046723320885062/1.3.6.1.4.1.9590.100.1.2.172930807011519106941584787631508021781/000000.dcm,calc,test,0,BENIGN
P_01152,RIGHT,MLO,calcification,BENIGN,Calc-Test_P_01152_RIGHT_MLO/1.3.6.1.4.1.9590.100.1.2.224940358711959912716061746282663742362/1.3.6.1.4.1.9590.100.1.2.194868667012564968127301658993026023368/000000.dcm,calc,test,0,BENIGN
P_01154,LEFT,CC,calcification,MALIGNANT,Calc-Test_P_01154_LEFT_CC/1.3.6.1.4.1.9590.100.1.2.38434568011148679939266525680813891853/1.3.6.1.4.1.9590.100.1.2.357490460210917364340593250791346941826/000000.dcm,calc,test,1,MALIGNANT
P_01154,LEFT,MLO,calcification,MALIGNANT,Calc-Test_P_01154_LEFT_MLO/1.3.6.1.4.1.9590.100.1.2.77204257811479504605208821031245153940/1.3.6.1.4.1.9590.100.1.2.225893167712705639706899641612088401339/000000.dcm,calc,test,1,MALIGNANT
P_01157,RIGHT,CC,calcification,MALIGNANT,Calc-Test_P_01157_RIGHT_CC/1.3.6.1.4.1.9590.100.1.2.100748083311966269017559056723646926469/1.3.6.1.4.1.9590.100.1.2.72383022911471764215831884112935668418/000000.dcm,calc,test,1,MALIGNANT
P_01157,RIGHT,MLO,calcification,MALIGNANT,Calc-Test_P_01157_RIGHT_MLO/1.3.6.1.4.1.9590.100.1.2.156250805510260461331403667791893533800/1.3.6.1.4.1.9590.100.1.2.266949150813710405325980737561307173226/000000.dcm,calc,test,1,MALIGNANT
P_01179,LEFT,MLO,calcification,MALIGNANT,Calc-Test_P_01179_LEFT_MLO/1.3.6.1.4.1.9590.100.1.2.117409641911191670311299685681843015449/1.3.6.1.4.1.9590.100.1.2.369963974813118538513738945310106726186/000000.dcm,calc,test,1,MALIGNANT
P_01211,LEFT,CC,calcification,BENIGN_WITHOUT_CALLBACK,Calc-Test_P_01211_LEFT_CC/1.3.6.1.4.1.9590.100.1.2.66181967013340895404159325772568431740/1.3.6.1.4.1.9590.100.1.2.190396557911044436017707772353927261390/000000.dcm,calc,test,0,BENIGN
P_01211,LEFT,MLO,calcification,BENIGN_WITHOUT_CALLBACK,Calc-Test_P_01211_LEFT_MLO/1.3.6.1.4.1.9590.100.1.2.387932147911452094042117328990188704127/1.3.6.1.4.1.9590.100.1.2.425189886712062876041103292782535532280/000000.dcm,calc,test,0,BENIGN
P_01211,RIGHT,CC,calcification,BENIGN_WITHOUT_CALLBACK,Calc-Test_P_01211_RIGHT_CC/1.3.6.1.4.1.9590.100.1.2.265830818011246806807297204511108785670/1.3.6.1.4.1.9590.100.1.2.20232052811861584242150823693777847703/000000.dcm,calc,test,0,BENIGN
P_01211,RIGHT,CC,calcification,BENIGN_WITHOUT_CALLBACK,Calc-Test_P_01211_RIGHT_CC/1.3.6.1.4.1.9590.100.1.2.265830818011246806807297204511108785670/1.3.6.1.4.1.9590.100.1.2.20232052811861584242150823693777847703/000000.dcm,calc,test,0,BENIGN
P_01211,RIGHT,MLO,calcification,BENIGN_WITHOUT_CALLBACK,Calc-Test_P_01211_RIGHT_MLO/1.3.6.1.4.1.9590.100.1.2.19615029112532335236872014090941285845/1.3.6.1.4.1.9590.100.1.2.392824033610403440541065069051448244461/000000.dcm,calc,test,0,BENIGN
P_01211,RIGHT,MLO,calcification,BENIGN_WITHOUT_CALLBACK,Calc-Test_P_01211_RIGHT_MLO/1.3.6.1.4.1.9590.100.1.2.19615029112532335236872014090941285845/1.3.6.1.4.1.9590.100.1.2.392824033610403440541065069051448244461/000000.dcm,calc,test,0,BENIGN
P_01217,RIGHT,CC,calcification,MALIGNANT,Calc-Test_P_01217_RIGHT_CC/1.3.6.1.4.1.9590.100.1.2.371788003111767788717650177562917819457/1.3.6.1.4.1.9590.100.1.2.189362349512179537916071128813181415730/000000.dcm,calc,test,1,MALIGNANT
P_01217,RIGHT,MLO,calcification,MALIGNANT,Calc-Test_P_01217_RIGHT_MLO/1.3.6.1.4.1.9590.100.1.2.157057397512724229604811726410167255365/1.3.6.1.4.1.9590.100.1.2.219949449712720240706146840690329946406/000000.dcm,calc,test,1,MALIGNANT
P_01224,RIGHT,CC,calcification,BENIGN_WITHOUT_CALLBACK,Calc-Test_P_01224_RIGHT_CC/1.3.6.1.4.1.9590.100.1.2.383809272110470216923816193381755419861/1.3.6.1.4.1.9590.100.1.2.161274345813031314602548578632137342413/000000.dcm,calc,test,0,BENIGN
P_01224,RIGHT,MLO,calcification,BENIGN_WITHOUT_CALLBACK,Calc-Test_P_01224_RIGHT_MLO/1.3.6.1.4.1.9590.100.1.2.310212108211307633919696941320933474705/1.3.6.1.4.1.9590.100.1.2.162807992113189193338359182401878804227/000000.dcm,calc,test,0,BENIGN
P_01237,LEFT,CC,calcification,BENIGN,Calc-Test_P_01237_LEFT_CC/1.3.6.1.4.1.9590.100.1.2.360123605111842713614845085642697175774/1.3.6.1.4.1.9590.100.1.2.276384945912680293626207776192734782335/000000.dcm,calc,test,0,BENIGN
P_01237,LEFT,MLO,calcification,BENIGN,Calc-Test_P_01237_LEFT_MLO/1.3.6.1.4.1.9590.100.1.2.168722919012391246839552651880851068011/1.3.6.1.4.1.9590.100.1.2.403091231110151440722163747081743871603/000000.dcm,calc,test,0,BENIGN
P_01253,RIGHT,CC,calcification,MALIGNANT,Calc-Test_P_01253_RIGHT_CC/1.3.6.1.4.1.9590.100.1.2.320733197811750281704492742862904033353/1.3.6.1.4.1.9590.100.1.2.123937719512916030240534490940177572702/000000.dcm,calc,test,1,MALIGNANT
P_01253,RIGHT,MLO,calcification,MALIGNANT,Calc-Test_P_01253_RIGHT_MLO/1.3.6.1.4.1.9590.100.1.2.113189077010289741423472789861172612294/1.3.6.1.4.1.9590.100.1.2.423171223211017868708713320071064237274/000000.dcm,calc,test,1,MALIGNANT
P_01272,LEFT,CC,calcification,BENIGN,Calc-Test_P_01272_LEFT_CC/1.3.6.1.4.1.9590.100.1.2.420818841311996822535426545930834918391/1.3.6.1.4.1.9590.100.1.2.367652626313050820436402654071233849762/000000.dcm,calc,test,0,BENIGN
P_01272,LEFT,CC,calcification,BENIGN,Calc-Test_P_01272_LEFT_CC/1.3.6.1.4.1.9590.100.1.2.420818841311996822535426545930834918391/1.3.6.1.4.1.9590.100.1.2.367652626313050820436402654071233849762/000000.dcm,calc,test,0,BENIGN
P_01272,LEFT,MLO,calcification,BENIGN,Calc-Test_P_01272_LEFT_MLO/1.3.6.1.4.1.9590.100.1.2.309703409411983532325536303361748760238/1.3.6.1.4.1.9590.100.1.2.158682188012072650235747027632697987981/000000.dcm,calc,test,0,BENIGN
P_01272,LEFT,MLO,calcification,BENIGN,Calc-Test_P_01272_LEFT_MLO/1.3.6.1.4.1.9590.100.1.2.309703409411983532325536303361748760238/1.3.6.1.4.1.9590.100.1.2.158682188012072650235747027632697987981/000000.dcm,calc,test,0,BENIGN
P_01303,LEFT,CC,calcification,MALIGNANT,Calc-Test_P_01303_LEFT_CC/1.3.6.1.4.1.9590.100.1.2.306102405211658991029553511914072866010/1.3.6.1.4.1.9590.100.1.2.195937596810551459935867582874238152345/000000.dcm,calc,test,1,MALIGNANT
P_01303,LEFT,MLO,calcification,MALIGNANT,Calc-Test_P_01303_LEFT_MLO/1.3.6.1.4.1.9590.100.1.2.172298998512963148103152628800884168701/1.3.6.1.4.1.9590.100.1.2.238378346612642268838720080793432141825/000000.dcm,calc,test,1,MALIGNANT
P_01308,LEFT,MLO,calcification,BENIGN,Calc-Test_P_01308_LEFT_MLO/1.3.6.1.4.1.9590.100.1.2.239475146911081526433704810742822256082/1.3.6.1.4.1.9590.100.1.2.113245695112438704910460181832053519696/000000.dcm,calc,test,0,BENIGN
P_01318,LEFT,MLO,calcification,BENIGN,Calc-Test_P_01318_LEFT_MLO/1.3.6.1.4.1.9590.100.1.2.106253288611983388820238849581077439133/1.3.6.1.4.1.9590.100.1.2.195114100511298010617405868932832986379/000000.dcm,calc,test,0,BENIGN
P_01320,LEFT,MLO,calcification,BENIGN,Calc-Test_P_01320_LEFT_MLO/1.3.6.1.4.1.9590.100.1.2.200691605612283203528664582822898305646/1.3.6.1.4.1.9590.100.1.2.388887071311431699504520511201431458186/000000.dcm,calc,test,0,BENIGN
P_01352,LEFT,CC,calcification,BENIGN_WITHOUT_CALLBACK,Calc-Test_P_01352_LEFT_CC/1.3.6.1.4.1.9590.100.1.2.363782903813968609800257243461311233698/1.3.6.1.4.1.9590.100.1.2.160952072712923540436691470670185493050/000000.dcm,calc,test,0,BENIGN
P_01352,LEFT,MLO,calcification,BENIGN_WITHOUT_CALLBACK,Calc-Test_P_01352_LEFT_MLO/1.3.6.1.4.1.9590.100.1.2.355746024613052556609648616310179874594/1.3.6.1.4.1.9590.100.1.2.308920428212455412824857417372465352701/000000.dcm,calc,test,0,BENIGN
P_01353,LEFT,CC,calcification,BENIGN,Calc-Test_P_01353_LEFT_CC/1.3.6.1.4.1.9590.100.1.2.252141795711440777128141044483886965176/1.3.6.1.4.1.9590.100.1.2.149942032311168769825288813301972692776/000000.dcm,calc,test,0,BENIGN
P_01353,LEFT,MLO,calcification,BENIGN,Calc-Test_P_01353_LEFT_MLO/1.3.6.1.4.1.9590.100.1.2.41092839611835000328440572733449124509/1.3.6.1.4.1.9590.100.1.2.149678841211254125432979826042647826817/000000.dcm,calc,test,0,BENIGN
P_01390,RIGHT,CC,calcification,MALIGNANT,Calc-Test_P_01390_RIGHT_CC/1.3.6.1.4.1.9590.100.1.2.375470901113491991412418077891524072392/1.3.6.1.4.1.9590.100.1.2.309169976611939668535642477072753478403/000000.dcm,calc,test,1,MALIGNANT
P_01390,RIGHT,CC,calcification,MALIGNANT,Calc-Test_P_01390_RIGHT_CC/1.3.6.1.4.1.9590.100.1.2.375470901113491991412418077891524072392/1.3.6.1.4.1.9590.100.1.2.309169976611939668535642477072753478403/000000.dcm,calc,test,1,MALIGNANT
P_01390,RIGHT,MLO,calcification,MALIGNANT,Calc-Test_P_01390_RIGHT_MLO/1.3.6.1.4.1.9590.100.1.2.389540983612852969732482689871448302094/1.3.6.1.4.1.9590.100.1.2.255187836210844252836072101621097580135/000000.dcm,calc,test,1,MALIGNANT
P_01390,RIGHT,MLO,calcification,MALIGNANT,Calc-Test_P_01390_RIGHT_MLO/1.3.6.1.4.1.9590.100.1.2.389540983612852969732482689871448302094/1.3.6.1.4.1.9590.100.1.2.255187836210844252836072101621097580135/000000.dcm,calc,test,1,MALIGNANT
P_01399,RIGHT,CC,calcification,BENIGN,Calc-Test_P_01399_RIGHT_CC/1.3.6.1.4.1.9590.100.1.2.372642110712356188908772712152810069535/1.3.6.1.4.1.9590.100.1.2.194993015913874932816965175272741424254/000000.dcm,calc,test,0,BENIGN
P_01399,RIGHT,MLO,calcification,BENIGN,Calc-Test_P_01399_RIGHT_MLO/1.3.6.1.4.1.9590.100.1.2.396654950910514906129622437162490162635/1.3.6.1.4.1.9590.100.1.2.189207631912803291707310698522964267237/000000.dcm,calc,test,0,BENIGN
P_01407,LEFT,CC,calcification,BENIGN_WITHOUT_CALLBACK,Calc-Test_P_01407_LEFT_CC/1.3.6.1.4.1.9590.100.1.2.45235993113340193009098144471238736196/1.3.6.1.4.1.9590.100.1.2.275183712813590985835400603071624650559/000000.dcm,calc,test,0,BENIGN
P_01407,LEFT,MLO,calcification,BENIGN_WITHOUT_CALLBACK,Calc-Test_P_01407_LEFT_MLO/1.3.6.1.4.1.9590.100.1.2.48698416911112013038894682980649259361/1.3.6.1.4.1.9590.100.1.2.383823654810981340700653887221557715225/000000.dcm,calc,test,0,BENIGN
P_01407,RIGHT,CC,calcification,BENIGN,Calc-Test_P_01407_RIGHT_CC/1.3.6.1.4.1.9590.100.1.2.170620964713371547005065765564182959078/1.3.6.1.4.1.9590.100.1.2.404204587312803863835447269730927739554/000000.dcm,calc,test,0,BENIGN
P_01407,RIGHT,MLO,calcification,BENIGN,Calc-Test_P_01407_RIGHT_MLO/1.3.6.1.4.1.9590.100.1.2.389476532213001007221401929220409430214/1.3.6.1.4.1.9590.100.1.2.189053724912516038924145908692467372854/000000.dcm,calc,test,0,BENIGN
P_01414,RIGHT,CC,calcification,BENIGN,Calc-Test_P_01414_RIGHT_CC/1.3.6.1.4.1.9590.100.1.2.6286474410626092236289494363188962051/1.3.6.1.4.1.9590.100.1.2.97643302712039521233823044200445393404/000000.dcm,calc,test,0,BENIGN
P_01414,RIGHT,MLO,calcification,BENIGN,Calc-Test_P_01414_RIGHT_MLO/1.3.6.1.4.1.9590.100.1.2.232171484113708547609742875363641351282/1.3.6.1.4.1.9590.100.1.2.244137585510501636128224306141918978720/000000.dcm,calc,test,0,BENIGN
P_01415,RIGHT,MLO,calcification,BENIGN,Calc-Test_P_01415_RIGHT_MLO/1.3.6.1.4.1.9590.100.1.2.62668892411028005213552526560602649236/1.3.6.1.4.1.9590.100.1.2.232840640011072882538139644630712373468/000000.dcm,calc,test,0,BENIGN
P_01419,LEFT,CC,calcification,MALIGNANT,Calc-Test_P_01419_LEFT_CC/1.3.6.1.4.1.9590.100.1.2.220452201510255183926091764493885381991/1.3.6.1.4.1.9590.100.1.2.53369310911532021538141815322001901553/000000.dcm,calc,test,1,MALIGNANT
P_01419,LEFT,MLO,calcification,MALIGNANT,Calc-Test_P_01419_LEFT_MLO/1.3.6.1.4.1.9590.100.1.2.229109074112050313235405347033400678961/1.3.6.1.4.1.9590.100.1.2.136687544312709719238508433274271277284/000000.dcm,calc,test,1,MALIGNANT
P_01425,LEFT,CC,calcification,MALIGNANT,Calc-Test_P_01425_LEFT_CC/1.3.6.1.4.1.9590.100.1.2.165601480611005416708930430723453261646/1.3.6.1.4.1.9590.100.1.2.327202378213120326229296954042180395555/000000.dcm,calc,test,1,MALIGNANT
P_01425,LEFT,MLO,calcification,MALIGNANT,Calc-Test_P_01425_LEFT_MLO/1.3.6.1.4.1.9590.100.1.2.165474704311136998913087850562316634867/1.3.6.1.4.1.9590.100.1.2.369540432612826466101906786833070837185/000000.dcm,calc,test,1,MALIGNANT
P_01460,LEFT,CC,calcification,BENIGN_WITHOUT_CALLBACK,Calc-Test_P_01460_LEFT_CC/1.3.6.1.4.1.9590.100.1.2.158183988311969251539709912722405930511/1.3.6.1.4.1.9590.100.1.2.421439520911306770440698932850316272531/000000.dcm,calc,test,0,BENIGN
P_01460,LEFT,MLO,calcification,BENIGN_WITHOUT_CALLBACK,Calc-Test_P_01460_LEFT_MLO/1.3.6.1.4.1.9590.100.1.2.411300494810978070339501290770173126473/1.3.6.1.4.1.9590.100.1.2.277622841912367501839316617461055820872/000000.dcm,calc,test,0,BENIGN
P_01460,LEFT,MLO,calcification,BENIGN_WITHOUT_CALLBACK,Calc-Test_P_01460_LEFT_MLO/1.3.6.1.4.1.9590.100.1.2.411300494810978070339501290770173126473/1.3.6.1.4.1.9590.100.1.2.277622841912367501839316617461055820872/000000.dcm,calc,test,0,BENIGN
P_01460,RIGHT,CC,calcification,BENIGN_WITHOUT_CALLBACK,Calc-Test_P_01460_RIGHT_CC/1.3.6.1.4.1.9590.100.1.2.394315235012364413012497909032765507639/1.3.6.1.4.1.9590.100.1.2.89271230010580301015144152951110163368/000000.dcm,calc,test,0,BENIGN
P_01460,RIGHT,MLO,calcification,BENIGN_WITHOUT_CALLBACK,Calc-Test_P_01460_RIGHT_MLO/1.3.6.1.4.1.9590.100.1.2.375228429911692824906860504582946504914/1.3.6.1.4.1.9590.100.1.2.32917702112965005134786228900297595522/000000.dcm,calc,test,0,BENIGN
P_01460,RIGHT,MLO,calcification,BENIGN_WITHOUT_CALLBACK,Calc-Test_P_01460_RIGHT_MLO/1.3.6.1.4.1.9590.100.1.2.375228429911692824906860504582946504914/1.3.6.1.4.1.9590.100.1.2.32917702112965005134786228900297595522/000000.dcm,calc,test,0,BENIGN
P_01465,LEFT,MLO,calcification,BENIGN,Calc-Test_P_01465_LEFT_MLO/1.3.6.1.4.1.9590.100.1.2.401305417112532463136524778792336325269/1.3.6.1.4.1.9590.100.1.2.231464391511494721022495443402894365725/000000.dcm,calc,test,0,BENIGN
P_01471,RIGHT,CC,calcification,MALIGNANT,Calc-Test_P_01471_RIGHT_CC/1.3.6.1.4.1.9590.100.1.2.199337237612831576421874387731361879084/1.3.6.1.4.1.9590.100.1.2.54258620812889531338798870374133469254/000000.dcm,calc,test,1,MALIGNANT
P_01471,RIGHT,MLO,calcification,MALIGNANT,Calc-Test_P_01471_RIGHT_MLO/1.3.6.1.4.1.9590.100.1.2.283394026912649316510568718622722915112/1.3.6.1.4.1.9590.100.1.2.167357131510910399505356233161938719844/000000.dcm,calc,test,1,MALIGNANT
P_01476,RIGHT,CC,calcification,BENIGN,Calc-Test_P_01476_RIGHT_CC/1.3.6.1.4.1.9590.100.1.2.73918103311982161710536899870297617240/1.3.6.1.4.1.9590.100.1.2.290457012012499402224521007673046382758/000000.dcm,calc,test,0,BENIGN
P_01476,RIGHT,MLO,calcification,BENIGN,Calc-Test_P_01476_RIGHT_MLO/1.3.6.1.4.1.9590.100.1.2.117871523412300598032182222142061208553/1.3.6.1.4.1.9590.100.1.2.227424867211387289616341177611523680294/000000.dcm,calc,test,0,BENIGN
P_01483,LEFT,CC,calcification,MALIGNANT,Calc-Test_P_01483_LEFT_CC/1.3.6.1.4.1.9590.100.1.2.47728098012612151717755885070890440354/1.3.6.1.4.1.9590.100.1.2.375708543111391722805334534842953948819/000000.dcm,calc,test,1,MALIGNANT
P_01483,LEFT,MLO,calcification,MALIGNANT,Calc-Test_P_01483_LEFT_MLO/1.3.6.1.4.1.9590.100.1.2.80853277311497237213842630900264834367/1.3.6.1.4.1.9590.100.1.2.384366491411067451405549562231570718846/000000.dcm,calc,test,1,MALIGNANT
P_01490,LEFT,CC,calcification,BENIGN,Calc-Test_P_01490_LEFT_CC/1.3.6.1.4.1.9590.100.1.2.10618104413316152003539145343635799541/1.3.6.1.4.1.9590.100.1.2.348937072812213424841819004603945936857/000000.dcm,calc,test,0,BENIGN
P_01490,LEFT,MLO,calcification,BENIGN,Calc-Test_P_01490_LEFT_MLO/1.3.6.1.4.1.9590.100.1.2.140976590212513775239727123542817634613/1.3.6.1.4.1.9590.100.1.2.47831419111818740112903755573238586561/000000.dcm,calc,test,0,BENIGN
P_01502,LEFT,CC,calcification,MALIGNANT,Calc-Test_P_01502_LEFT_CC/1.3.6.1.4.1.9590.100.1.2.29816393512564705940591133811510118856/1.3.6.1.4.1.9590.100.1.2.279673723011293716614174796062621445448/000000.dcm,calc,test,1,MALIGNANT
P_01502,LEFT,MLO,calcification,MALIGNANT,Calc-Test_P_01502_LEFT_MLO/1.3.6.1.4.1.9590.100.1.2.53222637712312053221688984720152991947/1.3.6.1.4.1.9590.100.1.2.405681835612332736612445636432635218057/000000.dcm,calc,test,1,MALIGNANT
P_01523,LEFT,MLO,calcification,BENIGN,Calc-Test_P_01523_LEFT_MLO/1.3.6.1.4.1.9590.100.1.2.188863259611458930907223066932483754016/1.3.6.1.4.1.9590.100.1.2.158403059012945602114600513492305861703/000000.dcm,calc,test,0,BENIGN
P_01534,LEFT,CC,calcification,MALIGNANT,Calc-Test_P_01534_LEFT_CC/1.3.6.1.4.1.9590.100.1.2.149262713112678696214614788210292440523/1.3.6.1.4.1.9590.100.1.2.168768908113283153907760093620901628238/000000.dcm,calc,test,1,MALIGNANT
P_01534,LEFT,MLO,calcification,MALIGNANT,Calc-Test_P_01534_LEFT_MLO/1.3.6.1.4.1.9590.100.1.2.312212829511507915511429398082675295472/1.3.6.1.4.1.9590.100.1.2.171409475611478222602707974992888863867/000000.dcm,calc,test,1,MALIGNANT
P_01535,LEFT,CC,calcification,BENIGN,Calc-Test_P_01535_LEFT_CC/1.3.6.1.4.1.9590.100.1.2.126181588411230067414911420430462619335/1.3.6.1.4.1.9590.100.1.2.406306640712417773200472142621979655000/000000.dcm,calc,test,0,BENIGN
P_01535,LEFT,MLO,calcification,BENIGN,Calc-Test_P_01535_LEFT_MLO/1.3.6.1.4.1.9590.100.1.2.376668742212277993617816969091939995547/1.3.6.1.4.1.9590.100.1.2.294952853511537098119387895571621083826/000000.dcm,calc,test,0,BENIGN
P_01536,RIGHT,CC,calcification,MALIGNANT,Calc-Test_P_01536_RIGHT_CC/1.3.6.1.4.1.9590.100.1.2.56212559112111353735572665893225000866/1.3.6.1.4.1.9590.100.1.2.79165353012414309502472705890215554740/000000.dcm,calc,test,1,MALIGNANT
P_01536,RIGHT,MLO,calcification,MALIGNANT,Calc-Test_P_01536_RIGHT_MLO/1.3.6.1.4.1.9590.100.1.2.129989474212585121136211936294268136878/1.3.6.1.4.1.9590.100.1.2.295490758411175424801442592530133617119/000000.dcm,calc,test,1,MALIGNANT
P_01538,RIGHT,MLO,calcification,MALIGNANT,Calc-Test_P_01538_RIGHT_MLO/1.3.6.1.4.1.9590.100.1.2.279087520312201509826135958212025417644/1.3.6.1.4.1.9590.100.1.2.315990654413683631831065578571106670633/000000.dcm,calc,test,1,MALIGNANT
P_01538,RIGHT,MLO,calcification,MALIGNANT,Calc-Test_P_01538_RIGHT_MLO/1.3.6.1.4.1.9590.100.1.2.279087520312201509826135958212025417644/1.3.6.1.4.1.9590.100.1.2.315990654413683631831065578571106670633/000000.dcm,calc,test,1,MALIGNANT
P_01547,LEFT,CC,calcification,BENIGN,Calc-Test_P_01547_LEFT_CC/1.3.6.1.4.1.9590.100.1.2.12463476110039806929669252302422132616/1.3.6.1.4.1.9590.100.1.2.363050203012691505606834108601723566113/000000.dcm,calc,test,0,BENIGN
P_01547,LEFT,MLO,calcification,BENIGN,Calc-Test_P_01547_LEFT_MLO/1.3.6.1.4.1.9590.100.1.2.51389853411459241002156727532581336894/1.3.6.1.4.1.9590.100.1.2.229013901811476548604341958812495919089/000000.dcm,calc,test,0,BENIGN
P_01562,LEFT,CC,calcification,BENIGN,Calc-Test_P_01562_LEFT_CC/1.3.6.1.4.1.9590.100.1.2.160700825011143448433269510551530912794/1.3.6.1.4.1.9590.100.1.2.372876695312636361642907557220690345049/000000.dcm,calc,test,0,BENIGN
P_01562,LEFT,MLO,calcification,BENIGN,Calc-Test_P_01562_LEFT_MLO/1.3.6.1.4.1.9590.100.1.2.95871781313602130625772540590805889693/1.3.6.1.4.1.9590.100.1.2.43403648313396026338770630771140875718/000000.dcm,calc,test,0,BENIGN
P_01602,RIGHT,CC,calcification,MALIGNANT,Calc-Test_P_01602_RIGHT_CC/1.3.6.1.4.1.9590.100.1.2.50384683210521363122709830583343100618/1.3.6.1.4.1.9590.100.1.2.51628737812130114138993448211289081234/000000.dcm,calc,test,1,MALIGNANT
P_01621,LEFT,CC,calcification,BENIGN,Calc-Test_P_01621_LEFT_CC/1.3.6.1.4.1.9590.100.1.2.150816186211257560121110291783711550228/1.3.6.1.4.1.9590.100.1.2.129453075811084771938278980161876810114/000000.dcm,calc,test,0,BENIGN
P_01621,LEFT,MLO,calcification,BENIGN,Calc-Test_P_01621_LEFT_MLO/1.3.6.1.4.1.9590.100.1.2.275794871811783524710836535640417251331/1.3.6.1.4.1.9590.100.1.2.222255370311488039329460872992264840859/000000.dcm,calc,test,0,BENIGN
P_01635,RIGHT,CC,calcification,MALIGNANT,Calc-Test_P_01635_RIGHT_CC/1.3.6.1.4.1.9590.100.1.2.355795432311110331740731022293224119234/1.3.6.1.4.1.9590.100.1.2.237414816711788622329494496482735726374/000000.dcm,calc,test,1,MALIGNANT
P_01635,RIGHT,MLO,calcification,MALIGNANT,Calc-Test_P_01635_RIGHT_MLO/1.3.6.1.4.1.9590.100.1.2.96364379012572314037979641780046241101/1.3.6.1.4.1.9590.100.1.2.300757196012126832136166440233841643531/000000.dcm,calc,test,1,MALIGNANT
P_01643,LEFT,CC,calcification,BENIGN,Calc-Test_P_01643_LEFT_CC/1.3.6.1.4.1.9590.100.1.2.348114031611032798341366225042914765776/1.3.6.1.4.1.9590.100.1.2.54696595011707725238625115130577259932/000000.dcm,calc,test,0,BENIGN
P_01643,LEFT,MLO,calcification,BENIGN,Calc-Test_P_01643_LEFT_MLO/1.3.6.1.4.1.9590.100.1.2.182366837111598032905542780214046510285/1.3.6.1.4.1.9590.100.1.2.6860571612629209739046762663550661960/000000.dcm,calc,test,0,BENIGN
P_01643,RIGHT,CC,calcification,BENIGN,Calc-Test_P_01643_RIGHT_CC/1.3.6.1.4.1.9590.100.1.2.99168033312078053241159899150399685206/1.3.6.1.4.1.9590.100.1.2.332606700412309481139543410323383796964/000000.dcm,calc,test,0,BENIGN
P_01643,RIGHT,MLO,calcification,BENIGN,Calc-Test_P_01643_RIGHT_MLO/1.3.6.1.4.1.9590.100.1.2.212760424113495449619475872271037064856/1.3.6.1.4.1.9590.100.1.2.68805569811200186830775538132892321888/000000.dcm,calc,test,0,BENIGN
P_01670,LEFT,CC,calcification,MALIGNANT,Calc-Test_P_01670_LEFT_CC/1.3.6.1.4.1.9590.100.1.2.111567103211075840408752597772043979224/1.3.6.1.4.1.9590.100.1.2.86045443713025653826957804903976346265/000000.dcm,calc,test,1,MALIGNANT
P_01670,LEFT,MLO,calcification,MALIGNANT,Calc-Test_P_01670_LEFT_MLO/1.3.6.1.4.1.9590.100.1.2.20521085310558555239018471772077443929/1.3.6.1.4.1.9590.100.1.2.305148450910151735503028266611652988241/000000.dcm,calc,test,1,MALIGNANT
P_01670,LEFT,MLO,calcification,MALIGNANT,Calc-Test_P_01670_LEFT_MLO/1.3.6.1.4.1.9590.100.1.2.20521085310558555239018471772077443929/1.3.6.1.4.1.9590.100.1.2.305148450910151735503028266611652988241/000000.dcm,calc,test,1,MALIGNANT
P_01670,LEFT,MLO,calcification,MALIGNANT,Calc-Test_P_01670_LEFT_MLO/1.3.6.1.4.1.9590.100.1.2.20521085310558555239018471772077443929/1.3.6.1.4.1.9590.100.1.2.305148450910151735503028266611652988241/000000.dcm,calc,test,1,MALIGNANT
P_01711,RIGHT,CC,calcification,BENIGN,Calc-Test_P_01711_RIGHT_CC/1.3.6.1.4.1.9590.100.1.2.58822551012230390237100346042759933624/1.3.6.1.4.1.9590.100.1.2.198664786512996551023962430914065511350/000000.dcm,calc,test,0,BENIGN
P_01711,RIGHT,MLO,calcification,BENIGN,Calc-Test_P_01711_RIGHT_MLO/1.3.6.1.4.1.9590.100.1.2.132998091013354938342616201424292498322/1.3.6.1.4.1.9590.100.1.2.287974909212490258036438793240909492662/000000.dcm,calc,test,0,BENIGN
P_01713,RIGHT,MLO,calcification,BENIGN,Calc-Test_P_01713_RIGHT_MLO/1.3.6.1.4.1.9590.100.1.2.41336769112330922837381656732175111404/1.3.6.1.4.1.9590.100.1.2.202832606612820515108662227531431470372/000000.dcm,calc,test,0,BENIGN
P_01728,LEFT,CC,calcification,BENIGN,Calc-Test_P_01728_LEFT_CC/1.3.6.1.4.1.9590.100.1.2.197943105011701027304226287601843378434/1.3.6.1.4.1.9590.100.1.2.367967310113197528811231162131454857946/000000.dcm,calc,test,0,BENIGN
P_01743,RIGHT,CC,calcification,MALIGNANT,Calc-Test_P_01743_RIGHT_CC/1.3.6.1.4.1.9590.100.1.2.33342573812199165013494135151733078699/1.3.6.1.4.1.9590.100.1.2.37996218812952496232271023420575162009/000000.dcm,calc,test,1,MALIGNANT
P_01743,RIGHT,MLO,calcification,MALIGNANT,Calc-Test_P_01743_RIGHT_MLO/1.3.6.1.4.1.9590.100.1.2.378305337010236553328812458443356315483/1.3.6.1.4.1.9590.100.1.2.57829969412909494223644975563841998404/000000.dcm,calc,test,1,MALIGNANT
P_01752,LEFT,CC,calcification,BENIGN,Calc-Test_P_01752_LEFT_CC/1.3.6.1.4.1.9590.100.1.2.287085376410649671803161621773223003857/1.3.6.1.4.1.9590.100.1.2.246605126713505032501097061560585068250/000000.dcm,calc,test,0,BENIGN
P_01752,LEFT,MLO,calcification,BENIGN,Calc-Test_P_01752_LEFT_MLO/1.3.6.1.4.1.9590.100.1.2.208209975113954508606562523332340482353/1.3.6.1.4.1.9590.100.1.2.329610336812922592604457327531421142665/000000.dcm,calc,test,0,BENIGN
P_01773,RIGHT,CC,calcification,BENIGN,Calc-Test_P_01773_RIGHT_CC/1.3.6.1.4.1.9590.100.1.2.391513966013034424339408503123867513458/1.3.6.1.4.1.9590.100.1.2.227046036411673939941826308392238305676/000000.dcm,calc,test,0,BENIGN
P_01773,RIGHT,MLO,calcification,BENIGN,Calc-Test_P_01773_RIGHT_MLO/1.3.6.1.4.1.9590.100.1.2.188219915111911529939835813391200717146/1.3.6.1.4.1.9590.100.1.2.335175773911600146626843872184048621146/000000.dcm,calc,test,0,BENIGN
P_01803,RIGHT,CC,calcification,MALIGNANT,Calc-Test_P_01803_RIGHT_CC/1.3.6.1.4.1.9590.100.1.2.185453759812668441116296055263998733301/1.3.6.1.4.1.9590.100.1.2.309841754112053914728047678783894420017/000000.dcm,calc,test,1,MALIGNANT
P_01803,RIGHT,MLO,calcification,MALIGNANT,Calc-Test_P_01803_RIGHT_MLO/1.3.6.1.4.1.9590.100.1.2.365647096712596553530816992331578864982/1.3.6.1.4.1.9590.100.1.2.369940906511955606239779324210534388146/000000.dcm,calc,test,1,MALIGNANT
P_01820,LEFT,MLO,calcification,BENIGN,Calc-Test_P_01820_LEFT_MLO/1.3.6.1.4.1.9590.100.1.2.89449810712379339308868476530708903503/1.3.6.1.4.1.9590.100.1.2.101088347411683211841739390870264222457/000000.dcm,calc,test,0,BENIGN
P_01834,LEFT,MLO,calcification,MALIGNANT,Calc-Test_P_01834_LEFT_MLO/1.3.6.1.4.1.9590.100.1.2.390862632011886945105586592060663969064/1.3.6.1.4.1.9590.100.1.2.385631660411819173922807233342906796237/000000.dcm,calc,test,1,MALIGNANT
P_01842,LEFT,MLO,calcification,MALIGNANT,Calc-Test_P_01842_LEFT_MLO/1.3.6.1.4.1.9590.100.1.2.423070953911484897634051652081558148313/1.3.6.1.4.1.9590.100.1.2.27676498711985452421222772820446089561/000000.dcm,calc,test,1,MALIGNANT
P_01845,RIGHT,CC,calcification,BENIGN,Calc-Test_P_01845_RIGHT_CC/1.3.6.1.4.1.9590.100.1.2.33738713811858436016999284533372535797/1.3.6.1.4.1.9590.100.1.2.299170662711792945709435291453358452246/000000.dcm,calc,test,0,BENIGN
P_01845,RIGHT,CC,calcification,BENIGN,Calc-Test_P_01845_RIGHT_CC/1.3.6.1.4.1.9590.100.1.2.33738713811858436016999284533372535797/1.3.6.1.4.1.9590.100.1.2.299170662711792945709435291453358452246/000000.dcm,calc,test,0,BENIGN
P_01845,RIGHT,MLO,calcification,BENIGN,Calc-Test_P_01845_RIGHT_MLO/1.3.6.1.4.1.9590.100.1.2.306411558112771477122332947631125865619/1.3.6.1.4.1.9590.100.1.2.133538142112165735121542229871081882567/000000.dcm,calc,test,0,BENIGN
P_01845,RIGHT,MLO,calcification,BENIGN,Calc-Test_P_01845_RIGHT_MLO/1.3.6.1.4.1.9590.100.1.2.306411558112771477122332947631125865619/1.3.6.1.4.1.9590.100.1.2.133538142112165735121542229871081882567/000000.dcm,calc,test,0,BENIGN
P_01861,LEFT,CC,calcification,MALIGNANT,Calc-Test_P_01861_LEFT_CC/1.3.6.1.4.1.9590.100.1.2.112919953711777373237798570532670492943/1.3.6.1.4.1.9590.100.1.2.330841525510722510635988215471026679522/000000.dcm,calc,test,1,MALIGNANT
P_01861,LEFT,MLO,calcification,MALIGNANT,Calc-Test_P_01861_LEFT_MLO/1.3.6.1.4.1.9590.100.1.2.321185829110319990414567980860109862829/1.3.6.1.4.1.9590.100.1.2.285383568212365522814082372053791696519/000000.dcm,calc,test,1,MALIGNANT
P_01867,LEFT,CC,calcification,BENIGN_WITHOUT_CALLBACK,Calc-Test_P_01867_LEFT_CC/1.3.6.1.4.1.9590.100.1.2.281995509911268616135781403152057785893/1.3.6.1.4.1.9590.100.1.2.353075360012805185539926762392393204597/000000.dcm,calc,test,0,BENIGN
P_01867,LEFT,CC,calcification,BENIGN_WITHOUT_CALLBACK,Calc-Test_P_01867_LEFT_CC/1.3.6.1.4.1.9590.100.1.2.281995509911268616135781403152057785893/1.3.6.1.4.1.9590.100.1.2.353075360012805185539926762392393204597/000000.dcm,calc,test,0,BENIGN
P_01867,LEFT,MLO,calcification,BENIGN_WITHOUT_CALLBACK,Calc-Test_P_01867_LEFT_MLO/1.3.6.1.4.1.9590.100.1.2.85658352611473824117286353031482367864/1.3.6.1.4.1.9590.100.1.2.357605884411852871634858571834022548369/000000.dcm,calc,test,0,BENIGN
P_01867,LEFT,MLO,calcification,BENIGN_WITHOUT_CALLBACK,Calc-Test_P_01867_LEFT_MLO/1.3.6.1.4.1.9590.100.1.2.85658352611473824117286353031482367864/1.3.6.1.4.1.9590.100.1.2.357605884411852871634858571834022548369/000000.dcm,calc,test,0,BENIGN
P_01868,LEFT,CC,calcification,BENIGN,Calc-Test_P_01868_LEFT_CC/1.3.6.1.4.1.9590.100.1.2.5854440213413021224535087511436274184/1.3.6.1.4.1.9590.100.1.2.182408656611731386116885853554288106899/000000.dcm,calc,test,0,BENIGN
P_01868,LEFT,MLO,calcification,BENIGN,Calc-Test_P_01868_LEFT_MLO/1.3.6.1.4.1.9590.100.1.2.285071896411938967521190626881039599030/1.3.6.1.4.1.9590.100.1.2.311563664711576149039517777091583294866/000000.dcm,calc,test,0,BENIGN
P_01872,LEFT,CC,calcification,BENIGN,Calc-Test_P_01872_LEFT_CC/1.3.6.1.4.1.9590.100.1.2.148875943512720797238666909444228476967/1.3.6.1.4.1.9590.100.1.2.356932413113246553906578802283751764058/000000.dcm,calc,test,0,BENIGN
P_01872,LEFT,MLO,calcification,BENIGN,Calc-Test_P_01872_LEFT_MLO/1.3.6.1.4.1.9590.100.1.2.266099821313978186609506976270628671581/1.3.6.1.4.1.9590.100.1.2.219332692312218512833665983043515282248/000000.dcm,calc,test,0,BENIGN
P_01882,LEFT,CC,calcification,BENIGN,Calc-Test_P_01882_LEFT_CC/1.3.6.1.4.1.9590.100.1.2.158590103411535880431659260641323689092/1.3.6.1.4.1.9590.100.1.2.189243760311354954923352603332767257792/000000.dcm,calc,test,0,BENIGN
P_01882,LEFT,MLO,calcification,BENIGN,Calc-Test_P_01882_LEFT_MLO/1.3.6.1.4.1.9590.100.1.2.312508871312719530509225343180194908343/1.3.6.1.4.1.9590.100.1.2.181949868813036386724033284203165422894/000000.dcm,calc,test,0,BENIGN
P_01883,RIGHT,CC,calcification,MALIGNANT,Calc-Test_P_01883_RIGHT_CC/1.3.6.1.4.1.9590.100.1.2.379658887211929299437879848120058135907/1.3.6.1.4.1.9590.100.1.2.193480584913356968813639791451726556909/000000.dcm,calc,test,1,MALIGNANT
P_01883,RIGHT,MLO,calcification,MALIGNANT,Calc-Test_P_01883_RIGHT_MLO/1.3.6.1.4.1.9590.100.1.2.184720050612560108140503578963836560785/1.3.6.1.4.1.9590.100.1.2.404560614811231069514945071650506227434/000000.dcm,calc,test,1,MALIGNANT
P_02102,LEFT,CC,calcification,MALIGNANT,Calc-Test_P_02102_LEFT_CC/1.3.6.1.4.1.9590.100.1.2.65636993111062400619681442923893225101/1.3.6.1.4.1.9590.100.1.2.129584955013303352822322938041144963536/000000.dcm,calc,test,1,MALIGNANT
P_02102,LEFT,MLO,calcification,MALIGNANT,Calc-Test_P_02102_LEFT_MLO/1.3.6.1.4.1.9590.100.1.2.327220672011972710337000375474225069428/1.3.6.1.4.1.9590.100.1.2.419383237211179701336138466903895317733/000000.dcm,calc,test,1,MALIGNANT
P_02139,LEFT,CC,calcification,MALIGNANT,Calc-Test_P_02139_LEFT_CC/1.3.6.1.4.1.9590.100.1.2.327945945211984625935782933852233075993/1.3.6.1.4.1.9590.100.1.2.404595411712418795111777750044183923784/000000.dcm,calc,test,1,MALIGNANT
P_02139,LEFT,MLO,calcification,MALIGNANT,Calc-Test_P_02139_LEFT_MLO/1.3.6.1.4.1.9590.100.1.2.7739131212968533126471290110579877983/1.3.6.1.4.1.9590.100.1.2.267037777510927206408440480351366054435/000000.dcm,calc,test,1,MALIGNANT
P_02153,RIGHT,CC,calcification,BENIGN,Calc-Test_P_02153_RIGHT_CC/1.3.6.1.4.1.9590.100.1.2.382048488912622118040210812494015732398/1.3.6.1.4.1.9590.100.1.2.220148131710644925328282700082566799231/000000.dcm,calc,test,0,BENIGN
P_02153,RIGHT,MLO,calcification,BENIGN,Calc-Test_P_02153_RIGHT_MLO/1.3.6.1.4.1.9590.100.1.2.261937969412080566713189946172564256965/1.3.6.1.4.1.9590.100.1.2.362749348011703146040770935232709266621/000000.dcm,calc,test,0,BENIGN
P_02159,LEFT,CC,calcification,BENIGN,Calc-Test_P_02159_LEFT_CC/1.3.6.1.4.1.9590.100.1.2.271371897313636818938090730571501840224/1.3.6.1.4.1.9590.100.1.2.426037910011315061210192920910593361853/000000.dcm,calc,test,0,BENIGN
P_02159,LEFT,MLO,calcification,BENIGN,Calc-Test_P_02159_LEFT_MLO/1.3.6.1.4.1.9590.100.1.2.193030118812363238217969153541761166439/1.3.6.1.4.1.9590.100.1.2.228053219311759312114049662981727809230/000000.dcm,calc,test,0,BENIGN
P_02176,RIGHT,CC,calcification,MALIGNANT,Calc-Test_P_02176_RIGHT_CC/1.3.6.1.4.1.9590.100.1.2.243884514711601317134704208764146384704/1.3.6.1.4.1.9590.100.1.2.391857569811280995719106144353021927152/000000.dcm,calc,test,1,MALIGNANT
P_02176,RIGHT,MLO,calcification,MALIGNANT,Calc-Test_P_02176_RIGHT_MLO/1.3.6.1.4.1.9590.100.1.2.86408216613764199342098927640192033174/1.3.6.1.4.1.9590.100.1.2.69322895211081570509392375383600982696/000000.dcm,calc,test,1,MALIGNANT
P_02198,LEFT,CC,calcification,MALIGNANT,Calc-Test_P_02198_LEFT_CC/1.3.6.1.4.1.9590.100.1.2.199694794911179875408057598732290010697/1.3.6.1.4.1.9590.100.1.2.320275959912905993339150347822421226046/000000.dcm,calc,test,1,MALIGNANT
P_02198,LEFT,MLO,calcification,MALIGNANT,Calc-Test_P_02198_LEFT_MLO/1.3.6.1.4.1.9590.100.1.2.206008491011858946242013341711680779614/1.3.6.1.4.1.9590.100.1.2.177198269311123412136921043604099760083/000000.dcm,calc,test,1,MALIGNANT
P_02275,LEFT,CC,calcification,MALIGNANT,Calc-Test_P_02275_LEFT_CC/1.3.6.1.4.1.9590.100.1.2.410279772710156014520762298153616685434/1.3.6.1.4.1.9590.100.1.2.326195437211589328223065173782368630135/000000.dcm,calc,test,1,MALIGNANT
P_02275,LEFT,MLO,calcification,MALIGNANT,Calc-Test_P_02275_LEFT_MLO/1.3.6.1.4.1.9590.100.1.2.333954196013353416811191709442669593951/1.3.6.1.4.1.9590.100.1.2.211245852411553375218922095460645818053/000000.dcm,calc,test,1,MALIGNANT
P_02418,RIGHT,CC,calcification,MALIGNANT,Calc-Test_P_02418_RIGHT_CC/1.3.6.1.4.1.9590.100.1.2.76916921911794581235736444750328924320/1.3.6.1.4.1.9590.100.1.2.266988155012470014321419698403596490676/000000.dcm,calc,test,1,MALIGNANT
P_02418,RIGHT,MLO,calcification,MALIGNANT,Calc-Test_P_02418_RIGHT_MLO/1.3.6.1.4.1.9590.100.1.2.378112702011595265700078562903572373512/1.3.6.1.4.1.9590.100.1.2.70338313312400398235888974672070546441/000000.dcm,calc,test,1,MALIGNANT
P_02420,RIGHT,CC,calcification,MALIGNANT,Calc-Test_P_02420_RIGHT_CC/1.3.6.1.4.1.9590.100.1.2.113279660311240118827528275210420300461/1.3.6.1.4.1.9590.100.1.2.267631872912076578535071006022240033258/000000.dcm,calc,test,1,MALIGNANT
P_02420,RIGHT,MLO,calcification,MALIGNANT,Calc-Test_P_02420_RIGHT_MLO/1.3.6.1.4.1.9590.100.1.2.4811363711268416027726795723158159993/1.3.6.1.4.1.9590.100.1.2.171130805912113865022755513943080674175/000000.dcm,calc,test,1,MALIGNANT
P_02432,LEFT,CC,calcification,MALIGNANT,Calc-Test_P_02432_LEFT_CC/1.3.6.1.4.1.9590.100.1.2.59163253713801881528476054322575860369/1.3.6.1.4.1.9590.100.1.2.12782344611412614902728154934267614531/000000.dcm,calc,test,1,MALIGNANT
P_02432,LEFT,MLO,calcification,MALIGNANT,Calc-Test_P_02432_LEFT_MLO/1.3.6.1.4.1.9590.100.1.2.419750915311226469715052939523947531617/1.3.6.1.4.1.9590.100.1.2.284356402310994259807358560450776787529/000000.dcm,calc,test,1,MALIGNANT
P_02464,RIGHT,CC,calcification,MALIGNANT,Calc-Test_P_02464_RIGHT_CC/1.3.6.1.4.1.9590.100.1.2.94089948311446449103512585380979944314/1.3.6.1.4.1.9590.100.1.2.165100488610511635540300174462059270301/000000.dcm,calc,test,1,MALIGNANT
P_02464,RIGHT,MLO,calcification,MALIGNANT,Calc-Test_P_02464_RIGHT_MLO/1.3.6.1.4.1.9590.100.1.2.132696601911685338902047456293081571424/1.3.6.1.4.1.9590.100.1.2.242128209412592948513553404181811609109/000000.dcm,calc,test,1,MALIGNANT
P_02498,RIGHT,CC,calcification,BENIGN,Calc-Test_P_02498_RIGHT_CC/1.3.6.1.4.1.9590.100.1.2.417835510412813100540258369543329588354/1.3.6.1.4.1.9590.100.1.2.277098686410919869923109787224014941668/000000.dcm,calc,test,0,BENIGN
P_02498,RIGHT,MLO,calcification,BENIGN,Calc-Test_P_02498_RIGHT_MLO/1.3.6.1.4.1.9590.100.1.2.234958198411349241611436512031457473289/1.3.6.1.4.1.9590.100.1.2.25895118011399481537937532611545582815/000000.dcm,calc,test,0,BENIGN
P_02501,RIGHT,CC,calcification,MALIGNANT,Calc-Test_P_02501_RIGHT_CC/1.3.6.1.4.1.9590.100.1.2.328020289613106819513135770962425660345/1.3.6.1.4.1.9590.100.1.2.232308535910657861814985637132814817912/000000.dcm,calc,test,1,MALIGNANT
P_02501,RIGHT,MLO,calcification,MALIGNANT,Calc-Test_P_02501_RIGHT_MLO/1.3.6.1.4.1.9590.100.1.2.353727029012871868507361082141118693714/1.3.6.1.4.1.9590.100.1.2.220517698812723136111000091231924310689/000000.dcm,calc,test,1,MALIGNANT
